{
   "format_version":"1.16.100",
   "minecraft:attachable":{
      "description":{
         "identifier":"true:baretta_92fs_magazine_empty",
         "materials":{
            "default":"entity_alphatest"
         },
         "textures":{
            "default":"textures/entity/gun_ammo/baretta_92fs_magazine_empty.png"
         },
         "geometry":{
            "default":"geometry.baretta_92fs_magazine"
         },
         "render_controllers":[
            "controller.render.default"
         ],
         "animations":{
            "first_person_main_hand":"animation.baretta_92fs_magazine.first_person_main_hand",
            "first_person_sneaking_main_hand":"animation.baretta_92fs_magazine.first_person_sneaking_main_hand",
            "third_person_main_hand":"animation.baretta_92fs_magazine.third_person_main_hand",
            "first_person_off_hand":"animation.baretta_92fs_magazine.first_person_off_hand",
            "first_person_sneaking_off_hand":"animation.baretta_92fs_magazine.first_person_sneaking_off_hand",
            "third_person_off_hand":"animation.baretta_92fs_magazine.third_person_off_hand"
         },
         "scripts":{
            "pre_animation":[
               "v.main_hand = c.item_slot == 'main_hand';",
               "v.off_hand = c.item_slot == 'off_hand';"
            ],
            "animate":[
               {
                  "first_person_main_hand":"(v.main_hand && c.is_first_person) && !query.is_sneaking"
               },
               {
                  "first_person_sneaking_main_hand":"(v.main_hand && c.is_first_person) && query.is_sneaking"
               },
               {
                  "third_person_main_hand":"v.main_hand && !c.is_first_person"
               },
               {
                  "first_person_off_hand":"(v.off_hand && c.is_first_person) && !query.is_sneaking"
               },
               {
                  "first_person_sneaking_off_hand":"(v.off_hand && c.is_first_person) && query.is_sneaking"
               },
               {
                  "third_person_off_hand":"v.off_hand && !c.is_first_person"
               }
            ]
         }
      }
   }
}