{
   "format_version":"1.10.0",
   "minecraft:client_entity":{
      "description":{
         "identifier":"true:true_generic_zombie_crawler",
         "materials":{
            "default":"entity_emissive_alpha"
         },
         "textures":{
            "default":"textures/entity/zombies/generic_zombies/zombie_1",
            "two":"textures/entity/zombies/generic_zombies/zombie_2",
            "three":"textures/entity/zombies/generic_zombies/zombie_3",
            "four":"textures/entity/zombies/generic_zombies/zombie_4",
            "five":"textures/entity/zombies/generic_zombies/zombie_5",
            "six":"textures/entity/zombies/generic_zombies/zombie_6",
            "seven":"textures/entity/zombies/generic_zombies/zombie_7",
            "eight":"textures/entity/zombies/generic_zombies/zombie_8",
            "nine":"textures/entity/zombies/generic_zombies/zombie_9"
         },
         "geometry":{
            "default":"geometry.true_zombie_crawler"
         },
         "animations":{
            "look_at_target":"animation.common.look_at_target",
            "stand":"animation.true_zombie_crawler.stand",
            "walk":"animation.true_zombie_crawler.walk",
            "attack":"animation.true_zombie_crawler.attack",
            "generic_zombie_controller":"controller.animation.generic_zombie"
         },
         "scripts":{
            "animate":[
               "generic_zombie_controller"
            ]
         },
         "spawn_egg":{
            "texture":"true_zombie"
         },
         "render_controllers":[
            "controller.render.generic_zombie"
         ]
      }
   }
}