{
   "format_version":"1.10.0",
   "minecraft:client_entity":{
      "description":{
         "identifier":"true:true_generic_zombie_corpse",
         "materials":{
            "default":"entity_emissive_alpha"
         },
         "textures":{
            "default":"textures/entity/zombies/generic_zombies/zombie_1",
            "two":"textures/entity/zombies/generic_zombies/zombie_2",
            "three":"textures/entity/zombies/generic_zombies/zombie_3",
            "four":"textures/entity/zombies/generic_zombies/zombie_4",
            "five":"textures/entity/zombies/generic_zombies/zombie_5",
            "six":"textures/entity/zombies/generic_zombies/zombie_6",
            "seven":"textures/entity/zombies/generic_zombies/zombie_7",
            "eight":"textures/entity/zombies/generic_zombies/zombie_8",
            "nine":"textures/entity/zombies/generic_zombies/zombie_9",
            "default_rotting":"textures/entity/zombies/generic_zombies/zombie_1_corpse",
            "two_rotting":"textures/entity/zombies/generic_zombies/zombie_2_corpse",
            "three_rotting":"textures/entity/zombies/generic_zombies/zombie_3_corpse",
            "four_rotting":"textures/entity/zombies/generic_zombies/zombie_4_corpse",
            "five_rotting":"textures/entity/zombies/generic_zombies/zombie_5_corpse",
            "six_rotting":"textures/entity/zombies/generic_zombies/zombie_6_corpse",
            "seven_rotting":"textures/entity/zombies/generic_zombies/zombie_7_corpse",
            "eight_rotting":"textures/entity/zombies/generic_zombies/zombie_8_corpse",
            "nine_rotting":"textures/entity/zombies/generic_zombies/zombie_9_corpse",
            "skeleton":"textures/entity/zombies/generic_zombies/skeleton"
         },
         "geometry":{
            "default":"geometry.true_zombie"
         },
         "animations":{
            "stand":"animation.true_zombie_corpse.stand",
            "dead_zombie_controller":"controller.animation.dead_zombie"
         },
         "scripts":{
            "animate":[
               "dead_zombie_controller"
            ]
         },
         "render_controllers":[
            "controller.render.generic_zombie_corpse"
         ]
      }
   }
}