{
   "format_version":"1.10.0",
   "minecraft:client_entity":{
      "description":{
         "identifier":"true:rat",
         "materials":{
            "default":"entity_emissive_alpha"
         },
         "textures":{
            "default":"textures/entity/animals/rat"
         },
         "geometry":{
            "default":"geometry.rat"
         },
         "animations":{
            "look_at_target":"animation.common.look_at_target",
            "walk":"animation.rat.walk",
            "true_zombie_controller":"controller.animation.true_zombie"
         },
         "scripts":{
            "animate":[
               "true_zombie_controller"
            ]
         },
         "spawn_egg":{
            "texture":"true_npc"
         },
         "render_controllers":[
            "controller.render.true_zombie"
         ],
         "enable_attachables":true
      }
   }
}