{
   "format_version":"1.10.0",
   "minecraft:client_entity":{
      "description":{
         "identifier":"true:sentry_gun",
         "materials":{
            "default":"entity_emissive_alpha"
         },
         "textures":{
            "default":"textures/entity/sentry_gun/sentry_gun"
         },
         "geometry":{
            "default":"geometry.sentry_gun"
         },
         "render_controllers":[
            "controller.render.true_zombie"
         ],
         "spawn_egg":{
            "texture":"sentry_gun"
         }
      }
   }
}