{
  "format_version": "1.10.0",
  "minecraft:attachable": {
    "description": {
      "identifier": "true:tactical_body_armour.player",
      "item": {
        "true:tactical_body_armour": "query.owner_identifier == 'minecraft:player'"
      },
      "materials": {
        "default": "armor_enchanted",
        "enchanted": "armor_enchanted"
      },
      "textures": {
        "default": "textures/models/armor/tactical_body_armour",
        "enchanted": "textures/misc/body_glint"
      },
      "geometry": {
        "default": "geometry.player.armor.chestplate"
      },
      "scripts": {
        "parent_setup": "variable.boot_layer_visible = 0.0;"
      },
      "render_controllers": [
        "controller.render.armor"
      ]
    }
  }
}