{
  "format_version": "1.8.0",
  "minecraft:attachable": {
    "description": {
      "identifier": "true:tactical_body_armour",
      "materials": {
        "default": "armor_enchanted",
        "enchanted": "armor_enchanted"
      },
      "textures": {
        "default": "textures/models/armor/tactical_body_armour",
        "enchanted": "textures/misc/body_glint"
      },
      "geometry": {
        "default": "geometry.humanoid.armor.chestplate"
      },
      "scripts": {
        "parent_setup": "variable.chest_layer_visible = 0.0;"
      },
      "render_controllers": [
        "controller.render.armor"
      ]
    }
  }
}