{
	"format_version": "1.8.0",
	"animations": {
		"animation.baretta_92fs.first_person_main_hand": {
			"loop": true,
			"bones": {
				"baretta_92fs": {
					"rotation": [-98, -120, -45],
					"position": [2, 24, 0],
					"scale": 0.35
				}
			}
		},
		"animation.baretta_92fs.first_person_sneaking_main_hand": {
			"loop": true,
			"bones": {
				"baretta_92fs": {
					"rotation": [-98, -120, -45],
					"position": [2, 24, 0],
					"scale": 0.35
				}
			}
		},
		"animation.baretta_92fs.third_person_main_hand": {
			"loop": true,
			"bones": {
				"baretta_92fs": {
					"rotation": [-90, 180, 0],
					"position": [0, 20, -1],
					"scale": 0.2
				},
				"Trigger": {
					"position": [0, 0, 0]
				}
			}
		}
	}
}