{
	"format_version": "1.8.0",
	"animations": {
		"animation.glock19.first_person_main_hand": {
			"loop": true,
			"bones": {
				"glock19": {
					"rotation": [-98, -120, -45],
					"position": [2, 24, 0],
					"scale": 0.35
				}
			}
		},
		"animation.glock19.first_person_sneaking_main_hand": {
			"loop": true,
			"bones": {
				"glock19": {
					"rotation": [-98, -120, -45],
					"position": [2, 24, 0],
					"scale": 0.35
				}
			}
		},
		"animation.glock19.third_person_main_hand": {
			"loop": true,
			"bones": {
				"glock19": {
					"rotation": [-90, 180, 0],
					"position": [0, 20, -1],
					"scale": 0.2
				}
			}
		}
	}
}