{
   "format_version":"1.8.0",
   "animations":{
      "animation.grenade.first_person_main_hand":{
         "loop":true,
         "bones":{
            "grenade":{
               "position":[
                  0,
                  27,
                  0
               ],
               "rotation":[
                  150,
                  0,
                  0
               ],
               "scale":1.5
            }
         }
      },
      "animation.grenade.first_person_sneaking_main_hand":{
         "loop":true,
         "bones":{
            "grenade":{
               "position":[
                  0,
                  27,
                  0
               ],
               "rotation":[
                  150,
                  0,
                  0
               ],
               "scale":1.5
            }
         }
      },
      "animation.grenade.third_person_main_hand":{
         "loop":true,
         "bones":{
            "grenade":{
               "position":[
                  0,
                  21,
                  -2
               ],
               "rotation":[
                  90,
                  0,
                  0
               ],
               "scale":1
            }
         }
      }
   }
}