{
   "format_version":"1.8.0",
   "animations":{
      "animation.smoke_grenade.first_person_main_hand":{
         "loop":true,
         "bones":{
            "smoke_grenade":{
               "position":[
                  0,
                  20,
                  0
               ],
               "rotation":[
                  150,
                  0,
                  0
               ],
               "scale":1.5
            }
         }
      },
      "animation.smoke_grenade.first_person_sneaking_main_hand":{
         "loop":true,
         "bones":{
            "smoke_grenade":{
               "position":[
                  0,
                  22,
                  0
               ],
               "rotation":[
                  150,
                  0,
                  0
               ],
               "scale":1.5
            }
         }
      },
      "animation.smoke_grenade.third_person_main_hand":{
         "loop":true,
         "bones":{
            "smoke_grenade":{
               "position":[
                  0,
                  15,
                  -5
               ],
               "rotation":[
                  90,
                  0,
                  0
               ],
               "scale":1
            }
         }
      }
   }
}