{
	"format_version": "1.8.0",
	"animations": {
		"animation.rapier.stance_0": {
			"loop": true,
			"override_previous_animation": true,
			"bones": {
				"rightArm": {
					"rotation": [-40.16652, 13.2436, 2.36016]
				},
				"lowerrarm": {
					"rotation": [-47.5, 0, 0]
				},
				"rightitem": {
					"rotation": [-7.5, 0, 0]
				},
				"waist": {
					"rotation": [0, -15, 0]
				},
				"trail": {
					"scale": 0
				},
				"trail_pierce": {
					"scale": 0
				}
			}
		},
		"animation.rapier.trail_blazer": {
			"loop": true,
			"override_previous_animation": true,
			"bones": {
				"trail": {
					"scale": 0
				},
				"trail_pierce": {
					"scale": 0
				}
			}
		},
		"animation.rapier.attack_stance0_0": {
			"loop": "hold_on_last_frame",
			"animation_length": 0.52,
			"override_previous_animation": true,
			"bones": {
				"waist": {
					"rotation": {
						"0.0": [0, -15, 0],
						"0.12": [15, 27.5, 0],
						"0.24": [15, 27.5, 0],
						"0.32": [17.52666, -40.32998, -18.60461]
					}
				},
				"rightArm": {
					"rotation": {
						"0.0": [-40.16652, 13.2436, 2.36016],
						"0.12": [45.73498, -16.91737, 21.26453],
						"0.24": [45.73498, -16.91737, 21.26453],
						"0.32": [-55.18672, 36.02086, 9.42049]
					}
				},
				"lowerrarm": {
					"rotation": {
						"0.0": [-47.5, 0, 0],
						"0.12": [-117.5, 0, 0],
						"0.24": [-85, 0, 0],
						"0.32": [-25, 0, 0]
					}
				},
				"rightitem": {
					"rotation": {
						"0.0": [-7.5, 0, 0],
						"0.24": [22.5, 0, 0],
						"0.32": [66.91119, 3.85771, 1.96939]
					}
				},
				"trail": {
					"scale": 0
				},
				"trail_pierce": {
					"scale": {
						"0.0": [0, 0, 0],
						"0.24": [0, 0, 0],
						"0.32": [1, 1, 1],
						"0.36": [1, 1, 1],
						"0.4": [1, 1, 1],
						"0.44": [1, 1, 1],
						"0.48": [0, 0, 0]
					}
				}
			}
		},
		"animation.rapier.attack_stance0_1": {
			"loop": "hold_on_last_frame",
			"animation_length": 0.56,
			"override_previous_animation": true,
			"bones": {
				"rightArm": {
					"rotation": {
						"0.0": [-61.13308, 18.47043, 14.1077],
						"0.08": [-130.86764, 2.74547, -23.467],
						"0.2": [-130.86764, 2.74547, -23.467],
						"0.28": [-30.43482, -7.51157, -59.52381]
					}
				},
				"lowerrarm": {
					"rotation": {
						"0.0": [-30, 0, 0],
						"0.08": [-72.5, 0, 0],
						"0.2": [-72.5, 0, 0],
						"0.28": [-20, 0, 0]
					}
				},
				"rightitem": {
					"rotation": [67.5, 0, 0]
				},
				"waist": {
					"rotation": {
						"0.0": [0, -15, 0],
						"0.08": [0, 20, 0],
						"0.2": [0, 20, 0],
						"0.28": [7.5, -12.5, 0]
					}
				},
				"trail": {
					"scale": {
						"0.0": [0, 0, 0],
						"0.2": [0, 0, 0],
						"0.28": [1, 1, 1],
						"0.32": [1, 1, 1],
						"0.36": [0, 0, 0]
					}
				},
				"trail_pierce": {
					"scale": 0
				}
			}
		},
		"animation.rapier.inbetween_stance0_1": {
			"loop": true,
			"animation_length": 0.56,
			"override_previous_animation": true,
			"bones": {
				"rightArm": {
					"rotation": [-30.43482, -7.51157, -59.52381]
				},
				"lowerrarm": {
					"rotation": [-20, 0, 0]
				},
				"rightitem": {
					"rotation": [67.5, 0, 0]
				},
				"waist": {
					"rotation": [7.5, -12.5, 0]
				},
				"trail": {
					"scale": 0
				},
				"trail_pierce": {
					"scale": 0
				}
			}
		},
		"animation.rapier.attack_stance0_2": {
			"loop": "hold_on_last_frame",
			"animation_length": 0.56,
			"override_previous_animation": true,
			"bones": {
				"rightArm": {
					"rotation": {
						"0.0": [-30.43482, -7.51157, -59.52381],
						"0.12": [-117.26064, -5.17978, 97.13102],
						"0.24": [-117.26064, -5.17978, 97.13102],
						"0.32": [-87.23039, -0.85296, 86.18739]
					}
				},
				"lowerrarm": {
					"rotation": {
						"0.0": [-20, 0, 0],
						"0.12": [-55, 0, 0],
						"0.24": [-55, 0, 0],
						"0.32": [-10, 0, 0]
					}
				},
				"rightitem": {
					"rotation": [67.5, 0, 0]
				},
				"waist": {
					"rotation": {
						"0.0": [7.5, -12.5, 0],
						"0.12": [10.78856, -47.09526, -6.31369],
						"0.24": [10.78856, -47.09526, -6.31369],
						"0.32": [8.90275, 34.5704, 6.71148]
					}
				},
				"trail": {
					"scale": {
						"0.0": [0, 0, 0],
						"0.24": [0, 0, 0],
						"0.32": [1, 1, 1],
						"0.36": [1, 1, 1],
						"0.4": [0, 0, 0]
					}
				},
				"trail_pierce": {
					"scale": 0
				}
			}
		},
		"animation.rapier.inbetween_stance0_2": {
			"loop": true,
			"override_previous_animation": true,
			"bones": {
				"rightArm": {
					"rotation": [-87.23039, -0.85296, 86.18739]
				},
				"lowerrarm": {
					"rotation": [-10, 0, 0]
				},
				"rightitem": {
					"rotation": [67.5, 0, 0]
				},
				"waist": {
					"rotation": [8.90275, 34.5704, 6.71148]
				},
				"trail": {
					"scale": 0
				},
				"trail_pierce": {
					"scale": 0
				}
			}
		},
		"animation.rapier.attack_stance0_3": {
			"loop": "hold_on_last_frame",
			"animation_length": 0.56,
			"override_previous_animation": true,
			"bones": {
				"rightArm": {
					"rotation": {
						"0.0": [-87.23039, -0.85296, 86.18739],
						"0.12": [35.26961, -0.85296, 86.18739],
						"0.24": [35.26961, -0.85296, 86.18739],
						"0.32": [-56.70483, 9.63903, 93.01187]
					}
				},
				"lowerrarm": {
					"rotation": {
						"0.0": [-10, 0, 0],
						"0.12": [-122.5, 0, 0],
						"0.24": [-122.5, 0, 0],
						"0.32": [-2.5, 0, 0]
					}
				},
				"rightitem": {
					"rotation": {
						"0.0": [67.5, 0, 0],
						"0.12": [45, 0, 0],
						"0.24": [45, 0, 0],
						"0.32": [87.5, 0, 0]
					}
				},
				"waist": {
					"rotation": {
						"0.0": [8.90275, 34.5704, 6.71148],
						"0.12": [10.27984, 44.43202, 8.86823],
						"0.24": [10.27984, 44.43202, 8.86823],
						"0.32": [8.24946, -27.36045, -2.17993]
					}
				},
				"root": {
					"position": {
						"0.0": [0, 0, 0],
						"0.12": [0, 0, 3.88],
						"0.24": [0, 0, 3.88],
						"0.32": [0, 0, -5]
					}
				},
				"trail": {
					"scale": 0
				},
				"trail_pierce": {
					"scale": {
						"0.0": [0, 0, 0],
						"0.24": [0, 0, 0],
						"0.32": [1, 1, 1],
						"0.36": [1, 1, 1],
						"0.4": [1, 1, 1],
						"0.44": [1, 1, 1],
						"0.48": [0, 0, 0]
					}
				}
			}
		},
		"animation.rapier.inbetween_stance0_3": {
			"loop": true,
			"override_previous_animation": true,
			"bones": {
				"rightArm": {
					"rotation": [-56.70483, 9.63903, 93.01187]
				},
				"lowerrarm": {
					"rotation": [-2.5, 0, 0]
				},
				"rightitem": {
					"rotation": [87.5, 0, 0]
				},
				"waist": {
					"rotation": [8.24946, -27.36045, -2.17993]
				},
				"root": {
					"position": [0, 0, 0]
				},
				"trail": {
					"scale": 0
				},
				"trail_pierce": {
					"scale": 0
				}
			}
		},
		"animation.rapier.attack_stance0_4": {
			"loop": "hold_on_last_frame",
			"animation_length": 0.56,
			"override_previous_animation": true,
			"bones": {
				"rightArm": {
					"rotation": {
						"0.0": [-56.70483, 9.63903, 93.01187],
						"0.12": [36.49567, -14.7098, 9.23846],
						"0.24": [36.49567, -14.7098, 9.23846],
						"0.32": [-83.85442, 33.92375, 2.44199]
					}
				},
				"lowerrarm": {
					"rotation": {
						"0.0": [-2.5, 0, 0],
						"0.12": [-67.5, 0, 0],
						"0.24": [-67.5, 0, 0],
						"0.32": [-20, 0, 0]
					}
				},
				"rightitem": {
					"rotation": {
						"0.0": [87.5, 0, 0],
						"0.12": [5, 0, 0],
						"0.24": [5, 0, 0],
						"0.32": [92.5, 0, 0]
					}
				},
				"waist": {
					"rotation": {
						"0.0": [8.24946, -27.36045, -2.17993],
						"0.12": [32.04971, 23.79429, 5.41183],
						"0.24": [32.04971, 23.79429, 5.41183],
						"0.32": [8.92514, -34.77674, -3.48645]
					}
				},
				"root": {
					"position": {
						"0.0": [0, 0, 0],
						"0.12": [0, 0, 9],
						"0.24": [0, 0, 9],
						"0.32": [0, 0, -11]
					}
				},
				"trail": {
					"scale": 0
				},
				"trail_pierce": {
					"scale": {
						"0.0": [0, 0, 0],
						"0.24": [0, 0, 0],
						"0.32": [1, 1, 1],
						"0.36": [1, 1, 1],
						"0.4": [1, 1, 1],
						"0.44": [1, 1, 1],
						"0.48": [0, 0, 0]
					}
				}
			}
		},
		"animation.rapier.ability_multiple": {
			"loop": "hold_on_last_frame",
			"animation_length": 1,
			"override_previous_animation": true,
			"bones": {
				"rightArm": {
					"rotation": {
						"0.0": [35.26961, -0.85296, 86.18739],
						"0.04": [-56.70483, 9.63903, 93.01187],
						"0.08": [47.11977, 38.00966, 120.34024],
						"0.12": [-68.58887, -9.31629, 116.60345],
						"0.16": [55.60286, -45.59618, 40.57099],
						"0.2": [-84.66385, 34.14293, 26.7632],
						"0.24": [74.33137, -45.52334, 3.54853],
						"0.28": [-101.12652, 25.01107, -4.42726],
						"0.32": [58.4502, 33.00646, 132.58269],
						"0.36": [-84.19673, -23.74939, 147.10839],
						"0.4": [35.26961, -0.85296, 86.18739],
						"0.44": [-56.70483, 9.63903, 93.01187],
						"0.48": [47.11977, 38.00966, 120.34024],
						"0.52": [-68.58887, -9.31629, 116.60345],
						"0.56": [55.60286, -45.59618, 40.57099],
						"0.6": [-84.66385, 34.14293, 26.7632],
						"0.64": [74.33137, -45.52334, 3.54853],
						"0.68": [-101.12652, 25.01107, -4.42726],
						"0.72": [58.4502, 33.00646, 132.58269],
						"0.76": [-84.19673, -23.74939, 147.10839],
						"0.8": [35.26961, -0.85296, 86.18739],
						"0.84": [-56.70483, 9.63903, 93.01187],
						"0.88": [47.11977, 38.00966, 120.34024],
						"0.92": [-68.58887, -9.31629, 116.60345],
						"0.96": [55.60286, -45.59618, 40.57099],
						"1.0": [-105.75469, 39.13961, -5.42295]
					}
				},
				"lowerrarm": {
					"rotation": {
						"0.0": [-122.5, 0, 0],
						"0.04": [-2.5, 0, 0],
						"0.08": [-122.5, 0, 0],
						"0.12": [-2.5, 0, 0],
						"0.16": [-122.5, 0, 0],
						"0.2": [-2.5, 0, 0],
						"0.24": [-122.5, 0, 0],
						"0.28": [-2.5, 0, 0],
						"0.32": [-122.5, 0, 0],
						"0.36": [-2.5, 0, 0],
						"0.4": [-122.5, 0, 0],
						"0.44": [-2.5, 0, 0],
						"0.48": [-122.5, 0, 0],
						"0.52": [-2.5, 0, 0],
						"0.56": [-122.5, 0, 0],
						"0.6": [-2.5, 0, 0],
						"0.64": [-122.5, 0, 0],
						"0.68": [-2.5, 0, 0],
						"0.72": [-122.5, 0, 0],
						"0.76": [-2.5, 0, 0],
						"0.8": [-122.5, 0, 0],
						"0.84": [-2.5, 0, 0],
						"0.88": [-122.5, 0, 0],
						"0.92": [-2.5, 0, 0],
						"0.96": [-122.5, 0, 0],
						"1.0": [-2.5, 0, 0]
					}
				},
				"rightitem": {
					"rotation": {
						"0.0": [45, 0, 0],
						"0.04": [87.5, 0, 0],
						"0.08": [45, 0, 0],
						"0.12": [87.5, 0, 0],
						"0.16": [45, 0, 0],
						"0.2": [87.5, 0, 0],
						"0.24": [45, 0, 0],
						"0.28": [87.5, 0, 0],
						"0.32": [45, 0, 0],
						"0.36": [87.5, 0, 0],
						"0.4": [45, 0, 0],
						"0.44": [87.5, 0, 0],
						"0.48": [45, 0, 0],
						"0.52": [87.5, 0, 0],
						"0.56": [45, 0, 0],
						"0.6": [87.5, 0, 0],
						"0.64": [45, 0, 0],
						"0.68": [87.5, 0, 0],
						"0.72": [45, 0, 0],
						"0.76": [87.5, 0, 0],
						"0.8": [45, 0, 0],
						"0.84": [87.5, 0, 0],
						"0.88": [45, 0, 0],
						"0.92": [87.5, 0, 0],
						"0.96": [45, 0, 0],
						"1.0": [87.5, 0, 0]
					}
				},
				"waist": {
					"rotation": {
						"0.0": [10.27984, 44.43202, 8.86823],
						"0.04": [8.24946, -27.36045, -2.17993],
						"0.08": [10.27984, 44.43202, 8.86823],
						"0.12": [8.24946, -27.36045, -2.17993],
						"0.16": [10.27984, 44.43202, 8.86823],
						"0.2": [8.24946, -27.36045, -2.17993],
						"0.24": [10.27984, 44.43202, 8.86823],
						"0.28": [8.24946, -27.36045, -2.17993],
						"0.32": [10.27984, 44.43202, 8.86823],
						"0.36": [8.24946, -27.36045, -2.17993],
						"0.4": [10.27984, 44.43202, 8.86823],
						"0.44": [8.24946, -27.36045, -2.17993],
						"0.48": [10.27984, 44.43202, 8.86823],
						"0.52": [8.24946, -27.36045, -2.17993],
						"0.56": [10.27984, 44.43202, 8.86823],
						"0.6": [8.24946, -27.36045, -2.17993],
						"0.64": [10.27984, 44.43202, 8.86823],
						"0.68": [8.24946, -27.36045, -2.17993],
						"0.72": [10.27984, 44.43202, 8.86823],
						"0.76": [8.24946, -27.36045, -2.17993],
						"0.8": [10.27984, 44.43202, 8.86823],
						"0.84": [8.24946, -27.36045, -2.17993],
						"0.88": [10.27984, 44.43202, 8.86823],
						"0.92": [8.24946, -27.36045, -2.17993],
						"0.96": [10.27984, 44.43202, 8.86823],
						"1.0": [8.24946, -27.36045, -2.17993]
					}
				},
				"root": {
					"rotation": {
						"0.96": [0, 0, 0],
						"1.0": [0, -12.5, 0]
					},
					"position": {
						"0.0": [0, 0, 3.88],
						"0.04": [0, 0, -5],
						"0.08": [0, 0, 3.88],
						"0.12": [0, 0, -5],
						"0.16": [0, 0, 3.88],
						"0.2": [0, 0, -5],
						"0.24": [0, 0, 3.88],
						"0.28": [0, 0, -5],
						"0.32": [0, 0, 3.88],
						"0.36": [0, 0, -5],
						"0.4": [0, 0, 3.88],
						"0.44": [0, 0, -5],
						"0.48": [0, 0, 3.88],
						"0.52": [0, 0, -5],
						"0.56": [0, 0, 3.88],
						"0.6": [0, 0, -5],
						"0.64": [0, 0, 3.88],
						"0.68": [0, 0, -5],
						"0.72": [0, 0, 3.88],
						"0.76": [0, 0, -5],
						"0.8": [0, 0, 3.88],
						"0.84": [0, 0, -5],
						"0.88": [0, 0, 3.88],
						"0.92": [0, 0, -5],
						"0.96": [0, 0, 3.88],
						"1.0": [0, 0, -15]
					}
				},
				"trail": {
					"scale": 0
				},
				"trail_pierce": {
					"scale": 0
				}
			}
		},
		"animation.rapier.ability_speed": {
			"loop": "hold_on_last_frame",
			"animation_length": 0.8,
			"override_previous_animation": true,
			"bones": {
				"rightArm": {
					"rotation": {
						"0.0": [-40.16652, 13.2436, 2.36016],
						"0.2": [-137.66652, 13.2436, 2.36016],
						"0.72": [22.33348, 13.2436, 2.36016]
					}
				},
				"lowerrarm": {
					"rotation": {
						"0.0": [-47.5, 0, 0],
						"0.2": [-35, 0, 0],
						"0.72": [-62.5, 0, 0]
					}
				},
				"rightitem": {
					"rotation": {
						"0.0": [-7.5, 0, 0],
						"0.2": [82.5, 0, 0],
						"0.72": [2.5, 0, 0]
					}
				},
				"waist": {
					"rotation": {
						"0.0": [0, -15, 0],
						"0.72": [-3.72629, 11.48511, 1.03098]
					}
				},
				"trail": {
					"scale": 0
				},
				"trail_pierce": {
					"scale": 0
				}
			}
		},
		"animation.rapier.unsheathe": {
			"animation_length": 1.36,
			"bones": {
				"waist": {
					"rotation": {
						"0.0": [0, 0, 0],
						"0.16": [15, -35, 0],
						"0.68": [-7.7832, 12.34947, -0.97657],
						"0.76": [-7.96802, -17.38019, 3.09209],
						"1.04": [-7.96802, -17.38019, 3.09209],
						"1.12": [7.30284, -7.31729, -2.88666]
					}
				},
				"leftArm": {
					"rotation": [0, 0, -12.5]
				},
				"lowerlarm": {
					"rotation": [0, 0, 12.5]
				},
				"rightArm": {
					"rotation": {
						"0.16": [-150.00569, 3.60526, 137.05755],
						"0.28": [24.99431, 3.60526, 137.05755],
						"0.76": [266.41454, 22.69646, 373.88524],
						"1.04": [278.91454, 22.69646, 373.88524],
						"1.12": [310.38185, 5.66499, 369.71806]
					},
					"position": [1, 0, 0]
				},
				"lowerrarm": {
					"rotation": {
						"0.0": [0, 0, 0],
						"0.16": [-12.5, 0, 0],
						"1.04": [-13.75, 0, 0],
						"1.12": [-55, 0, 0]
					}
				},
				"rightitem": {
					"rotation": {
						"0.68": [0, 0, 0],
						"0.76": [62.5, 0, 0],
						"1.04": [62.5, 0, 0],
						"1.12": [0, 0, 0]
					},
					"scale": {
						"0.0": [0, 0, 0],
						"0.16": [0, 0, 0],
						"0.28": [1, 1, 1]
					}
				},
				"trail": {
					"scale": 0
				},
				"sheathed": {
					"rotation": {
						"0.0": [0, 0, 0],
						"0.16": [-32.47188, 11.4502, -18.43049]
					}
				},
				"swordright": {
					"scale": {
						"0.2": [1, 1, 1],
						"0.24": [0, 0, 0]
					}
				}
			}
		}
	}
}