{
	"format_version": "1.8.0",
	"animations": {
		"animation.katar.dual_stance_0": {
			"override_previous_animation": true,
			"loop": true,
			"bones": {
				"leftArm": {
					"rotation": ["10-((math.cos(query.life_time * 100) * 15) + 5)", 2.15393, "-((math.cos(query.life_time * 60) * 2.5) + 5)"]
				},
				"lowerlarm": {
					"rotation": [-17.5, 0, 0]
				},
				"rightArm": {
					"rotation": ["9.9907-((math.cos(query.life_time * 100) * 15) + 5)", -0.00015, "((math.cos(query.life_time * 60) * 2.5) + 5)"]
				},
				"lowerrarm": {
					"rotation": [-17.5, 0, 0]
				}
			}
		},
		"animation.katar.attack_dual_stance_0_0": {
			"override_previous_animation": true,
			"loop": "hold_on_last_frame",
			"animation_length": 0.32,
			"bones": {
				"leftArm": {
					"rotation": {
						"0.0": [10, 2.15393, 0],
						"0.16": [47.5, 2.15393, 0],
						"0.28": [-100, 2.15393, 0]
					}
				},
				"lowerlarm": {
					"rotation": {
						"0.0": [-17.5, 0, 0],
						"0.16": [-95, 0, 0],
						"0.28": [-5, 0, 0]
					}
				},
				"rightArm": {
					"rotation": {
						"0.0": [9.9907, -0.00015, 0],
						"0.16": [52.4907, -0.00015, 0],
						"0.28": [-102.5093, -0.00015, 0]
					}
				},
				"lowerrarm": {
					"rotation": {
						"0.0": [-17.5, 0, 0],
						"0.16": [-102.5, 0, 0],
						"0.28": [-7.5, 0, 0]
					}
				},
				"waist": {
					"rotation": {
						"0.0": [5, 0, 0],
						"0.16": [-5, 0, 0],
						"0.28": [20, 0, 0]
					}
				}
			}
		},
		"animation.katar.attack_dual_test_0": {
			"override_previous_animation": true,
			"loop": "hold_on_last_frame",
			"animation_length": 1.56,
			"bones": {
				"leftArm": {
					"rotation": {
						"0.0": [10, 2.15393, 0],
						"0.16": [47.5, 2.15393, 0],
						"0.52": [47.5, 2.15393, 0],
						"0.6": [34.87505, -9.88789, -87.08443],
						"1.08": [63.08887, -19.81733, -95.31741],
						"1.16": [-45.04915, -13.40022, -103.00811],
						"1.4": [-34.96316, -21.62268, -96.81432]
					}
				},
				"lowerlarm": {
					"rotation": {
						"0.0": [-17.5, 0, 0],
						"0.16": [-95, 0, 0],
						"0.52": [-95, 0, 0],
						"0.6": [-95, 0, 0],
						"1.08": [-103.08, 0, 0],
						"1.16": [0, 0, 0]
					}
				},
				"rightArm": {
					"rotation": {
						"0.0": [9.9907, -0.00015, 0],
						"0.16": [32.21446, 5.84747, 93.95284],
						"0.52": [32.21446, 5.84747, 93.95284],
						"0.6": [-52.07659, 22.53069, 100.3918],
						"1.08": [-39.44568, 12.49721, 92.56068],
						"1.16": [28.05432, 12.49721, 92.56068]
					}
				},
				"lowerrarm": {
					"rotation": {
						"0.0": [-17.5, 0, 0],
						"0.16": [-102.5, 0, 0],
						"0.52": [-102.5, 0, 0],
						"0.6": [0, 0, 0],
						"1.08": [-10, 0, 0],
						"1.16": [-95, 0, 0]
					}
				},
				"waist": {
					"rotation": {
						"0.0": [5, 0, 0],
						"0.16": [-15.77608, 15.71794, 3.01369],
						"0.52": [-26.42981, 44.24928, -7.92607],
						"0.6": [28.9568, -32.61461, -13.46783],
						"1.08": [37.01794, -47.36333, -25.87965],
						"1.16": [32.89169, 41.32703, 26.26427],
						"1.4": [40.78496, 51.36912, 37.11621]
					}
				}
			}
		},
		"animation.katar.attack_dual_test_1": {
			"override_previous_animation": true,
			"loop": "hold_on_last_frame",
			"animation_length": 0.72,
			"bones": {
				"leftArm": {
					"rotation": {
						"0.0": [10, 2.15393, 0],
						"0.2": [47.5, 2.15393, 0],
						"0.44": [70, 2.15393, 0],
						"0.52": [-100, 2.15393, 0],
						"0.72": [-105, 2.15393, 0]
					}
				},
				"lowerlarm": {
					"rotation": {
						"0.0": [-17.5, 0, 0],
						"0.2": [-95, 0, 0],
						"0.44": [-112.5, 0, 0],
						"0.52": [-5, 0, 0]
					}
				},
				"rightArm": {
					"rotation": {
						"0.0": [9.9907, -0.00015, 0],
						"0.2": [52.4907, -0.00015, 0],
						"0.44": [72.4907, -0.00015, 0],
						"0.52": [-102.5093, -0.00015, 0],
						"0.72": [-102.51, 0, 0]
					}
				},
				"lowerrarm": {
					"rotation": {
						"0.0": [-17.5, 0, 0],
						"0.2": [-102.5, 0, 0],
						"0.44": [-113.78703, -0.75537, 3.23864],
						"0.52": [-7.5, 0, 0]
					}
				},
				"waist": {
					"rotation": {
						"0.0": [5, 0, 0],
						"0.2": [-5, 0, 0],
						"0.44": [-12.5, 0, 0],
						"0.52": [20, 0, 0],
						"0.72": [27.5, 0, 0]
					}
				}
			}
		},
		"animation.katar.stance_0": {
			"override_previous_animation": true,
			"loop": true,
			"bones": {
				"waist": {
					"rotation": [7.5, -20, 0]
				},
				"leftArm": {
					"rotation": [15, 0, -20]
				},
				"lowerlarm": {
					"rotation": [-17.5, 0, 0]
				},
				"rightArm": {
					"rotation": [-48.42663, -19.05681, 50.20848]
				},
				"lowerrarm": {
					"rotation": [-82.5, 0, 0]
				}
			}
		},
		"animation.katar.attack_stance_0_0": {
			"override_previous_animation": true,
			"loop": "hold_on_last_frame",
			"animation_length": 0.52,
			"bones": {
				"waist": {
					"rotation": {
						"0.0": [7.5, -20, 0],
						"0.08": [2.3764, 23.25706, -8.03979],
						"0.4": [11.95122, 40.44808, -4.15346],
						"0.48": [15.70082, -38.33343, 8.48191]
					}
				},
				"leftArm": {
					"rotation": {
						"0.0": [15, 0, -20],
						"0.08": [27.5, 0, -20],
						"0.4": [27.5, 0, -20]
					}
				},
				"lowerlarm": {
					"rotation": [-17.5, 0, 0]
				},
				"rightArm": {
					"rotation": {
						"0.0": [-48.42663, -19.05681, 50.20848],
						"0.08": [47.39104, -12.01887, 19.88978],
						"0.4": [62.99512, -8.32001, 16.47113],
						"0.48": [-96.11833, 32.32765, -12.95845]
					}
				},
				"lowerrarm": {
					"rotation": {
						"0.0": [-82.5, 0, 0],
						"0.08": [-92.5, 0, 0],
						"0.4": [-112.5, 0, 0],
						"0.44": [-67.5, 0, 0],
						"0.48": [-7.5, 0, 0]
					}
				}
			}
		},
		"animation.katar.attack_stance_0_1": {
			"override_previous_animation": true,
			"loop": "hold_on_last_frame",
			"animation_length": 0.16,
			"bones": {
				"waist": {
					"rotation": {
						"0.0": [7.5, -20, 0],
						"0.08": [7.94332, -27.43224, -1.09989],
						"0.16": [8.83585, 37.01193, 7.92418]
					}
				},
				"leftArm": {
					"rotation": [15, 0, -20]
				},
				"lowerlarm": {
					"rotation": [-17.5, 0, 0]
				},
				"rightArm": {
					"rotation": {
						"0.0": [-48.42663, -19.05681, 50.20848],
						"0.16": [51.57337, -19.05681, 50.20848]
					}
				},
				"lowerrarm": {
					"rotation": {
						"0.0": [-82.5, 0, 0],
						"0.16": [-5, 0, 0]
					}
				},
				"root": {
					"rotation": {
						"0.0": [0, 0, 0],
						"0.08": [0, -5, 0]
					}
				}
			}
		},
		"animation.katar.attack_test_0": {
			"override_previous_animation": true,
			"loop": "hold_on_last_frame",
			"animation_length": 0.52,
			"bones": {
				"waist": {
					"rotation": {
						"0.0": [7.5, -20, 0],
						"0.08": [2.3764, 23.25706, -8.03979],
						"0.4": [11.95122, 40.44808, -4.15346],
						"0.48": [15.70082, -38.33343, 8.48191]
					}
				},
				"leftArm": {
					"rotation": {
						"0.0": [15, 0, -20],
						"0.08": [27.5, 0, -20],
						"0.4": [27.5, 0, -20]
					}
				},
				"lowerlarm": {
					"rotation": [-17.5, 0, 0]
				},
				"rightArm": {
					"rotation": {
						"0.0": [-48.42663, -19.05681, 50.20848],
						"0.08": [47.39104, -12.01887, 19.88978],
						"0.4": [62.99512, -8.32001, 16.47113],
						"0.48": [-96.11833, 32.32765, -12.95845]
					}
				},
				"lowerrarm": {
					"rotation": {
						"0.0": [-82.5, 0, 0],
						"0.08": [-92.5, 0, 0],
						"0.4": [-112.5, 0, 0],
						"0.44": [-67.5, 0, 0],
						"0.48": [-7.5, 0, 0]
					}
				}
			}
		},
		"animation.katar.attack_test_1": {
			"override_previous_animation": true,
			"loop": "hold_on_last_frame",
			"animation_length": 0.52,
			"bones": {
				"waist": {
					"rotation": {
						"0.0": [7.5, -20, 0],
						"0.08": [2.3764, 23.25706, -8.03979],
						"0.4": [11.95122, 40.44808, -4.15346],
						"0.48": [15.70082, -38.33343, 8.48191]
					}
				},
				"leftArm": {
					"rotation": {
						"0.0": [15, 0, -20],
						"0.08": [27.5, 0, -20],
						"0.4": [27.5, 0, -20]
					}
				},
				"lowerlarm": {
					"rotation": [-17.5, 0, 0]
				},
				"rightArm": {
					"rotation": {
						"0.0": [-48.42663, -19.05681, 50.20848],
						"0.08": [23.18499, 7.80492, 80.39407],
						"0.4": [60.68499, 7.80492, 80.39407],
						"0.48": [-50.02427, 5.16719, 80.32229]
					}
				},
				"lowerrarm": {
					"rotation": {
						"0.0": [-82.5, 0, 0],
						"0.08": [-92.5, 0, 0],
						"0.4": [-135, 0, 0],
						"0.44": [-85, 0, 0],
						"0.48": [-7.5, 0, 0]
					}
				}
			}
		},
		"animation.katar.ability_charge": {
			"override_previous_animation": true,
			"loop": "hold_on_last_frame",
			"animation_length": 0.48,
			"bones": {
				"waist": {
					"rotation": {
						"0.0": [7.5, -20, 0],
						"0.28": [2.3764, 23.25706, -8.03979],
						"0.44": [2.3764, 23.25706, -8.03979],
						"0.48": [15.70082, -38.33343, 8.48191]
					}
				},
				"leftArm": {
					"rotation": {
						"0.0": [15, 0, -20],
						"0.28": [27.5, 0, -20],
						"0.44": [27.5, 0, -20]
					}
				},
				"lowerlarm": {
					"rotation": [-17.5, 0, 0]
				},
				"rightArm": {
					"rotation": {
						"0.0": [-48.42663, -19.05681, 50.20848],
						"0.28": [47.39104, -12.01887, 19.88978],
						"0.44": [47.39104, -12.01887, 19.88978],
						"0.48": [-96.11833, 32.32765, -12.95845]
					}
				},
				"lowerrarm": {
					"rotation": {
						"0.0": [-82.5, 0, 0],
						"0.28": [-92.5, 0, 0],
						"0.44": [-92.5, 0, 0],
						"0.48": [-7.5, 0, 0]
					}
				}
			}
		},
		"animation.katar.ability_strike": {
			"override_previous_animation": true,
			"loop": "hold_on_last_frame",
			"animation_length": 0.68,
			"bones": {
				"waist": {
					"rotation": {
						"0.0": [7.5, -20, 0],
						"0.16": [2.3764, 23.25706, -8.03979],
						"0.28": [2.3764, 23.25706, -8.03979],
						"0.36": [15.70082, -38.33343, 8.48191],
						"0.56": [15.70082, -38.33343, 8.48191],
						"0.64": [27.93472, 34.947, 5.45092]
					}
				},
				"leftArm": {
					"rotation": {
						"0.0": [15, 0, -20],
						"0.16": [27.5, 0, -20],
						"0.28": [27.5, 0, -20],
						"0.36": [52.5, 0, -20],
						"0.56": [52.5, 0, -20],
						"0.64": [-59.08984, -37.62999, -13.44204]
					}
				},
				"lowerlarm": {
					"rotation": {
						"0.0": [-17.5, 0, 0],
						"0.28": [-17.5, 0, 0],
						"0.36": [-77.5, 0, 0],
						"0.56": [-77.5, 0, 0],
						"0.64": [-37.5, 0, 0]
					}
				},
				"rightArm": {
					"rotation": {
						"0.0": [-48.42663, -19.05681, 50.20848],
						"0.16": [47.39104, -12.01887, 19.88978],
						"0.28": [47.39104, -12.01887, 19.88978],
						"0.36": [-96.11833, 32.32765, -12.95845],
						"0.56": [-96.11833, 32.32765, -12.95845],
						"0.64": [47.22762, -16.04486, 8.35141]
					}
				},
				"lowerrarm": {
					"rotation": {
						"0.0": [-82.5, 0, 0],
						"0.16": [-92.5, 0, 0],
						"0.28": [-92.5, 0, 0],
						"0.36": [-7.5, 0, 0],
						"0.56": [-7.5, 0, 0],
						"0.64": [-35, 0, 0]
					}
				}
			}
		},
		"animation.katar.unsheathe_one": {
			"animation_length": 0.92,
			"override_previous_animation": true,
			"bones": {
				"waist": {
					"rotation": {
						"0.28": [-0.45465, -0.15754, 2.55869],
						"0.48": [7.04535, -0.15754, 2.55869],
						"0.76": [7.5, -20, 0]
					}
				},
				"rightArm": {
					"rotation": {
						"0.0": [0, 0, 0],
						"0.28": [0, 0, 10],
						"0.48": [0, 0, 52.5],
						"0.76": [-48.42663, -19.05681, 50.20848]
					}
				},
				"lowerrarm": {
					"rotation": {
						"0.0": [0, 0, 0],
						"0.28": [0, 0, -35],
						"0.48": [0, 0, -70],
						"0.76": [-82.5, 0, 0]
					}
				},
				"katar_back": {
					"rotation": {
						"0.0": [0, 0, 0],
						"0.28": [0, 0, -7.5]
					},
					"scale": {
						"0.28": [1, 1, 1],
						"0.32": [0, 0, 0]
					}
				},
				"katar_sheathe": {
					"rotation": {
						"0.0": [0, 0, 0],
						"0.28": [0, 0, -7.5]
					}
				},
				"rightItem": {
					"scale": {
						"0.32": [0, 0, 0],
						"0.36": [1, 1, 1]
					}
				}
			}
		},
		"animation.katar.unsheathe_two": {
			"animation_length": 0.92,
			"override_previous_animation": true,
			"bones": {
				"waist": {
					"rotation": {
						"0.28": [-0.44734, -0.17722, 0.05876],
						"0.48": [7.04553, 0.14915, 0.07757],
						"0.76": [7.04553, 0.14915, 0.07757]
					}
				},
				"leftArm": {
					"rotation": {
						"0.0": [0, 0, 0],
						"0.28": [0, 0, -7.5],
						"0.48": [0, 0, -57.5],
						"0.76": ["10-((math.cos(query.life_time * 100) * 15) + 5)", 2.15393, "-((math.cos(query.life_time * 60) * 2.5) + 5)"]
					}
				},
				"lowerlarm": {
					"rotation": {
						"0.0": [0, 0, 0],
						"0.28": [0, 0, 27.5],
						"0.48": [0, 0, 67.5],
						"0.76": [-17.5, 0, 0]
					}
				},
				"rightArm": {
					"rotation": {
						"0.0": [0, 0, 0],
						"0.28": [0, 0, 10],
						"0.48": [0, 0, 52.5],
						"0.76": ["9.9907-((math.cos(query.life_time * 100) * 15) + 5)", -0.00015, "((math.cos(query.life_time * 60) * 2.5) + 5)"]
					}
				},
				"lowerrarm": {
					"rotation": {
						"0.0": [0, 0, 0],
						"0.28": [0, 0, -35],
						"0.48": [0, 0, -70],
						"0.76": [-17.5, 0, 0]
					}
				},
				"katar_offsheathe": {
					"rotation": {
						"0.0": [0, 0, 0],
						"0.28": [0, 0, 10]
					}
				},
				"katar_back_offhand": {
					"rotation": {
						"0.0": [0, 0, 0],
						"0.28": [0, 0, 10]
					},
					"scale": {
						"0.28": [1, 1, 1],
						"0.32": [0, 0, 0]
					}
				},
				"katar_back": {
					"rotation": {
						"0.0": [0, 0, 0],
						"0.28": [0, 0, -7.5]
					},
					"scale": {
						"0.28": [1, 1, 1],
						"0.32": [0, 0, 0]
					}
				},
				"katar_sheathe": {
					"rotation": {
						"0.0": [0, 0, 0],
						"0.28": [0, 0, -7.5]
					}
				},
				"rightItem": {
					"scale": {
						"0.32": [0, 0, 0],
						"0.36": [1, 1, 1]
					}
				},
				"leftItem": {
					"scale": {
						"0.32": [0, 0, 0],
						"0.36": [1, 1, 1]
					}
				}
			}
		},
		"animation.katar.unsheathe_dagger": {
			"animation_length": 0.92,
			"override_previous_animation": true,
			"bones": {
				"waist": {
					"rotation": {
						"0.28": [-0.44734, -0.17722, 0.05876],
						"0.48": [7.04553, 0.14915, 0.07757],
						"0.76": [8.35059, 32.37349, 4.55304]
					}
				},
				"leftArm": {
					"rotation": {
						"0.0": [0, 0, 0],
						"0.28": [-32.5, 0, -7.5],
						"0.48": [-85.24402, -3.65462, 1.42252],
						"0.76": ["-83.2552-((math.cos(query.life_time * 100) * 15) + 5)", 1.7234, "-80.0539-((math.cos(query.life_time * 60) * 2.5) + 5)"]
					}
				},
				"lowerlarm": {
					"rotation": {
						"0.0": [0, 0, 0],
						"0.28": [-10, 0, 27.5],
						"0.48": [0, 0, 22.5],
						"0.76": [-57.5, 0, 0]
					}
				},
				"rightArm": {
					"rotation": {
						"0.0": [0, 0, 0],
						"0.28": [0, 0, 10],
						"0.48": [0, 0, 52.5],
						"0.76": ["32.479-((math.cos(query.life_time * 100) * 15) + 5)", -0.17789, "7.4979+((math.cos(query.life_time * 60) * 2.5) + 5)"]
					}
				},
				"lowerrarm": {
					"rotation": {
						"0.0": [0, 0, 0],
						"0.28": [0, 0, -35],
						"0.48": [0, 0, -70],
						"0.76": [-50, 0, 0]
					}
				},
				"katar_back": {
					"rotation": {
						"0.0": [0, 0, 0],
						"0.28": [0, 0, -7.5]
					},
					"scale": {
						"0.28": [1, 1, 1],
						"0.32": [0, 0, 0]
					}
				},
				"katar_sheathe": {
					"rotation": {
						"0.0": [0, 0, 0],
						"0.28": [0, 0, -7.5]
					}
				},
				"rightItem": {
					"scale": {
						"0.32": [0, 0, 0],
						"0.36": [1, 1, 1]
					}
				},
				"leftitem": {
					"rotation": {
						"0.36": [-152.84344, 2.24944, -17.35932],
						"0.48": [-180.34344, 2.24944, -17.35932]
					},
					"scale": {
						"0.32": [0, 0, 0],
						"0.36": [1, 1, 1]
					}
				},
				"dagger_sheathed2": {
					"scale": {
						"0.32": [1, 1, 1],
						"0.36": [0, 0, 0]
					}
				},
				"dagger_sheathe": {
					"rotation": {
						"0.28": [0, 0, 0],
						"0.36": [10.5, 0, 0],
						"0.48": [-17.5, 0, 0],
						"0.6": [0, 0, 0]
					}
				}
			}
		},
		"animation.katar.dual_stance_dagger": {
			"override_previous_animation": true,
			"loop": true,
			"bones": {
				"leftArm": {
					"rotation": ["-83.2552-((math.cos(query.life_time * 100) * 15) + 5)", 1.7234, "-80.0539-((math.cos(query.life_time * 60) * 2.5) + 5)"]
				},
				"lowerlarm": {
					"rotation": [-57.5, 0, 0]
				},
				"rightArm": {
					"rotation": ["32.479-((math.cos(query.life_time * 100) * 15) + 5)", -0.17789, "7.4979+((math.cos(query.life_time * 60) * 2.5) + 5)"]
				},
				"lowerrarm": {
					"rotation": [-50, 0, 0]
				},
				"waist": {
					"rotation": [8.35059, 32.37349, 4.55304]
				},
				"leftitem": {
					"rotation": [182.5, 0, 0]
				},
				"dagger_sheathe": {
					"rotation": [0, 0, 0]
				}
			}
		},
		"animation.katar.attack_test_dagger0": {
			"override_previous_animation": true,
			"loop": true,
			"animation_length": 1.36,
			"bones": {
				"leftArm": {
					"rotation": {
						"0.0": [-83.2552, 1.7234, -80.0539],
						"0.12": [-40.7552, 1.7234, -80.0539],
						"0.36": [6.7448, 1.7234, -80.0539],
						"0.44": [-88.2552, 1.7234, -80.0539],
						"0.76": [-88.2552, 1.7234, -80.0539],
						"0.84": [-207.4779, 42.8583, 0.69661],
						"1.04": [-224.9779, 42.8583, 0.69661],
						"1.12": [-113.88424, -43.71431, 34.97168],
						"1.32": [-101.38424, -43.71431, 34.97168]
					}
				},
				"lowerlarm": {
					"rotation": {
						"0.0": [-57.5, 0, 0],
						"0.12": [-60, 0, 0],
						"0.36": [-50, 0, 0],
						"1.04": [-65, 0, 0],
						"1.12": [-12.5, 0, 0]
					}
				},
				"rightArm": {
					"rotation": {
						"0.0": [32.479, -0.17789, 7.4979],
						"0.12": [36.41888, -51.07677, 21.95826],
						"0.36": [-3.90908, -49.62999, 72.40419],
						"0.44": [-89.01838, 45.64477, 6.67029],
						"0.76": [-89.01838, 45.64477, 6.67029],
						"1.04": [-88.48095, 63.14085, 7.32362],
						"1.12": [12.89157, 0.65641, 6.47426]
					}
				},
				"lowerrarm": {
					"rotation": {
						"0.0": [-50, 0, 0],
						"0.12": [-122.5, 0, 0],
						"0.44": [-25, 0, 0],
						"0.76": [-25, 0, 0]
					}
				},
				"waist": {
					"rotation": {
						"0.0": [8.35059, 32.37349, 4.55304],
						"0.12": [25.50575, 56.97352, 11.01898],
						"0.36": [28.61052, 56.92504, 14.50258],
						"0.44": [13.67426, 6.90013, -9.1086],
						"0.76": [13.67426, 6.90013, -9.1086],
						"1.04": [13.79146, -10.10703, -13.24941],
						"1.32": [28.23565, -13.31179, 1.71964]
					}
				},
				"leftitem": {
					"rotation": [182.5, 0, 0]
				},
				"dagger_sheathe": {
					"rotation": [0, 0, 0]
				},
				"root": {
					"rotation": {
						"0.0": [0, 0, 0],
						"0.12": [0, 20, 0],
						"0.36": [0, 40, 0],
						"0.44": [0, -52.5, 0],
						"0.76": [0, -52.5, 0],
						"1.04": [0, -44.44, 0],
						"1.12": [0, 57.5, 0]
					}
				}
			}
		},
		"animation.katar.attack_test_dagger1": {
			"override_previous_animation": true,
			"loop": true,
			"animation_length": 1.36,
			"bones": {
				"leftArm": {
					"rotation": {
						"0.0": [-83.2552, 1.7234, -80.0539],
						"0.12": [76.4636, 9.93611, -0.42267],
						"0.36": [66.54241, 46.17046, -22.9831],
						"0.44": [-93.70096, -56.51751, 25.07022],
						"0.64": [-95.69702, -68.9777, 27.3022],
						"0.72": [19.67015, 6.85259, -11.21289],
						"1.0": [29.67015, 6.85259, -11.21289]
					}
				},
				"lowerlarm": {
					"rotation": {
						"0.0": [-57.5, 0, 0],
						"0.12": [-60, 0, 0],
						"0.36": [-72.5, 0, 0],
						"0.44": [-26.62, 0, 0],
						"0.64": [-26.62, 0, 0],
						"1.0": [-51.62, 0, 0]
					}
				},
				"rightArm": {
					"rotation": {
						"0.0": [32.479, -0.17789, 7.4979],
						"0.12": [36.41888, -51.07677, 21.95826],
						"0.36": [62.18955, 39.3045, 2.15877],
						"0.44": [36.41888, -51.07677, 21.95826],
						"0.64": [23.4322, -63.25844, 51.92404],
						"0.72": [-93.6721, 50.14468, -7.25886],
						"1.0": [-115.42149, 82.33478, -22.20979]
					}
				},
				"lowerrarm": {
					"rotation": {
						"0.0": [-50, 0, 0],
						"0.12": [-122.5, 0, 0],
						"0.36": [-122.5, 0, 0],
						"0.44": [-87.5, 0, 0],
						"0.64": [-105, 0, 0],
						"0.72": [-7.5, 0, 0]
					}
				},
				"waist": {
					"rotation": {
						"0.0": [8.35059, 32.37349, 4.55304],
						"0.12": [14.87071, 23.86887, -4.65017],
						"0.36": [13.67426, 6.90013, -9.1086],
						"0.44": [14.64014, 4.44836, 0.6348],
						"0.64": [15.23912, 16.52917, 3.90602],
						"0.72": [15.52623, -19.71681, -5.88047],
						"1.0": [15.11436, -14.89424, -4.49717]
					}
				},
				"leftitem": {
					"rotation": {
						"0.0": [182.5, 0, 0],
						"0.12": [5, 0, 0],
						"0.44": [90, 0, 0],
						"0.64": [90, 0, 0],
						"0.72": [7.5, 0, 0]
					}
				},
				"dagger_sheathe": {
					"rotation": [0, 0, 0]
				},
				"root": {
					"rotation": {
						"0.0": [0, 0, 0],
						"0.12": [0, -57.5, 0],
						"0.36": [0, -65, 0],
						"0.44": [0, 50, 0],
						"0.64": [0, 57.5, 0],
						"0.72": [0, -45, 0],
						"1.0": [0, -67.5, 0]
					}
				}
			}
		},
		"animation.katar.no_back": {
			"loop": true,
			"override_previous_animation": true,
			"bones": {
				"katar_back_offhand": {
					"scale": 0
				},
				"katar_back": {
					"scale": 0
				},
				"dagger_sheathed2": {
					"scale": 0
				}
			}
		},
		"animation.katar.sneak_with_move": {
			"loop": true,
			"animation_length": 1.04,
			"override_previous_animation": true,
			"bones": {
				"waist": {
					"rotation": {
						"0.0": [17.5, 0, 0],
						"1.04": [17.5, 0, 0]
					}
				},
				"leftArm": {
					"rotation": {
						"0.0": [-10, 0, 0],
						"0.52": [22.4905, 0.21782, -4.99527],
						"1.04": [-10, 0, 0]
					}
				},
				"rightArm": {
					"rotation": {
						"0.0": [-48.42663, -19.05681, 50.20848],
						"0.52": [-70.92663, -19.05681, 50.20848],
						"1.04": [-48.42663, -19.05681, 50.20848]
					}
				},
				"root": {
					"position": {
						"0.0": [0, -3, 0],
						"0.28": [0, -1, 0],
						"0.52": [0, -2, 0],
						"0.8": [0, -1, 0],
						"1.04": [0, -3, 0]
					}
				},
				"leftleg": {
					"rotation": {
						"0.0": [5, 0, 0],
						"0.28": [-70.77, 0, 0],
						"0.52": [-47.5, 0, 0],
						"1.04": [5, 0, 0]
					}
				},
				"lowerlleg": {
					"rotation": {
						"0.0": [70, 0, 0],
						"0.52": [47.5, 0, 0],
						"1.04": [70, 0, 0]
					}
				},
				"rightleg": {
					"rotation": {
						"0.0": [-47.5, 0, 0],
						"0.52": [-2.5, 0, 0],
						"0.8": [-56.73, 0, 0],
						"1.04": [-47.5, 0, 0]
					}
				},
				"lowerrleg": {
					"rotation": {
						"0.0": [47.5, 0, 0],
						"0.52": [60, 0, 0],
						"1.04": [47.5, 0, 0]
					}
				},
				"lowerlarm": {
					"rotation": {
						"0.0": [-17.5, 0, 0],
						"1.04": [-17.5, 0, 0]
					}
				},
				"lowerrarm": {
					"rotation": {
						"0.0": [-82.5, 0, 0],
						"0.52": [-62.5, 0, 0],
						"1.04": [-82.5, 0, 0]
					}
				}
			}
		},
		"animation.katar.sneak": {
			"loop": true,
			"override_previous_animation": true,
			"bones": {
				"waist": {
					"rotation": [17.5, 0, 0]
				},
				"leftArm": {
					"rotation": [0, 0, 0]
				},
				"rightArm": {
					"rotation": [-48.42663, -19.05681, 50.20848]
				},
				"root": {
					"position": [0, -3, 0]
				},
				"lowerlarm": {
					"rotation": [-17.5, 0, 0]
				},
				"lowerrarm": {
					"rotation": [-82.5, 0, 0]
				},
				"rightleg": {
					"rotation": [-47.5, 0, 0]
				},
				"lowerrleg": {
					"rotation": [47.5, 0, 0]
				},
				"leftleg": {
					"rotation": [5, 0, 0]
				},
				"lowerlleg": {
					"rotation": [70, 0, 0]
				}
			}
		}
	}
}