{
	"format_version": "1.8.0",
	"animations": {
		"animation.glaive.stance_0": {
			"loop": true,
			"override_previous_animation": true,
			"bones": {
				"waist": {
					"rotation": [21.22396, 56.59855, 9.814]
				},
				"leftArm": {
					"rotation": [-25.63698, 31.26463, -79.87472]
				},
				"lowerlarm": {
					"rotation": [-77.5, 0, 0]
				},
				"rightArm": {
					"rotation": [-127.72295, 15.72939, -88.37798]
				},
				"lowerrarm": {
					"rotation": [42.5, 0, 0]
				},
				"rightleg": {
					"rotation": [2.80864, -0.92763, 5.31846]
				},
				"lowerrleg": {
					"rotation": [10, 0, 0]
				},
				"leftleg": {
					"rotation": [-12.5, 0, -5]
				},
				"lowerlleg": {
					"rotation": [12.5, 0, 0]
				},
				"rightItem": {
					"position": [0, 0, 14]
				}
			}
		},
		"animation.glaive.stance_0_bob": {
			"loop": true,
			"animation_length": 2.08,
			"override_previous_animation": true,
			"bones": {
				"waist": {
					"rotation": {
						"0.0": [11.0831, 37.39848, 2.40619],
						"1.04": [3.28363, 29.91188, 1.86697],
						"2.08": [11.0831, 37.39848, 2.40619]
					}
				},
				"leftArm": {
					"rotation": {
						"0.0": [-62.30997, 16.9589, -85.13073],
						"1.04": [-63.55412, 3.58533, -92.05203],
						"2.08": [-62.30997, 16.9589, -85.13073]
					}
				},
				"lowerlarm": {
					"rotation": [-65, 0, 0]
				},
				"rightArm": {
					"rotation": {
						"0.0": [42.5, 0, 30],
						"1.04": [60, 0, 30],
						"2.08": [42.5, 0, 30]
					}
				},
				"lowerrarm": {
					"rotation": {
						"0.0": [-47.5, 0, 0],
						"1.04": [-62.5, 0, 0],
						"2.08": [-47.5, 0, 0]
					}
				},
				"rightleg": {
					"rotation": {
						"0.0": [2.62261, -1.93597, 12.75279],
						"1.04": [-7.37739, -1.93597, 12.75279],
						"2.08": [2.62261, -1.93597, 12.75279]
					}
				},
				"lowerrleg": {
					"rotation": {
						"0.0": [27.5, 0, 0],
						"1.04": [50, 0, 0],
						"2.08": [27.5, 0, 0]
					}
				},
				"leftleg": {
					"rotation": {
						"0.0": [-37.5, 0, -5],
						"1.04": [-52.5, 0, -5],
						"2.08": [-37.5, 0, -5]
					}
				},
				"lowerlleg": {
					"rotation": {
						"0.0": [27.5, 0, 0],
						"1.04": [45, 0, 0],
						"2.08": [27.5, 0, 0]
					}
				},
				"root": {
					"position": {
						"0.0": [0, 0, 0],
						"1.04": [0, -2, 0],
						"2.08": [0, 0, 0]
					}
				}
			}
		},
		"animation.glaive.stance_sprint": {
			"loop": true,
			"animation_length": 0.64,
			"override_previous_animation": true,
			"bones": {
				"waist": {
					"rotation": {
						"0.0": [27.23883, -19.24795, -9.60693],
						"0.32": [40.77573, 26.7597, 17.62104],
						"0.64": [27.23883, -19.24795, -9.60693]
					}
				},
				"leftArm": {
					"rotation": {
						"0.0": [50, 0, -5],
						"0.32": [-45, 0, -10],
						"0.64": [50, 0, -5]
					}
				},
				"lowerlarm": {
					"rotation": {
						"0.0": [-7.5, 0, 0],
						"0.32": [-47.5, 0, 0],
						"0.64": [-7.5, 0, 0]
					}
				},
				"rightArm": {
					"rotation": {
						"0.0": [20, 0, 30],
						"0.32": [35, 0, 30],
						"0.64": [20, 0, 30]
					}
				},
				"lowerrarm": {
					"rotation": {
						"0.0": [-57.5, 0, 0],
						"0.32": [-77.5, 0, 0],
						"0.64": [-57.5, 0, 0]
					}
				},
				"rightleg": {
					"rotation": {
						"0.0": [35, 0, 0],
						"0.32": [-32.5, 0, 0],
						"0.64": [35, 0, 0]
					}
				},
				"lowerrleg": {
					"rotation": {
						"0.0": [15, 0, 0],
						"0.16": [58.08, 0, 0],
						"0.32": [30, 0, 0],
						"0.48": [0.96, 0, 0],
						"0.64": [15, 0, 0]
					}
				},
				"leftleg": {
					"rotation": {
						"0.0": [-27.5, 0, 0],
						"0.16": [-10.96, 0, 0],
						"0.32": [30, 0, 0],
						"0.48": [-15.96, 0, 0],
						"0.64": [-27.5, 0, 0]
					}
				},
				"lowerlleg": {
					"rotation": {
						"0.0": [27.5, 0, 0],
						"0.16": [0.96, 0, 0],
						"0.32": [2.5, 0, 0],
						"0.48": [58.08, 0, 0],
						"0.64": [27.5, 0, 0]
					}
				},
				"root": {
					"rotation": {
						"0.0": [-5, 0, 0],
						"0.16": [0, 0, 0],
						"0.32": [-2.5, 0, 0],
						"0.48": [2.5, 0, 0],
						"0.64": [-5, 0, 0]
					},
					"position": {
						"0.0": [0, -1, 0],
						"0.16": [0, 0, 0],
						"0.32": [0, -1, 0],
						"0.48": [0, 0, 0],
						"0.64": [0, -1, 0]
					}
				}
			}
		},
		"animation.glaive.stance_move": {
			"loop": true,
			"animation_length": 1.04,
			"override_previous_animation": true,
			"bones": {
				"waist": {
					"rotation": {
						"0.0": [13.5831, 37.39848, 2.40619],
						"0.52": [9.91982, 27.56465, 0.2482],
						"1.04": [13.5831, 37.39848, 2.40619]
					}
				},
				"leftArm": {
					"rotation": {
						"0.0": [-62.30997, 16.9589, -85.13073],
						"0.52": [-59.80215, 27.91033, -78.5954],
						"1.04": [-62.30997, 16.9589, -85.13073]
					}
				},
				"lowerlarm": {
					"rotation": {
						"0.0": [-65, 0, 0],
						"0.52": [-77.5, 0, 0],
						"1.04": [-65, 0, 0]
					}
				},
				"rightArm": {
					"rotation": {
						"0.0": [55, 0, 30],
						"0.52": [32.5, 0, 30],
						"1.04": [55, 0, 30]
					}
				},
				"lowerrarm": {
					"rotation": {
						"0.0": [-47.5, 0, 0],
						"0.52": [-32.5, 0, 0],
						"1.04": [-47.5, 0, 0]
					}
				},
				"rightleg": {
					"rotation": {
						"0.0": [35, 0, 0],
						"0.52": [-32.5, 0, 0],
						"1.04": [35, 0, 0]
					}
				},
				"lowerrleg": {
					"rotation": {
						"0.0": [15, 0, 0],
						"0.28": [58.08, 0, 0],
						"0.52": [30, 0, 0],
						"0.8": [0.96, 0, 0],
						"1.04": [15, 0, 0]
					}
				},
				"leftleg": {
					"rotation": {
						"0.0": [-27.5, 0, 0],
						"0.24": [-10.96, 0, 0],
						"0.52": [30, 0, 0],
						"0.8": [-15.96, 0, 0],
						"1.04": [-27.5, 0, 0]
					}
				},
				"lowerlleg": {
					"rotation": {
						"0.0": [27.5, 0, 0],
						"0.24": [0.96, 0, 0],
						"0.52": [2.5, 0, 0],
						"0.8": [58.08, 0, 0],
						"1.04": [27.5, 0, 0]
					}
				},
				"root": {
					"rotation": {
						"0.0": [-2.5, 0, 0],
						"0.28": [0, 0, 0],
						"0.52": [-2.5, 0, 0],
						"0.8": [2.5, 0, 0],
						"1.04": [-2.5, 0, 0]
					},
					"position": {
						"0.0": [0, -1, 0],
						"0.28": [0, 0, 0],
						"0.52": [0, -1, 0],
						"0.8": [0, 0, 0],
						"1.04": [0, -1, 0]
					}
				}
			}
		},
		"animation.glaive.attack_stance_0_0": {
			"loop": "hold_on_last_frame",
			"animation_length": 0.4,
			"override_previous_animation": true,
			"bones": {
				"waist": {
					"rotation": {
						"0.0": [21.22396, 56.59855, 9.814],
						"0.16": [19.44828, 78.42475, -10.83481],
						"0.28": [19.44828, 78.42475, -10.83481],
						"0.36": [-45.00516, -34.87917, 9.57225],
						"0.4": [-150.53898, -69.51662, 125.37482]
					}
				},
				"leftArm": {
					"rotation": {
						"0.0": [-25.63698, 31.26463, -79.87472],
						"0.28": [-43.13698, 31.26463, -79.87472]
					}
				},
				"lowerlarm": {
					"rotation": {
						"0.0": [-77.5, 0, 0],
						"0.28": [-65, 0, 0]
					}
				},
				"rightArm": {
					"rotation": {
						"0.0": [-127.72295, 15.72939, -88.37798],
						"0.08": [-127.72295, 15.72939, -88.37798],
						"0.28": [-160.22295, 15.72939, -88.37798]
					}
				},
				"lowerrarm": {
					"rotation": {
						"0.0": [42.5, 0, 0],
						"0.08": [42.5, 0, 0],
						"0.28": [65, 0, 0]
					}
				},
				"rightleg": {
					"rotation": {
						"0.0": [2.80864, -0.92763, 5.31846],
						"0.16": [17.80864, -0.92763, 5.31846],
						"0.28": [17.80864, -0.92763, 5.31846],
						"0.36": [-62.19136, -0.92763, 5.31846],
						"0.4": [-34.69136, -0.92763, 5.31846]
					}
				},
				"lowerrleg": {
					"rotation": {
						"0.0": [10, 0, 0],
						"0.16": [30, 0, 0],
						"0.28": [30, 0, 0],
						"0.36": [45, 0, 0],
						"0.4": [32.5, 0, 0]
					}
				},
				"leftleg": {
					"rotation": {
						"0.0": [-12.5, 0, -5],
						"0.16": [-32.5, 0, -5],
						"0.28": [-32.5, 0, -5],
						"0.4": [10, 0, -5]
					}
				},
				"lowerlleg": {
					"rotation": {
						"0.0": [12.5, 0, 0],
						"0.16": [27.5, 0, 0],
						"0.28": [27.5, 0, 0],
						"0.4": [15, 0, 0]
					}
				},
				"rightItem": {
					"position": [0, 0, 14]
				},
				"root": {
					"position": {
						"0.0": [0, 0, 0],
						"0.16": [0, -1, 3],
						"0.28": [0, -1, 3],
						"0.4": [0, -1, -3]
					}
				}
			}
		},
		"animation.glaive.inbetween_stance_0_0": {
			"loop": "hold_on_last_frame",
			"override_previous_animation": true,
			"bones": {
				"waist": {
					"rotation": [-150.53898, -69.51662, 125.37482]
				},
				"leftArm": {
					"rotation": [-25.63698, 31.26463, -79.87472]
				},
				"lowerlarm": {
					"rotation": [-77.5, 0, 0]
				},
				"rightArm": {
					"rotation": [-127.72295, 15.72939, -88.37798]
				},
				"lowerrarm": {
					"rotation": [42.5, 0, 0]
				},
				"rightleg": {
					"rotation": [-34.69136, -0.92763, 5.31846]
				},
				"lowerrleg": {
					"rotation": [32.5, 0, 0]
				},
				"leftleg": {
					"rotation": [10, 0, -5]
				},
				"lowerlleg": {
					"rotation": [15, 0, 0]
				},
				"rightItem": {
					"position": [0, 0, 14]
				},
				"root": {
					"position": [0, -1, -3]
				}
			}
		},
		"animation.glaive.return_stance_0_0": {
			"loop": "hold_on_last_frame",
			"animation_length": 0.52,
			"override_previous_animation": true,
			"bones": {
				"waist": {
					"rotation": {
						"0.0": [-125.53898, -69.51662, 125.37482],
						"0.28": [22.10319, -71.77978, -16.41466],
						"0.52": [21.22396, 56.59855, 9.814]
					}
				},
				"leftArm": {
					"rotation": {
						"0.0": [-25.63698, 31.26463, -79.87472],
						"0.52": [-25.63698, 31.26463, -79.87472]
					}
				},
				"lowerlarm": {
					"rotation": {
						"0.0": [-77.5, 0, 0],
						"0.52": [-77.5, 0, 0]
					}
				},
				"rightArm": {
					"rotation": {
						"0.0": [-127.72295, 15.72939, -88.37798],
						"0.52": [-127.72295, 15.72939, -88.37798]
					}
				},
				"lowerrarm": {
					"rotation": {
						"0.0": [42.5, 0, 0],
						"0.52": [42.5, 0, 0]
					}
				},
				"rightleg": {
					"rotation": {
						"0.0": [-34.69136, -0.92763, 5.31846],
						"0.52": [2.80864, -0.92763, 5.31846]
					}
				},
				"lowerrleg": {
					"rotation": {
						"0.0": [32.5, 0, 0],
						"0.52": [10, 0, 0]
					}
				},
				"leftleg": {
					"rotation": {
						"0.0": [10, 0, -5],
						"0.52": [-12.5, 0, -5]
					}
				},
				"lowerlleg": {
					"rotation": {
						"0.0": [15, 0, 0],
						"0.52": [12.5, 0, 0]
					}
				},
				"rightItem": {
					"position": {
						"0.0": [0, 0, 14],
						"0.52": [0, 0, 14]
					}
				},
				"root": {
					"position": [0, -1, -3]
				}
			}
		},
		"animation.glaive.attack_stance_0_1": {
			"loop": "hold_on_last_frame",
			"animation_length": 0.36,
			"override_previous_animation": true,
			"bones": {
				"waist": {
					"rotation": {
						"0.0": [-150.53898, -69.51662, 125.37482],
						"0.16": [-37.95708, -80.07617, 66.26275],
						"0.28": [-37.95708, -80.07617, 66.26275],
						"0.36": [52.34452, -82.0044, -47.17831]
					}
				},
				"leftArm": {
					"rotation": {
						"0.0": [-25.63698, 31.26463, -79.87472],
						"0.16": [-27.1083, 35.74518, -82.53774],
						"0.28": [-27.1083, 35.74518, -82.53774],
						"0.36": [0.3917, 35.74518, -82.53774]
					}
				},
				"lowerlarm": {
					"rotation": {
						"0.0": [-77.5, 0, 0],
						"0.28": [-52.5, 0, 0],
						"0.36": [-115, 0, 0]
					}
				},
				"rightArm": {
					"rotation": {
						"0.0": [-127.72295, 15.72939, -88.37798],
						"0.16": [-126.69593, 9.75281, -83.73005],
						"0.28": [-96.69593, 9.75281, -83.73005],
						"0.36": [-171.69593, 9.75281, -83.73005]
					}
				},
				"lowerrarm": {
					"rotation": {
						"0.0": [42.5, 0, 0],
						"0.28": [17.5, 0, 0],
						"0.36": [87.5, 0, 0]
					}
				},
				"rightleg": {
					"rotation": {
						"0.0": [-34.69136, -0.92763, 5.31846],
						"0.16": [7.80864, -0.92763, 5.31846],
						"0.28": [7.80864, -0.92763, 5.31846],
						"0.32": [-70.94136, -0.92763, 5.31846],
						"0.36": [-24.69136, -0.92763, 5.31846]
					}
				},
				"lowerrleg": {
					"rotation": {
						"0.0": [32.5, 0, 0],
						"0.16": [17.5, 0, 0],
						"0.28": [17.5, 0, 0],
						"0.32": [70, 0, 0],
						"0.36": [22.5, 0, 0]
					}
				},
				"leftleg": {
					"rotation": {
						"0.0": [10, 0, -5],
						"0.16": [-32.5, 0, -5],
						"0.28": [-32.5, 0, -5],
						"0.36": [17.5, 0, -5]
					}
				},
				"lowerlleg": {
					"rotation": [15, 0, 0]
				},
				"rightItem": {
					"position": [0, 0, 14]
				},
				"root": {
					"position": {
						"0.0": [0, -1, -3],
						"0.16": [0, -1, 3],
						"0.28": [0, -1, 3],
						"0.36": [0, -1, -3]
					}
				}
			}
		},
		"animation.glaive.inbetween_stance_0_1": {
			"loop": "hold_on_last_frame",
			"override_previous_animation": true,
			"bones": {
				"waist": {
					"rotation": [52.34452, -82.0044, -47.17831]
				},
				"leftArm": {
					"rotation": [0.3917, 35.74518, -82.53774]
				},
				"lowerlarm": {
					"rotation": [-115, 0, 0]
				},
				"rightArm": {
					"rotation": [-171.69593, 9.75281, -83.73005]
				},
				"lowerrarm": {
					"rotation": [87.5, 0, 0]
				},
				"rightleg": {
					"rotation": [-24.69136, -0.92763, 5.31846]
				},
				"lowerrleg": {
					"rotation": [22.5, 0, 0]
				},
				"leftleg": {
					"rotation": [17.5, 0, -5]
				},
				"lowerlleg": {
					"rotation": [15, 0, 0]
				},
				"rightItem": {
					"position": [0, 0, 14]
				},
				"root": {
					"position": [0, -1, -3]
				}
			}
		},
		"animation.glaive.return_stance_0_1": {
			"loop": "hold_on_last_frame",
			"animation_length": 0.52,
			"override_previous_animation": true,
			"bones": {
				"waist": {
					"rotation": {
						"0.0": [52.34452, -82.0044, -47.17831],
						"0.52": [21.22396, 56.59855, 9.814]
					}
				},
				"leftArm": {
					"rotation": {
						"0.0": [0.3917, 35.74518, -82.53774],
						"0.52": [-25.63698, 31.26463, -79.87472]
					}
				},
				"lowerlarm": {
					"rotation": {
						"0.0": [-115, 0, 0],
						"0.52": [-77.5, 0, 0]
					}
				},
				"rightArm": {
					"rotation": {
						"0.0": [-171.69593, 9.75281, -83.73005],
						"0.52": [-127.72295, 15.72939, -88.37798]
					}
				},
				"lowerrarm": {
					"rotation": {
						"0.0": [87.5, 0, 0],
						"0.52": [42.5, 0, 0]
					}
				},
				"rightleg": {
					"rotation": {
						"0.0": [-24.69136, -0.92763, 5.31846],
						"0.52": [2.80864, -0.92763, 5.31846]
					}
				},
				"lowerrleg": {
					"rotation": {
						"0.0": [22.5, 0, 0],
						"0.52": [10, 0, 0]
					}
				},
				"leftleg": {
					"rotation": {
						"0.0": [17.5, 0, -5],
						"0.52": [-12.5, 0, -5]
					}
				},
				"lowerlleg": {
					"rotation": {
						"0.0": [15, 0, 0],
						"0.52": [12.5, 0, 0]
					}
				},
				"rightItem": {
					"position": {
						"0.0": [0, 0, 14],
						"0.52": [0, 0, 14]
					}
				},
				"root": {
					"position": [0, -1, -3]
				}
			}
		},
		"animation.glaive.attack_stance_0_2": {
			"loop": "hold_on_last_frame",
			"animation_length": 0.6,
			"override_previous_animation": true,
			"bones": {
				"waist": {
					"rotation": {
						"0.0": [52.34452, -82.0044, -47.17831],
						"0.24": [6.32884, -2.57966, 4.60916],
						"0.44": [-21.17116, -2.57966, 4.60916],
						"0.56": [73.82884, -2.57966, 4.60916],
						"0.6": [93.82884, -2.57966, 4.60916]
					}
				},
				"leftArm": {
					"rotation": {
						"0.0": [0.3917, 35.74518, -82.53774],
						"0.24": [-121.30899, 20.64353, -29.25743],
						"0.44": [-121.30899, 20.64353, -29.25743],
						"0.56": [-21.76533, 43.35164, 10.37971]
					}
				},
				"lowerlarm": {
					"rotation": {
						"0.0": [-115, 0, 0],
						"0.24": [-20, 0, 0],
						"0.44": [-20, 0, 0]
					}
				},
				"rightArm": {
					"rotation": {
						"0.0": [-171.69593, 9.75281, -83.73005],
						"0.24": [-146.67414, -1.06107, 42.99917],
						"0.44": [-146.67414, -1.06107, 42.99917],
						"0.56": [-32.89781, -28.00774, -22.66952]
					}
				},
				"lowerrarm": {
					"rotation": {
						"0.0": [87.5, 0, 0],
						"0.24": [-37.5, 0, 0],
						"0.44": [-37.5, 0, 0]
					}
				},
				"rightleg": {
					"rotation": {
						"0.0": [-24.69136, -0.92763, 5.31846],
						"0.44": [-24.69136, -0.92763, 5.31846],
						"0.56": [20.30864, -0.92763, 5.31846]
					}
				},
				"lowerrleg": {
					"rotation": [22.5, 0, 0]
				},
				"leftleg": {
					"rotation": {
						"0.0": [17.5, 0, -5],
						"0.44": [17.5, 0, -5],
						"0.48": [-46.63183, 2.594, -13.36817],
						"0.52": [-32.72209, 9.37803, -9.13226],
						"0.56": [-20.76366, 5.188, -21.73634]
					}
				},
				"lowerlleg": {
					"rotation": {
						"0.0": [15, 0, 0],
						"0.44": [15, 0, 0],
						"0.48": [52.5, 0, 0],
						"0.56": [17.5, 0, 0]
					}
				},
				"rightItem": {
					"rotation": {
						"0.0": [0, 0, 0],
						"0.24": [0, 0, 45],
						"0.44": [0, 0, 45],
						"0.6": [0, -5, 45]
					},
					"position": {
						"0.0": [0, 0, 14],
						"0.24": [1, 0, 14],
						"0.44": [1, 0, 14]
					}
				},
				"root": {
					"position": {
						"0.0": [0, -1, -3],
						"0.52": [0, -1, -3],
						"0.6": [0, -1, -8]
					}
				}
			}
		},
		"animation.glaive.inbetween_stance_0_2": {
			"loop": "hold_on_last_frame",
			"override_previous_animation": true,
			"bones": {
				"waist": {
					"rotation": [93.82884, -2.57966, 4.60916]
				},
				"leftArm": {
					"rotation": [-21.76533, 43.35164, 10.37971]
				},
				"lowerlarm": {
					"rotation": [-20, 0, 0]
				},
				"rightArm": {
					"rotation": [-32.89781, -28.00774, -22.66952]
				},
				"lowerrarm": {
					"rotation": [-37.5, 0, 0]
				},
				"rightleg": {
					"rotation": [20.30864, -0.92763, 5.31846]
				},
				"leftleg": {
					"rotation": [-32.72209, 9.37803, -9.13226]
				},
				"lowerlleg": {
					"rotation": [52.5, 0, 0]
				},
				"rightItem": {
					"rotation": [0, 0, 45],
					"position": [1, 0, 14]
				},
				"root": {
					"position": [0, -1, -8]
				}
			}
		},
		"animation.glaive.return_stance_0_2": {
			"loop": "hold_on_last_frame",
			"animation_length": 0.52,
			"override_previous_animation": true,
			"bones": {
				"waist": {
					"rotation": {
						"0.0": [93.82884, -2.57966, 4.60916],
						"0.52": [21.22396, 56.59855, 9.814]
					}
				},
				"leftArm": {
					"rotation": {
						"0.0": [-21.76533, 43.35164, 10.37971],
						"0.52": [-25.63698, 31.26463, -79.87472]
					}
				},
				"lowerlarm": {
					"rotation": {
						"0.0": [-20, 0, 0],
						"0.52": [-77.5, 0, 0]
					}
				},
				"rightArm": {
					"rotation": {
						"0.0": [-32.89781, -28.00774, -22.66952],
						"0.52": [-127.72295, 15.72939, -88.37798]
					}
				},
				"lowerrarm": {
					"rotation": {
						"0.0": [-37.5, 0, 0],
						"0.52": [42.5, 0, 0]
					}
				},
				"rightleg": {
					"rotation": {
						"0.0": [20.30864, -0.92763, 5.31846],
						"0.52": [2.80864, -0.92763, 5.31846]
					}
				},
				"leftleg": {
					"rotation": {
						"0.0": [-32.72209, 9.37803, -9.13226],
						"0.52": [-12.5, 0, -5]
					}
				},
				"lowerlleg": {
					"rotation": {
						"0.0": [52.5, 0, 0],
						"0.52": [12.5, 0, 0]
					}
				},
				"rightItem": {
					"rotation": [0, 0, 45],
					"position": {
						"0.0": [1, 0, 14],
						"0.52": [0, 0, 14]
					}
				},
				"root": {
					"position": {
						"0.0": [0, -1, -8],
						"0.52": [0, 0, 0]
					}
				},
				"lowerrleg": {
					"rotation": [10, 0, 0]
				}
			}
		},
		"animation.glaive.attack_stance_0_3": {
			"loop": "hold_on_last_frame",
			"animation_length": 0.52,
			"override_previous_animation": true,
			"bones": {
				"waist": {
					"rotation": {
						"0.0": [93.82884, -2.57966, 4.60916],
						"0.24": [206.39797, -75.99321, -200.84117],
						"0.4": [206.39797, -75.99321, -200.84117],
						"0.44": [364.57608, -4.9537, -353.93183],
						"0.48": [346.9052, 64.90878, -370.41867],
						"0.52": [232.75419, 66.08581, -507.02249]
					}
				},
				"leftArm": {
					"rotation": {
						"0.0": [-21.76533, 43.35164, 10.37971],
						"0.24": [-67.68633, 32.07943, -61.9525],
						"0.4": [-67.68633, 32.07943, -61.9525],
						"0.52": [-44.25414, 25.34601, -70.39336]
					}
				},
				"lowerlarm": {
					"rotation": [-20, 0, 0]
				},
				"rightArm": {
					"rotation": {
						"0.0": [-32.89781, -28.00774, -22.66952],
						"0.24": [-89.59059, -10.34404, 103.67913],
						"0.4": [-89.59059, -10.34404, 103.67913],
						"0.52": [-47.09059, -10.34404, 103.67913]
					}
				},
				"lowerrarm": {
					"rotation": {
						"0.0": [-37.5, 0, 0],
						"0.24": [-7.5, 0, 0],
						"0.4": [-7.5, 0, 0],
						"0.52": [-47.5, 0, 0]
					}
				},
				"rightleg": {
					"rotation": {
						"0.0": [20.30864, -0.92763, 5.31846],
						"0.4": [20.30864, -0.92763, 5.31846],
						"0.52": [-29.69136, -0.92763, 5.31846]
					}
				},
				"leftleg": {
					"rotation": {
						"0.0": [-32.72209, 9.37803, -9.13226],
						"0.4": [-32.72209, 9.37803, -9.13226],
						"0.52": [24.77791, 9.37803, -9.13226]
					}
				},
				"lowerlleg": {
					"rotation": {
						"0.0": [52.5, 0, 0],
						"0.4": [52.5, 0, 0],
						"0.52": [2.5, 0, 0]
					}
				},
				"rightItem": {
					"rotation": {
						"0.0": [0, 0, 45],
						"0.24": [0, 0, 0],
						"0.4": [0, 0, 0]
					},
					"position": {
						"0.0": [1, 0, 14],
						"0.24": [0, 0, 3],
						"0.4": [0, 0, 3]
					}
				},
				"root": {
					"position": {
						"0.0": [0, -1, -8],
						"0.24": [0, -1, -3],
						"0.4": [0, -1, -3],
						"0.52": [0, -1, -8]
					}
				},
				"lowerrleg": {
					"rotation": [30, 0, 0]
				}
			}
		},
		"animation.glaive.return_stance_0_3": {
			"loop": "hold_on_last_frame",
			"animation_length": 0.52,
			"override_previous_animation": true,
			"bones": {
				"waist": {
					"rotation": {
						"0.0": [232.75419, 66.08581, -507.02249],
						"0.52": [377.4013, 72.66925, -353.29521]
					}
				},
				"leftArm": {
					"rotation": {
						"0.0": [-44.25414, 25.34601, -70.39336],
						"0.52": [-25.63698, 31.26463, -79.87472]
					}
				},
				"lowerlarm": {
					"rotation": {
						"0.0": [-20, 0, 0],
						"0.52": [-77.5, 0, 0]
					}
				},
				"rightArm": {
					"rotation": {
						"0.0": [-47.09059, -10.34404, 103.67913],
						"0.52": [-127.72295, 15.72939, -88.37798]
					}
				},
				"lowerrarm": {
					"rotation": {
						"0.0": [-47.5, 0, 0],
						"0.52": [42.5, 0, 0]
					}
				},
				"rightleg": {
					"rotation": {
						"0.0": [-29.69136, -0.92763, 5.31846],
						"0.52": [2.80864, -0.92763, 5.31846]
					}
				},
				"leftleg": {
					"rotation": {
						"0.0": [24.77791, 9.37803, -9.13226],
						"0.52": [-12.5, 0, -5]
					}
				},
				"lowerlleg": {
					"rotation": {
						"0.0": [2.5, 0, 0],
						"0.52": [12.5, 0, 0]
					}
				},
				"rightItem": {
					"rotation": [0, 0, 0],
					"position": {
						"0.0": [0, 0, 3],
						"0.52": [0, 0, 14]
					}
				},
				"root": {
					"position": [0, -1, -8]
				},
				"lowerrleg": {
					"rotation": {
						"0.0": [30, 0, 0],
						"0.52": [10, 0, 0]
					}
				}
			}
		},
		"animation.glaive.ability_lunge": {
			"animation_length": 0.52,
			"override_previous_animation": true,
			"bones": {
				"waist": {
					"rotation": {
						"0.0": [34.84712, 66.31842, 16.25151],
						"0.08": [16.2228, 56.86349, 9.31425],
						"0.2": [16.2228, 56.86349, 9.31425],
						"0.28": [1.38612, -28.54752, -7.28283]
					}
				},
				"leftArm": {
					"rotation": {
						"0.0": [-62.30997, 16.9589, -85.13073],
						"0.08": [-62.30997, 16.9589, -85.13073],
						"0.2": [-62.30997, 16.9589, -85.13073],
						"0.28": [15.45143, -4.19565, -21.05948]
					}
				},
				"lowerlarm": {
					"rotation": {
						"0.0": [-65, 0, 0],
						"0.08": [-65, 0, 0],
						"0.2": [-65, 0, 0]
					}
				},
				"rightArm": {
					"rotation": {
						"0.0": [42.5, 0, 30],
						"0.08": [52.79292, -11.12347, 87.13295],
						"0.2": [52.79292, -11.12347, 87.13295],
						"0.28": [-6.80367, -5.25629, 80.39011]
					}
				},
				"lowerrarm": {
					"rotation": {
						"0.0": [-47.5, 0, 0],
						"0.08": [-95, 0, 0],
						"0.2": [-95, 0, 0],
						"0.28": [-22.5, 0, 0]
					}
				},
				"rightleg": {
					"rotation": [2.62261, -1.93597, 12.75279]
				},
				"lowerrleg": {
					"rotation": [27.5, 0, 0]
				},
				"leftleg": {
					"rotation": [-37.5, 0, -5]
				},
				"lowerlleg": {
					"rotation": [27.5, 0, 0]
				},
				"rightItem": {
					"rotation": {
						"0.0": [5, 0, 0],
						"0.08": [5, 0, 0],
						"0.2": [5, 0, 0],
						"0.28": [65, 0, 0]
					}
				}
			}
		},
		"animation.glaive.attack_test_0": {
			"loop": "hold_on_last_frame",
			"animation_length": 0.68,
			"override_previous_animation": true,
			"bones": {
				"waist": {
					"rotation": {
						"0.0": [11.0831, 37.39848, 2.40619],
						"0.24": [-4.44072, -50.70565, 5.77368],
						"0.6": [-4.44072, -50.70565, 5.77368],
						"0.68": [20.37989, 63.9898, 14.08412]
					}
				},
				"leftArm": {
					"rotation": {
						"0.0": [-62.30997, 16.9589, -85.13073],
						"0.24": [-56.95556, -30.71795, -46.12125],
						"0.6": [-56.95556, -30.71795, -46.12125],
						"0.68": [-102.30997, 16.9589, -85.13073]
					}
				},
				"lowerlarm": {
					"rotation": {
						"0.0": [-65, 0, 0],
						"0.24": [-65, 0, 0],
						"0.6": [-65, 0, 0],
						"0.68": [-20, 0, 0]
					}
				},
				"rightArm": {
					"rotation": {
						"0.0": [42.5, 0, 30],
						"0.24": [-41.93477, -29.5458, 61.6854],
						"0.6": [-41.93477, -29.5458, 61.6854],
						"0.68": [4.49261, -18.9426, 95.77045]
					}
				},
				"lowerrarm": {
					"rotation": {
						"0.0": [-47.5, 0, 0],
						"0.24": [-52.5, 0, 0],
						"0.6": [-52.5, 0, 0],
						"0.68": [-75, 0, 0]
					}
				},
				"rightleg": {
					"rotation": {
						"0.0": [2.62261, -1.93597, 12.75279],
						"0.24": [-34.87739, -1.93597, 12.75279],
						"0.6": [-34.87739, -1.93597, 12.75279],
						"0.68": [2.62261, -1.93597, 12.75279]
					}
				},
				"lowerrleg": {
					"rotation": {
						"0.0": [27.5, 0, 0],
						"0.24": [27.5, 0, 0],
						"0.6": [27.5, 0, 0],
						"0.68": [42.5, 0, 0]
					}
				},
				"leftleg": {
					"rotation": {
						"0.0": [-37.5, 0, -5],
						"0.24": [15, 0, -5],
						"0.6": [15, 0, -5],
						"0.68": [-49.57723, -6.06809, -12.96341]
					}
				},
				"lowerlleg": {
					"rotation": {
						"0.0": [27.5, 0, 0],
						"0.24": [10, 0, 0],
						"0.6": [10, 0, 0],
						"0.68": [47.5, 0, 0]
					}
				},
				"root": {
					"rotation": {
						"0.16": [0, 0, 0],
						"0.24": [0, -27.5, 0],
						"0.6": [0, -27.5, 0],
						"0.68": [0, 42.5, 0]
					},
					"position": {
						"0.16": [0, 0, 0],
						"0.24": [0, -1, 0],
						"0.6": [0, -1, 0],
						"0.68": [0, -1, -14]
					}
				},
				"rightItem": {
					"rotation": {
						"0.6": [0, 0, 0],
						"0.68": [0, 5, 0]
					}
				},
				"glaive_back": {
					"scale": 0
				}
			}
		},
		"animation.glaive.attack_test_inbetween_0": {
			"loop": "hold_on_last_frame",
			"animation_length": 2.08,
			"override_previous_animation": true,
			"bones": {
				"waist": {
					"rotation": {
						"0.0": [20.37989, 63.9898, 14.08412],
						"1.04": [20.37989, 63.9898, 14.08412],
						"1.56": [11.0831, 37.39848, 2.40619]
					}
				},
				"leftArm": {
					"rotation": {
						"0.0": [-102.30997, 16.9589, -85.13073],
						"1.04": [-102.30997, 16.9589, -85.13073],
						"1.56": [-62.30997, 16.9589, -85.13073]
					}
				},
				"lowerlarm": {
					"rotation": {
						"0.0": [-20, 0, 0],
						"1.04": [-20, 0, 0],
						"1.56": [-65, 0, 0]
					}
				},
				"rightArm": {
					"rotation": {
						"0.0": [4.49261, -18.9426, 95.77045],
						"1.04": [4.49261, -18.9426, 95.77045],
						"1.56": [42.5, 0, 30]
					}
				},
				"lowerrarm": {
					"rotation": {
						"0.0": [-75, 0, 0],
						"1.04": [-75, 0, 0],
						"1.56": [-47.5, 0, 0]
					}
				},
				"rightleg": {
					"rotation": {
						"0.0": [2.62261, -1.93597, 12.75279],
						"1.04": [2.62261, -1.93597, 12.75279],
						"1.56": [2.62261, -1.93597, 12.75279]
					}
				},
				"lowerrleg": {
					"rotation": {
						"0.0": [42.5, 0, 0],
						"1.04": [42.5, 0, 0],
						"1.56": [27.5, 0, 0]
					}
				},
				"leftleg": {
					"rotation": {
						"0.0": [-49.57723, -6.06809, -12.96341],
						"1.04": [-49.57723, -6.06809, -12.96341],
						"1.56": [-37.5, 0, -5]
					}
				},
				"lowerlleg": {
					"rotation": {
						"0.0": [47.5, 0, 0],
						"1.04": [47.5, 0, 0],
						"1.56": [27.5, 0, 0]
					}
				},
				"root": {
					"rotation": {
						"0.0": [0, 42.5, 0],
						"1.04": [0, 42.5, 0],
						"1.56": [0, 0, 0]
					},
					"position": {
						"0.0": [0, -1, 0],
						"1.04": [0, -1, 0],
						"1.56": [0, -1, 0]
					}
				},
				"rightItem": {
					"rotation": [0, 5, 0]
				},
				"glaive_back": {
					"scale": 0
				}
			}
		},
		"animation.glaive.attack_test_1": {
			"loop": "hold_on_last_frame",
			"animation_length": 1.12,
			"override_previous_animation": true,
			"bones": {
				"waist": {
					"rotation": {
						"0.0": [20.37989, 63.9898, 14.08412],
						"0.36": [8.16259, 4.63509, 1.29792],
						"0.92": [8.16259, 4.63509, 1.29792],
						"1.12": [27.15395, -32.44658, -4.58077]
					}
				},
				"leftArm": {
					"rotation": {
						"0.0": [-102.30997, 16.9589, -85.13073],
						"0.2": [-114.04257, -18.97586, -65.67067],
						"0.36": [-140.65016, -74.70929, -31.85442],
						"0.48": [-147.833, -74.70929, -31.85442],
						"0.6": [-141.52703, -74.70929, -31.85442],
						"0.68": [-146.30782, -74.70929, -31.85442],
						"0.92": [-140.65016, -74.70929, -31.85442],
						"1.04": [-115.28185, 1.84293, -87.00358],
						"1.12": [-101.86115, 7.17938, -82.99228]
					}
				},
				"lowerlarm": {
					"rotation": [-20, 0, 0]
				},
				"rightArm": {
					"rotation": {
						"0.0": [4.49261, -18.9426, 95.77045],
						"0.36": [-50.53262, 79.59062, 126.46767],
						"0.48": [-57.84512, 79.59062, 126.46767],
						"0.6": [-54.01558, 79.59062, 126.46767],
						"0.68": [-58.14484, 79.59062, 126.46767],
						"0.92": [-50.53262, 79.59062, 126.46767],
						"1.04": [-117.41523, -9.89895, -90.52427],
						"1.12": [-91.3354, -18.34056, -76.16203]
					}
				},
				"lowerrarm": {
					"rotation": {
						"0.0": [-75, 0, 0],
						"0.36": [-15, 0, 0],
						"0.92": [-15, 0, 0]
					}
				},
				"rightleg": {
					"rotation": {
						"0.0": [2.62261, -1.93597, 12.75279],
						"0.16": [-67.37739, -1.93597, 12.75279],
						"0.36": [0, 0, 0],
						"0.92": [0, 0, 0],
						"1.04": [-57.78373, 16.80497, 3.4871],
						"1.12": [-50.47288, 28.00829, 5.81184]
					}
				},
				"lowerrleg": {
					"rotation": {
						"0.0": [42.5, 0, 0],
						"0.36": [7.5, 0, 0],
						"0.92": [7.5, 0, 0],
						"1.12": [52.5, 0, 0]
					}
				},
				"leftleg": {
					"rotation": {
						"0.0": [-49.57723, -6.06809, -12.96341],
						"0.16": [-2.07723, -6.06809, -12.96341],
						"0.36": [0, 0, 0],
						"0.92": [0, 0, 0],
						"1.12": [15, 0, 0]
					}
				},
				"lowerlleg": {
					"rotation": {
						"0.0": [47.5, 0, 0],
						"0.36": [0, 0, 0],
						"0.92": [0, 0, 0],
						"1.12": [42.5, 0, 0]
					}
				},
				"root": {
					"rotation": {
						"0.0": [0, 42.5, 0],
						"0.36": [0, -2.5, 0],
						"0.92": [0, -2.5, 0],
						"1.12": [0, -47.5, 0]
					},
					"position": {
						"0.0": [0, -1, 0],
						"0.2": [0, 0, 0],
						"0.36": [0, 0, 0],
						"0.92": [0, 0, 0],
						"1.12": [2, -2, -9]
					}
				},
				"rightItem": {
					"rotation": {
						"0.0": [0, 5, 0],
						"0.36": [10, 5, 0],
						"0.72": [-10, 5, 0],
						"0.92": [10, 5, 0],
						"1.04": [25, 5, 0]
					},
					"position": {
						"0.92": [0, 0, 0],
						"1.04": [1, 5.8, 9.4],
						"1.12": [0, 3, 9]
					}
				},
				"glaive_back": {
					"scale": 0
				},
				"rotator": {
					"rotation": {
						"0.4": [0, 0, 0],
						"0.84": [0, 720, 0]
					}
				}
			}
		},
		"animation.glaive.attack_test_inbetween_1": {
			"loop": "hold_on_last_frame",
			"animation_length": 2.08,
			"override_previous_animation": true,
			"bones": {
				"waist": {
					"rotation": {
						"0.0": [27.15395, -32.44658, -4.58077],
						"1.04": [27.15395, -32.44658, -4.58077],
						"1.56": [11.0831, 37.39848, 2.40619]
					}
				},
				"leftArm": {
					"rotation": {
						"0.0": [-101.86115, 7.17938, -82.99228],
						"1.04": [-101.86115, 7.17938, -82.99228],
						"1.56": [-62.30997, 16.9589, -85.13073]
					}
				},
				"lowerlarm": {
					"rotation": {
						"0.0": [-20, 0, 0],
						"1.04": [-20, 0, 0],
						"1.56": [-65, 0, 0]
					}
				},
				"rightArm": {
					"rotation": {
						"0.0": [-91.3354, -18.34056, -76.16203],
						"1.04": [-91.3354, -18.34056, -76.16203],
						"1.56": [42.5, 0, 30]
					}
				},
				"lowerrarm": {
					"rotation": {
						"0.0": [-15, 0, 0],
						"1.04": [-15, 0, 0],
						"1.56": [-47.5, 0, 0]
					}
				},
				"rightleg": {
					"rotation": {
						"0.0": [-50.47288, 28.00829, 5.81184],
						"1.04": [-50.47288, 28.00829, 5.81184],
						"1.56": [2.62261, -1.93597, 12.75279]
					}
				},
				"lowerrleg": {
					"rotation": {
						"0.0": [52.5, 0, 0],
						"1.04": [52.5, 0, 0],
						"1.56": [27.5, 0, 0]
					}
				},
				"leftleg": {
					"rotation": {
						"0.0": [15, 0, 0],
						"1.04": [15, 0, 0],
						"1.56": [-37.5, 0, -5]
					}
				},
				"lowerlleg": {
					"rotation": {
						"0.0": [42.5, 0, 0],
						"1.04": [42.5, 0, 0],
						"1.56": [27.5, 0, 0]
					}
				},
				"root": {
					"rotation": {
						"0.0": [0, -47.5, 0],
						"1.04": [0, -47.5, 0],
						"1.56": [0, 0, 0]
					},
					"position": {
						"0.0": [2, -2, -9],
						"1.04": [2, -2, -9],
						"1.56": [0, -1, 0]
					}
				},
				"rightItem": {
					"rotation": {
						"0.0": [0, 5, 0],
						"1.04": [0, 5, 0],
						"1.56": [0, 0, 0]
					},
					"position": {
						"0.0": [0, 3, 9],
						"1.04": [0, 3, 9],
						"1.56": [0, 0, 0]
					}
				},
				"rotator": {
					"rotation": [0, 720, 0]
				},
				"glaive_back": {
					"scale": 0
				}
			}
		},
		"animation.glaive.attack_test_2": {
			"loop": "hold_on_last_frame",
			"animation_length": 1.12,
			"override_previous_animation": true,
			"bones": {
				"waist": {
					"rotation": {
						"0.0": [27.15395, -32.44658, -4.58077],
						"0.28": [34.7683, -47.51684, -16.30501],
						"0.44": [34.7683, -47.51684, -16.30501],
						"0.52": [38.25775, -51.53821, -20.88821]
					}
				},
				"leftArm": {
					"rotation": {
						"0.0": [-96.86021, -7.8197, -83.15917],
						"0.28": [-71.86021, -7.8197, -83.15917],
						"0.44": [-71.86021, -7.8197, -83.15917],
						"0.52": [-86.86021, -7.8197, -83.15917]
					}
				},
				"lowerlarm": {
					"rotation": [-20, 0, 0]
				},
				"rightArm": {
					"rotation": {
						"0.0": [-91.3354, -18.34056, -76.16203],
						"0.28": [-62.66207, -11.84907, -90.17942],
						"0.44": [-62.66207, -11.84907, -90.17942],
						"0.52": [-77.66207, -11.84907, -90.17942]
					}
				},
				"lowerrarm": {
					"rotation": {
						"0.0": [-15, 0, 0],
						"0.28": [-27.5, 0, 0],
						"0.44": [-27.5, 0, 0],
						"0.52": [-12.5, 0, 0]
					}
				},
				"rightleg": {
					"rotation": {
						"0.0": [-50.47288, 28.00829, 5.81184],
						"0.28": [-0.47288, 28.00829, 5.81184],
						"0.44": [-0.47288, 28.00829, 5.81184],
						"0.52": [-11.4955, 6.00488, 10.76737]
					}
				},
				"lowerrleg": {
					"rotation": {
						"0.0": [52.5, 0, 0],
						"0.28": [12.5, 0, 0],
						"0.44": [12.5, 0, 0]
					}
				},
				"leftleg": {
					"rotation": {
						"0.0": [15, 0, 0],
						"0.28": [-7.38733, -1.29876, -9.91615],
						"0.44": [-7.38733, -1.29876, -9.91615]
					}
				},
				"lowerlleg": {
					"rotation": {
						"0.0": [42.5, 0, 0],
						"0.28": [30, 0, 0],
						"0.44": [30, 0, 0]
					}
				},
				"root": {
					"rotation": {
						"0.0": [0, -47.5, 0],
						"0.28": [-8.14881, -74.9383, 3.33885],
						"0.44": [-8.14881, -74.9383, 3.33885],
						"0.52": [-2.16279, -12.57489, -4.06251]
					},
					"position": {
						"0.0": [2, -2, -1],
						"0.28": [2, 0, -1],
						"0.44": [2, 0, -1],
						"0.52": [2, 0, -12]
					}
				},
				"rightItem": {
					"rotation": [0, 5, 0],
					"position": [1, 0, 9]
				},
				"rotator": {
					"rotation": [0, 720, 0]
				},
				"glaive_back": {
					"scale": 0
				}
			}
		},
		"animation.glaive.back_none": {
			"loop": true,
			"override_previous_animation": true,
			"bones": {
				"glaive_back": {
					"scale": 0
				}
			}
		},
		"animation.glaive.back_show": {
			"loop": true,
			"override_previous_animation": true,
			"bones": {
				"glaive_back": {
					"scale": 1
				}
			}
		},
		"animation.glaive.back_unsheathe": {
			"loop": "hold_on_last_frame",
			"animation_length": 1.12,
			"override_previous_animation": true,
			"bones": {
				"glaive_back": {
					"scale": {
						"0.0": [1, 1, 1],
						"0.24": [1, 1, 1],
						"0.28": [0, 0, 0]
					}
				},
				"leftleg": {
					"rotation": {
						"0.52": [0, 0, 0],
						"0.68": [-37.5, 0, -5]
					}
				},
				"lowerlleg": {
					"rotation": {
						"0.52": [0, 0, 0],
						"0.68": [27.5, 0, 0]
					}
				},
				"rightleg": {
					"rotation": {
						"0.52": [0, 0, 0],
						"0.68": [2.62261, -1.93597, 12.75279]
					}
				},
				"lowerrleg": {
					"rotation": {
						"0.52": [0, 0, 0],
						"0.68": [27.5, 0, 0]
					}
				},
				"waist": {
					"rotation": {
						"0.52": [0, 0, 0],
						"0.68": [11.0831, 37.39848, 2.40619]
					}
				},
				"leftArm": {
					"rotation": {
						"0.52": [0, 0, 0],
						"0.68": [-62.30997, 16.9589, -85.13073]
					}
				},
				"lowerlarm": {
					"rotation": {
						"0.52": [0, 0, 0],
						"0.68": [-65, 0, 0]
					}
				},
				"rightArm": {
					"rotation": {
						"0.0": [0, 0, 0],
						"0.24": [-137.81374, 17.38772, -18.2489],
						"0.52": [-2.81374, 17.38772, -18.2489],
						"0.68": [42.5, 0, 30]
					}
				},
				"lowerrarm": {
					"rotation": {
						"0.0": [0, 0, 0],
						"0.24": [-97.5, 0, 0],
						"0.52": [-20, 0, 0],
						"0.68": [-47.5, 0, 0]
					}
				},
				"rightItem": {
					"rotation": {
						"0.28": [0, 0, 90],
						"0.52": [0, 0, 0]
					},
					"position": {
						"0.28": [1, 0, 0],
						"0.52": [0, 0, 0]
					},
					"scale": {
						"0.0": [0, 0, 0],
						"0.24": [0, 0, 0],
						"0.28": [1, 1, 1]
					}
				}
			}
		},
		"animation.glaive.sneak": {
			"loop": true,
			"override_previous_animation": true,
			"bones": {
				"waist": {
					"rotation": [9.70887, 25.10122, -0.22724]
				},
				"leftArm": {
					"rotation": [-87.30997, 16.9589, -85.13073]
				},
				"lowerlarm": {
					"rotation": [-65, 0, 0]
				},
				"rightArm": {
					"rotation": [60.92746, -5.04011, 5.67124]
				},
				"lowerrarm": {
					"rotation": [-70, 0, 0]
				},
				"root": {
					"rotation": [0, -22.5, 0],
					"position": [0, -3, 0]
				},
				"trail": {
					"scale": 0
				},
				"leftleg": {
					"rotation": [0.41455, 5.9882, -10.52684]
				},
				"lowerlleg": {
					"rotation": [65, 0, 0]
				},
				"rightleg": {
					"rotation": [-64.08775, 14.11685, 1.29795]
				},
				"lowerrleg": {
					"rotation": [57.5, 0, 0]
				}
			}
		},
		"animation.glaive.sneak_move": {
			"loop": true,
			"animation_length": 1.04,
			"override_previous_animation": true,
			"bones": {
				"waist": {
					"rotation": {
						"0.0": [8.35726, 2.12998, 0.98623],
						"0.52": [8.48751, -10.23627, -0.84567],
						"1.04": [8.35726, 2.12998, 0.98623]
					}
				},
				"leftArm": {
					"rotation": {
						"0.0": [-87.30997, 16.9589, -85.13073],
						"0.52": [-102.30997, 16.9589, -85.13073],
						"1.04": [-87.30997, 16.9589, -85.13073]
					}
				},
				"lowerlarm": {
					"rotation": {
						"0.0": [-65, 0, 0],
						"0.52": [-72.5, 0, 0],
						"1.04": [-65, 0, 0]
					}
				},
				"rightArm": {
					"rotation": {
						"0.0": [60.92746, -5.04011, 5.67124],
						"0.52": [60.98888, 8.3137, 3.98908],
						"1.04": [60.92746, -5.04011, 5.67124]
					}
				},
				"lowerrarm": {
					"rotation": [-70, 0, 0]
				},
				"root": {
					"rotation": [0, 0, 0],
					"position": {
						"0.0": [0, -3, 0],
						"0.28": [0, -1, 0],
						"0.52": [0, -2, 0],
						"0.8": [0, -1, 0],
						"1.04": [0, -3, 0]
					}
				},
				"trail": {
					"scale": 0
				},
				"leftleg": {
					"rotation": {
						"0.0": [5, 0, 0],
						"0.28": [-70.77, 0, 0],
						"0.52": [-47.5, 0, 0],
						"1.04": [5, 0, 0]
					}
				},
				"lowerlleg": {
					"rotation": {
						"0.0": [70, 0, 0],
						"0.52": [47.5, 0, 0],
						"1.04": [70, 0, 0]
					}
				},
				"rightleg": {
					"rotation": {
						"0.0": [-47.5, 0, 0],
						"0.52": [-2.5, 0, 0],
						"0.8": [-56.73, 0, 0],
						"1.04": [-47.5, 0, 0]
					}
				},
				"lowerrleg": {
					"rotation": {
						"0.0": [47.5, 0, 0],
						"0.52": [60, 0, 0],
						"1.04": [47.5, 0, 0]
					}
				}
			}
		}
	}
}