{
	"format_version": "1.8.0",
	"animations": {
		"animation.longsword.stance_0": {
			"loop": true,
			"override_previous_animation": true,
			"bones": {
				"root": {
					"position": [0, -1, 0]
				},
				"waist": {
					"rotation": [10.03742, -4.92385, -0.87038]
				},
				"leftArm": {
					"rotation": [0.57228, 13.34778, 43.3002],
					"position": [1, 0, -2]
				},
				"lowerlarm": {
					"rotation": [-50, 0, 0]
				},
				"rightArm": {
					"rotation": [-52.03534, -28.00308, -10.9599],
					"position": [1, 0, -2]
				},
				"lowerrarm": {
					"rotation": [-25, 0, 0]
				},
				"rightItem": {
					"rotation": [25.2609, -8.81894, 32.20143],
					"position": [1, 0, 0]
				},
				"rightleg": {
					"rotation": [-37.5, 0, 0]
				},
				"lowerrleg": {
					"rotation": [32.5, 0, 0]
				},
				"leftleg": {
					"rotation": [22.5, 0, 0]
				},
				"lowerlleg": {
					"rotation": [7.5, 0, 0]
				}
			}
		},
		"animation.longsword.attack_0": {
			"loop": "hold_on_last_frame",
			"animation_length": 0.52,
			"override_previous_animation": true,
			"bones": {
				"root": {
					"rotation": {
						"0.0": [0, 0, 0],
						"0.08": [-2.5, 0, 0],
						"0.2": [-2.5, 0, 0],
						"0.44": [7.5, 0, 0]
					},
					"position": [0, -1, 0]
				},
				"waist": {
					"rotation": {
						"0.0": [10.03742, -4.92385, -0.87038],
						"0.08": [-19.96258, -4.92385, -0.87038],
						"0.2": [-32.46258, -4.92385, -0.87038],
						"0.28": [42.53742, -4.92385, -0.87038],
						"0.44": [55.03742, -4.92385, -0.87038]
					}
				},
				"leftArm": {
					"rotation": {
						"0.0": [0.57228, 13.34778, 43.3002],
						"0.08": [0.57228, 13.34778, 43.3002],
						"0.2": [-75.65955, 38.85174, 3.97435],
						"0.28": [13.07228, 13.34778, 43.3002]
					},
					"position": {
						"0.0": [1, 0, -2],
						"0.08": [1, 0, -2],
						"0.2": [1, 0, -2]
					}
				},
				"lowerlarm": {
					"rotation": [-50, 0, 0]
				},
				"rightArm": {
					"rotation": {
						"0.0": [-52.03534, -28.00308, -10.9599],
						"0.2": [-111.12206, -22.22451, 10.22305],
						"0.28": [-39.53534, -28.00308, -10.9599]
					},
					"position": {
						"0.0": [1, 0, -2],
						"0.2": [1, 0, -2]
					}
				},
				"lowerrarm": {
					"rotation": {
						"0.0": [-25, 0, 0],
						"0.08": [-27.5, 0, 0],
						"0.2": [-27.5, 0, 0]
					}
				},
				"rightItem": {
					"rotation": {
						"0.0": [25.2609, -8.81894, 32.20143],
						"0.08": [15.2609, -8.81894, 32.20143],
						"0.2": [15.2609, -8.81894, 32.20143],
						"0.28": [40.2609, -8.81894, 32.20143],
						"0.44": [15.2609, -8.81894, 32.20143]
					},
					"position": [1, 0, 0]
				},
				"rightleg": {
					"rotation": [-37.5, 0, 0]
				},
				"lowerrleg": {
					"rotation": [32.5, 0, 0]
				},
				"leftleg": {
					"rotation": [22.5, 0, 0]
				},
				"lowerlleg": {
					"rotation": [7.5, 0, 0]
				}
			}
		},
		"animation.longsword.inbetween_0": {
			"loop": "hold_on_last_frame",
			"override_previous_animation": true,
			"bones": {
				"root": {
					"rotation": [7.5, 0, 0],
					"position": [0, -1, 0]
				},
				"waist": {
					"rotation": [55.03742, -4.92385, -0.87038]
				},
				"leftArm": {
					"rotation": [0.57228, 13.34778, 43.3002],
					"position": [1, 0, -2]
				},
				"lowerlarm": {
					"rotation": [-50, 0, 0]
				},
				"rightArm": {
					"rotation": [-39.53534, -28.00308, -10.9599],
					"position": [1, 0, -2]
				},
				"lowerrarm": {
					"rotation": [-27.5, 0, 0]
				},
				"rightItem": {
					"rotation": [15.2609, -8.81894, 32.20143],
					"position": [1, 0, 0]
				},
				"rightleg": {
					"rotation": [-37.5, 0, 0]
				},
				"lowerrleg": {
					"rotation": [32.5, 0, 0]
				},
				"leftleg": {
					"rotation": [22.5, 0, 0]
				},
				"lowerlleg": {
					"rotation": [7.5, 0, 0]
				}
			}
		},
		"animation.longsword.attack_1_0": {
			"loop": "hold_on_last_frame",
			"animation_length": 0.52,
			"override_previous_animation": true,
			"bones": {
				"waist": {
					"rotation": {
						"0.0": [10.03742, -4.92385, -0.87038],
						"0.08": [14.6277, 46.55847, 10.73052],
						"0.24": [16.15359, 51.37981, 12.75141],
						"0.36": [29.5883, -53.77546, -13.92808]
					}
				},
				"leftArm": {
					"rotation": {
						"0.0": [0.57228, 13.34778, 43.3002],
						"0.08": [-80.54973, -2.88688, -61.43651],
						"0.16": [-80.54973, -2.88688, -61.43651],
						"0.24": [-108.21966, -12.49457, -83.90275],
						"0.48": [-51.66919, -4.69377, -77.56961]
					},
					"position": {
						"0.0": [1, 0, -2],
						"0.08": [0, 0, 0],
						"0.16": [0, 0, 0],
						"0.36": [0, 0, 0]
					}
				},
				"lowerlarm": {
					"rotation": {
						"0.0": [-50, 0, 0],
						"0.24": [-22.5, 0, 0],
						"0.48": [-87.5, 0, 0]
					}
				},
				"rightArm": {
					"rotation": {
						"0.0": [-52.03534, -28.00308, -10.9599],
						"0.08": [-105.9843, 5.78768, -87.29795],
						"0.24": [-31.9705, -18.19708, -100.93448],
						"0.36": [-86.23147, -19.48773, -87.79388],
						"0.48": [-58.73147, -19.48773, -87.79388]
					},
					"position": {
						"0.0": [1, 0, -2],
						"0.08": [0, 0, 0],
						"0.24": [-2, 0, 1],
						"0.36": [0, 0, 0]
					}
				},
				"lowerrarm": {
					"rotation": {
						"0.0": [-25, 0, 0],
						"0.24": [-67.5, 0, 0],
						"0.36": [-5, 0, 0]
					}
				},
				"rightleg": {
					"rotation": [-37.5, 0, 0]
				},
				"lowerrleg": {
					"rotation": [32.5, 0, 0]
				},
				"leftleg": {
					"rotation": [22.5, 0, 0]
				},
				"lowerlleg": {
					"rotation": [7.5, 0, 0]
				},
				"root": {
					"rotation": {
						"0.08": [0, 0, 0],
						"0.24": [0, 60, 0],
						"0.36": [0, -30, 0],
						"0.48": [0, -50, 0]
					},
					"position": [0, -1, 0]
				}
			}
		},
		"animation.longsword.attack_1_1": {
			"loop": "hold_on_last_frame",
			"animation_length": 0.52,
			"override_previous_animation": true,
			"bones": {
				"waist": {
					"rotation": {
						"0.0": [10.03742, -4.92385, -0.87038],
						"0.08": [14.6277, 46.55847, 10.73052],
						"0.24": [33.65359, 51.37981, 12.75141],
						"0.36": [25.29424, -73.58733, -39.54891]
					}
				},
				"leftArm": {
					"rotation": {
						"0.0": [0.57228, 13.34778, 43.3002],
						"0.08": [-80.54973, -2.88688, -61.43651],
						"0.16": [-132.48905, 3.89774, -97.12994],
						"0.36": [-81.73758, -13.84694, -86.68773],
						"0.48": [-51.66919, -4.69377, -77.56961]
					},
					"position": {
						"0.0": [1, 0, -2],
						"0.08": [0, 0, 0],
						"0.16": [0, 0, 0],
						"0.36": [0, 0, 0]
					}
				},
				"lowerlarm": {
					"rotation": {
						"0.0": [-50, 0, 0],
						"0.2": [-10, 0, 0],
						"0.48": [-87.5, 0, 0]
					}
				},
				"rightArm": {
					"rotation": {
						"0.0": [-52.03534, -28.00308, -10.9599],
						"0.08": [-105.9843, 5.78768, -87.29795],
						"0.2": [-60.91469, 13.76573, -128.22029],
						"0.24": [-47.57573, 10.75696, -108.54337],
						"0.36": [-85.69077, -34.45106, -88.97593],
						"0.48": [-58.73147, -19.48773, -87.79388]
					},
					"position": {
						"0.0": [1, 0, -2],
						"0.08": [0, 0, 0],
						"0.24": [-2, 0, 1],
						"0.36": [0, 0, 0]
					}
				},
				"lowerrarm": {
					"rotation": {
						"0.0": [-25, 0, 0],
						"0.24": [-67.5, 0, 0],
						"0.36": [-5, 0, 0]
					}
				},
				"rightleg": {
					"rotation": [-37.5, 0, 0]
				},
				"lowerrleg": {
					"rotation": [32.5, 0, 0]
				},
				"leftleg": {
					"rotation": [22.5, 0, 0]
				},
				"lowerlleg": {
					"rotation": [7.5, 0, 0]
				},
				"root": {
					"rotation": {
						"0.08": [0, 0, 0],
						"0.24": [0, 60, 0],
						"0.36": [0, -30, 0],
						"0.48": [0, -50, 0]
					},
					"position": [0, -1, 0]
				}
			}
		},
		"animation.longsword.attack_1_2": {
			"loop": "hold_on_last_frame",
			"animation_length": 0.52,
			"override_previous_animation": true,
			"bones": {
				"waist": {
					"rotation": {
						"0.0": [10.03742, -4.92385, -0.87038],
						"0.08": [-7.8723, 46.55847, 10.73052],
						"0.24": [-8.84641, 51.37981, 12.75141],
						"0.36": [57.79424, -73.58733, -39.54891]
					}
				},
				"leftArm": {
					"rotation": {
						"0.0": [0.57228, 13.34778, 43.3002],
						"0.08": [-80.54973, -2.88688, -61.43651],
						"0.16": [-119.17344, -46.05994, -107.26767],
						"0.24": [-111.62038, -23.36235, -120.23557],
						"0.36": [-91.12262, 45.70683, -80.74551],
						"0.48": [-34.44966, 48.20798, -12.26059]
					},
					"position": {
						"0.0": [1, 0, -2],
						"0.08": [0, 0, 0],
						"0.16": [0, 0, 0],
						"0.24": [0, 0, 0],
						"0.36": [0, 0, 0]
					}
				},
				"lowerlarm": {
					"rotation": {
						"0.0": [-50, 0, 0],
						"0.08": [-10, 0, 0],
						"0.24": [-14.29, 0, 0],
						"0.36": [-40, 0, 0]
					}
				},
				"rightArm": {
					"rotation": {
						"0.0": [-52.03534, -28.00308, -10.9599],
						"0.08": [-105.9843, 5.78768, -87.29795],
						"0.16": [-53.0053, -37.02136, -111.42347],
						"0.36": [-86.14251, 22.92658, -85.03044],
						"0.48": [-58.23739, 21.63558, -63.48297]
					},
					"position": {
						"0.0": [1, 0, -2],
						"0.08": [0, 0, 0],
						"0.16": [-2, 0, 1],
						"0.36": [0, 0, 0]
					}
				},
				"lowerrarm": {
					"rotation": {
						"0.0": [-25, 0, 0],
						"0.24": [-27.5, 0, 0],
						"0.36": [-5, 0, 0]
					}
				},
				"rightleg": {
					"rotation": [-37.5, 0, 0]
				},
				"lowerrleg": {
					"rotation": [32.5, 0, 0]
				},
				"leftleg": {
					"rotation": [22.5, 0, 0]
				},
				"lowerlleg": {
					"rotation": [7.5, 0, 0]
				},
				"root": {
					"rotation": {
						"0.08": [0, 0, 0],
						"0.24": [0, 60, 0],
						"0.36": [0, -30, 0],
						"0.48": [0, -50, 0]
					},
					"position": [0, -1, 0]
				}
			}
		},
		"animation.longsword.inbetween_1": {
			"loop": "hold_on_last_frame",
			"animation_length": 0.28,
			"override_previous_animation": true,
			"bones": {
				"waist": {
					"rotation": {
						"0.0": [29.5883, -53.77546, -13.92808],
						"0.28": [14.7788, -51.90562, -7.46746]
					}
				},
				"leftArm": {
					"rotation": {
						"0.0": [-51.66919, -4.69377, -77.56961],
						"0.28": [-43.3133, 43.85328, -20.46806]
					},
					"position": [0, 0, 0]
				},
				"lowerlarm": {
					"rotation": {
						"0.0": [-87.5, 0, 0],
						"0.28": [-20, 0, 0]
					}
				},
				"rightArm": {
					"rotation": {
						"0.0": [-58.73147, -19.48773, -87.79388],
						"0.28": [-132.34366, -34.16711, 128.58728]
					},
					"position": {
						"0.0": [0, 0, 0],
						"0.28": [0, 0, -2]
					}
				},
				"lowerrarm": {
					"rotation": {
						"0.0": [-5, 0, 0],
						"0.28": [-15, 0, 0]
					}
				},
				"rightleg": {
					"rotation": {
						"0.0": [-30, 0, 0],
						"0.28": [-25, 0, 0]
					}
				},
				"lowerrleg": {
					"rotation": {
						"0.0": [22.5, 0, 0],
						"0.28": [25, 0, 0]
					}
				},
				"leftleg": {
					"rotation": {
						"0.0": [20, 0, 0],
						"0.28": [27.5, 0, 0]
					}
				},
				"lowerlleg": {
					"rotation": {
						"0.0": [7.5, 0, 0],
						"0.28": [10, 0, 0]
					}
				},
				"root": {
					"rotation": {
						"0.0": [0, -50, 0],
						"0.28": [0, 0, 0]
					},
					"position": [0, -1, 0]
				},
				"rightItem": {
					"rotation": {
						"0.0": [0, 0, 0],
						"0.28": [25, 0, 0]
					},
					"position": {
						"0.0": [0, 0, 0],
						"0.28": [0, -1, -3]
					}
				}
			}
		},
		"animation.longsword.stance_2": {
			"loop": true,
			"override_previous_animation": true,
			"bones": {
				"waist": {
					"rotation": [14.7788, -51.90562, -7.46746]
				},
				"leftArm": {
					"rotation": [-43.3133, 43.85328, -20.46806]
				},
				"lowerlarm": {
					"rotation": [-20, 0, 0]
				},
				"rightArm": {
					"rotation": [-132.34366, -34.16711, 128.58728],
					"position": [0, 0, -2]
				},
				"lowerrarm": {
					"rotation": [-15, 0, 0]
				},
				"rightItem": {
					"rotation": [25, 0, 0],
					"position": [0, -1, -3]
				},
				"rightleg": {
					"rotation": [-25, 0, 0]
				},
				"lowerrleg": {
					"rotation": [25, 0, 0]
				},
				"leftleg": {
					"rotation": [27.5, 0, 0]
				},
				"lowerlleg": {
					"rotation": [10, 0, 0]
				}
			}
		},
		"animation.longsword.attack_2_0": {
			"loop": "hold_on_last_frame",
			"animation_length": 0.52,
			"override_previous_animation": true,
			"bones": {
				"waist": {
					"rotation": {
						"0.0": [14.7788, -51.90562, -7.46746],
						"0.08": [14.7788, -51.90562, -7.46746],
						"0.32": [0.70051, -60.74103, 8.58057],
						"0.4": [15.54454, 49.37871, 4.54355],
						"0.52": [18.29971, 64.31132, 1.88505]
					}
				},
				"leftArm": {
					"rotation": {
						"0.0": [-43.3133, 43.85328, -20.46806],
						"0.08": [-43.3133, 43.85328, -20.46806],
						"0.32": [-81.50762, 22.00981, -56.14875],
						"0.4": [-159.56784, 1.97861, -64.32606],
						"0.52": [-154.56784, 1.97861, -64.32606]
					},
					"position": {
						"0.0": [0, 0, 0],
						"0.08": [0, 0, 0],
						"0.32": [0, 0, 0],
						"0.4": [-3, -3, -4]
					}
				},
				"lowerlarm": {
					"rotation": {
						"0.0": [-20, 0, 0],
						"0.08": [-20, 0, 0],
						"0.32": [-37.5, 0, 0],
						"0.4": [-7.5, 0, 0]
					}
				},
				"rightArm": {
					"rotation": {
						"0.0": [-132.34366, -34.16711, 128.58728],
						"0.08": [-132.34366, -34.16711, 128.58728],
						"0.32": [-129.3787, -9.24228, 101.84717],
						"0.4": [3.16453, -0.79146, 89.7783]
					},
					"position": {
						"0.0": [0, 0, -2],
						"0.08": [0, 0, -2],
						"0.32": [0, 0, -2]
					}
				},
				"lowerrarm": {
					"rotation": {
						"0.0": [-15, 0, 0],
						"0.08": [-15, 0, 0],
						"0.32": [-15, 0, 0],
						"0.4": [-80, 0, 0],
						"0.52": [-55, 0, 0]
					}
				},
				"rightItem": {
					"rotation": {
						"0.0": [25, 0, 0],
						"0.08": [25, 0, 0],
						"0.32": [25, 0, 0],
						"0.4": [40.03743, 4.92385, 0.87038]
					},
					"position": {
						"0.0": [0, -1, -3],
						"0.08": [0, -1, -3],
						"0.32": [0, -1, -3]
					}
				},
				"rightleg": {
					"rotation": {
						"0.0": [-25, 0, 0],
						"0.08": [-25, 0, 0],
						"0.32": [-25, 0, 0]
					}
				},
				"lowerrleg": {
					"rotation": {
						"0.0": [25, 0, 0],
						"0.08": [25, 0, 0],
						"0.32": [25, 0, 0]
					}
				},
				"leftleg": {
					"rotation": {
						"0.0": [27.5, 0, 0],
						"0.08": [27.5, 0, 0],
						"0.32": [27.5, 0, 0]
					}
				},
				"lowerlleg": {
					"rotation": {
						"0.0": [10, 0, 0],
						"0.08": [10, 0, 0],
						"0.32": [10, 0, 0]
					}
				},
				"root": {
					"rotation": {
						"0.08": [0, 0, 0],
						"0.32": [0, -12.5, 0],
						"0.4": [4.30963, 29.7174, 8.64388],
						"0.52": [2.79195, 44.84188, 6.69889]
					}
				}
			}
		},
		"animation.longsword.attack_2_1": {
			"loop": "hold_on_last_frame",
			"animation_length": 0.52,
			"override_previous_animation": true,
			"bones": {
				"waist": {
					"rotation": {
						"0.0": [14.7788, -51.90562, -7.46746],
						"0.08": [14.7788, -51.90562, -7.46746],
						"0.32": [0.70051, -60.74103, 8.58057],
						"0.4": [-4.45546, 49.37871, 4.54355],
						"0.52": [-14.20029, 64.31132, 1.88505]
					}
				},
				"leftArm": {
					"rotation": {
						"0.0": [-43.3133, 43.85328, -20.46806],
						"0.08": [-43.3133, 43.85328, -20.46806],
						"0.32": [-24.11271, 48.68244, -7.77119],
						"0.4": [-144.56784, 1.97861, -64.32606],
						"0.52": [-154.56784, 1.97861, -64.32606]
					},
					"position": {
						"0.0": [0, 0, 0],
						"0.08": [0, 0, 0],
						"0.32": [0, 0, 0],
						"0.4": [-3, -3, -4]
					}
				},
				"lowerlarm": {
					"rotation": {
						"0.0": [-20, 0, 0],
						"0.08": [-20, 0, 0],
						"0.32": [-37.5, 0, 0],
						"0.4": [-7.5, 0, 0]
					}
				},
				"rightArm": {
					"rotation": {
						"0.0": [-132.34366, -34.16711, 128.58728],
						"0.08": [-132.34366, -34.16711, 128.58728],
						"0.32": [-142.45978, -37.83859, 132.93735],
						"0.4": [2.02972, -2.55401, 127.25491]
					},
					"position": {
						"0.0": [0, 0, -2],
						"0.08": [0, 0, -2],
						"0.32": [0, 0, -2]
					}
				},
				"lowerrarm": {
					"rotation": {
						"0.0": [-15, 0, 0],
						"0.08": [-15, 0, 0],
						"0.32": [-15, 0, 0],
						"0.4": [-80, 0, 0],
						"0.52": [-55, 0, 0]
					}
				},
				"rightItem": {
					"rotation": {
						"0.0": [25, 0, 0],
						"0.08": [25, 0, 0],
						"0.32": [25, 0, 0],
						"0.4": [10.03743, 4.92385, 0.87038]
					},
					"position": {
						"0.0": [0, -1, -3],
						"0.08": [0, -1, -3],
						"0.32": [0, -1, -3]
					}
				},
				"rightleg": {
					"rotation": {
						"0.0": [-25, 0, 0],
						"0.08": [-25, 0, 0],
						"0.32": [-25, 0, 0]
					}
				},
				"lowerrleg": {
					"rotation": {
						"0.0": [25, 0, 0],
						"0.08": [25, 0, 0],
						"0.32": [25, 0, 0]
					}
				},
				"leftleg": {
					"rotation": {
						"0.0": [27.5, 0, 0],
						"0.08": [27.5, 0, 0],
						"0.32": [27.5, 0, 0]
					}
				},
				"lowerlleg": {
					"rotation": {
						"0.0": [10, 0, 0],
						"0.08": [10, 0, 0],
						"0.32": [10, 0, 0]
					}
				},
				"root": {
					"rotation": {
						"0.08": [0, 0, 0],
						"0.32": [0, -12.5, 0],
						"0.4": [4.30963, 29.7174, 8.64388],
						"0.52": [2.79195, 44.84188, 6.69889]
					}
				}
			}
		},
		"animation.longsword.attack_2_2": {
			"loop": "hold_on_last_frame",
			"animation_length": 0.52,
			"override_previous_animation": true,
			"bones": {
				"waist": {
					"rotation": {
						"0.0": [14.7788, -51.90562, -7.46746],
						"0.08": [-0.2212, -51.90562, -7.46746],
						"0.32": [-19.29949, -60.74103, 8.58057],
						"0.4": [38.04454, 49.37871, 4.54355],
						"0.52": [33.29971, 64.31132, 1.88505]
					}
				},
				"leftArm": {
					"rotation": {
						"0.0": [-43.3133, 43.85328, -20.46806],
						"0.08": [-84.6791, -16.63648, -91.42375],
						"0.32": [-71.34609, -15.54519, -108.22171],
						"0.4": [-158.76777, 31.64669, -66.72341],
						"0.52": [-154.56784, 1.97861, -64.32606]
					},
					"position": {
						"0.0": [0, 0, 0],
						"0.08": [0, 0, 0],
						"0.32": [0, 0, 0],
						"0.4": [-3, -3, -4]
					}
				},
				"lowerlarm": {
					"rotation": {
						"0.0": [-20, 0, 0],
						"0.08": [-50, 0, 0],
						"0.32": [-37.5, 0, 0],
						"0.4": [-7.5, 0, 0]
					}
				},
				"rightArm": {
					"rotation": {
						"0.0": [-132.34366, -34.16711, 128.58728],
						"0.08": [-125.98728, 18.47587, 88.52333],
						"0.32": [-129.82641, 12.1119, 84.41221],
						"0.4": [2.34238, -30.03485, 126.17248]
					},
					"position": {
						"0.0": [0, 0, -2],
						"0.08": [0, 0, -2],
						"0.32": [0, 0, -2]
					}
				},
				"lowerrarm": {
					"rotation": {
						"0.0": [-15, 0, 0],
						"0.08": [-15, 0, 0],
						"0.32": [-15, 0, 0],
						"0.4": [-80, 0, 0],
						"0.52": [-55, 0, 0]
					}
				},
				"rightItem": {
					"rotation": {
						"0.0": [25, 0, 0],
						"0.08": [25, 0, 0],
						"0.32": [25, 0, 0],
						"0.4": [10.03743, 4.92385, 0.87038]
					},
					"position": {
						"0.0": [0, -1, -3],
						"0.08": [0, -1, -3],
						"0.32": [0, -1, -3]
					}
				},
				"rightleg": {
					"rotation": {
						"0.0": [-25, 0, 0],
						"0.08": [-25, 0, 0],
						"0.32": [-25, 0, 0]
					}
				},
				"lowerrleg": {
					"rotation": {
						"0.0": [25, 0, 0],
						"0.08": [25, 0, 0],
						"0.32": [25, 0, 0]
					}
				},
				"leftleg": {
					"rotation": {
						"0.0": [27.5, 0, 0],
						"0.08": [27.5, 0, 0],
						"0.32": [27.5, 0, 0]
					}
				},
				"lowerlleg": {
					"rotation": {
						"0.0": [10, 0, 0],
						"0.08": [10, 0, 0],
						"0.32": [10, 0, 0]
					}
				},
				"root": {
					"rotation": {
						"0.08": [0, 0, 0],
						"0.32": [0, -12.5, 0],
						"0.4": [4.30963, 29.7174, 8.64388],
						"0.52": [2.79195, 44.84188, 6.69889]
					}
				}
			}
		},
		"animation.longsword.inbetween_2": {
			"loop": "hold_on_last_frame",
			"override_previous_animation": true,
			"bones": {
				"waist": {
					"rotation": [-14.20029, 64.31132, 1.88505]
				},
				"leftArm": {
					"rotation": [-154.56784, 1.97861, -64.32606],
					"position": [-3, -3, -4]
				},
				"lowerlarm": {
					"rotation": [-7.5, 0, 0]
				},
				"rightArm": {
					"rotation": [2.02972, -2.55401, 127.25491],
					"position": [0, 0, -2]
				},
				"lowerrarm": {
					"rotation": [-55, 0, 0]
				},
				"rightItem": {
					"rotation": [25, 0, 0],
					"position": [0, -1, -3]
				},
				"rightleg": {
					"rotation": [-25, 0, 0]
				},
				"lowerrleg": {
					"rotation": [25, 0, 0]
				},
				"leftleg": {
					"rotation": [27.5, 0, 0]
				},
				"lowerlleg": {
					"rotation": [10, 0, 0]
				},
				"root": {
					"rotation": [2.79195, 44.84188, 6.69889]
				}
			}
		},
		"animation.longsword.stance_3": {
			"loop": true,
			"override_previous_animation": true,
			"bones": {
				"root": {
					"position": [0, -1, 0]
				},
				"waist": {
					"rotation": [11.50839, 29.4987, 5.72511]
				},
				"leftArm": {
					"rotation": [-21.92772, 13.34778, 43.3002],
					"position": [-1, 0, -2]
				},
				"lowerlarm": {
					"rotation": [-70, 0, 0]
				},
				"rightArm": {
					"rotation": [-39.53534, -28.00308, -10.9599],
					"position": [1, 0, -2]
				},
				"lowerrarm": {
					"rotation": [-105, 0, 0]
				},
				"rightleg": {
					"rotation": [-37.5, 0, 0]
				},
				"lowerrleg": {
					"rotation": [32.5, 0, 0]
				},
				"leftleg": {
					"rotation": [22.5, 0, 0]
				},
				"lowerlleg": {
					"rotation": [7.5, 0, 0]
				}
			}
		},
		"animation.longsword.attack_3": {
			"loop": "hold_on_last_frame",
			"animation_length": 0.64,
			"override_previous_animation": true,
			"bones": {
				"root": {
					"rotation": {
						"0.0": [0, 0, 0],
						"0.24": [0, -42.5, 0],
						"0.44": [0, -42.5, 0],
						"0.52": [0, 45, 0],
						"0.64": [0, 67.5, 0]
					},
					"position": [0, -1, 0]
				},
				"waist": {
					"rotation": {
						"0.0": [11.50839, 29.4987, 5.72511],
						"0.24": [-24.51729, -24.4379, 19.71458],
						"0.44": [-24.51729, -24.4379, 19.71458],
						"0.52": [8.50038, 16.4464, -9.948],
						"0.64": [9.5467, 31.26344, -7.38277]
					}
				},
				"leftArm": {
					"rotation": {
						"0.0": [-21.92772, 13.34778, 43.3002],
						"0.12": [-40.27791, 26.62904, 33.92152],
						"0.24": [-54.04055, 36.58998, 26.88751],
						"0.44": [-54.04055, 36.58998, 26.88751],
						"0.52": [-28.25271, 10.49303, 84.79511]
					},
					"position": {
						"0.0": [-1, 0, -2],
						"0.24": [-1, 0, -2],
						"0.44": [-1, 0, -2],
						"0.52": [-6, 0, -2]
					}
				},
				"lowerlarm": {
					"rotation": {
						"0.0": [-70, 0, 0],
						"0.12": [-33.93, 0, 0],
						"0.24": [-37.5, 0, 0],
						"0.44": [-37.5, 0, 0],
						"0.52": [-12.5, 0, 0]
					}
				},
				"rightArm": {
					"rotation": {
						"0.0": [-39.53534, -28.00308, -10.9599],
						"0.12": [-55.13267, -39.79901, 20.82522],
						"0.24": [-89.65938, -3.44853, 80.31495],
						"0.44": [-89.65938, -3.44853, 80.31495],
						"0.52": [-12.15938, -3.44853, 80.31495]
					},
					"position": {
						"0.0": [1, 0, -2],
						"0.52": [0, 0, 0]
					}
				},
				"lowerrarm": {
					"rotation": {
						"0.0": [-105, 0, 0],
						"0.24": [-60, 0, 0],
						"0.44": [-60, 0, 0],
						"0.52": [-30, 0, 0]
					}
				},
				"rightItem": {
					"rotation": {
						"0.0": [0, 0, 0],
						"0.24": [12.5, 0, 0],
						"0.44": [12.5, 0, 0],
						"0.52": [0, 0, 0]
					},
					"position": {
						"0.24": [0, 0, 0],
						"0.44": [0, 0, 0],
						"0.52": [0, 0, -4]
					}
				}
			}
		},
		"animation.longsword.inbetween_3": {
			"loop": "hold_on_last_frame",
			"override_previous_animation": true,
			"bones": {
				"root": {
					"rotation": [0, 67.5, 0],
					"position": [0, -1, 0]
				},
				"waist": {
					"rotation": [9.5467, 31.26344, -7.38277]
				},
				"leftArm": {
					"rotation": [-28.25271, 10.49303, 84.79511],
					"position": [-6, 0, -2]
				},
				"lowerlarm": {
					"rotation": [-12.5, 0, 0]
				},
				"rightArm": {
					"rotation": [-12.15938, -3.44853, 80.31495],
					"position": [0, 0, 0]
				},
				"lowerrarm": {
					"rotation": [-30, 0, 0]
				},
				"rightItem": {
					"rotation": [0, 0, 0],
					"position": [0, 0, -4]
				}
			}
		},
		"animation.longsword.stance_4": {
			"loop": true,
			"override_previous_animation": true,
			"bones": {
				"root": {
					"position": [0, -1, 0]
				},
				"waist": {
					"rotation": [10.08452, 7.38541, 1.30963]
				},
				"leftArm": {
					"rotation": [-22.92631, 11.58855, -21.43698]
				},
				"lowerlarm": {
					"rotation": [-70, 0, 0]
				},
				"rightArm": {
					"rotation": [23.81566, -5.65102, 27.18041]
				},
				"lowerrarm": {
					"rotation": [-42.5, 0, 0]
				}
			}
		},
		"animation.longsword.attack_stance_4_0": {
			"loop": "hold_on_last_frame",
			"animation_length": 0.52,
			"override_previous_animation": true,
			"bones": {
				"root": {
					"position": [0, -1, 0]
				},
				"waist": {
					"rotation": {
						"0.0": [10.08452, 7.38541, 1.30963],
						"0.12": [14.6277, -46.55847, -10.73051],
						"0.28": [14.6277, -46.55847, -10.73051],
						"0.36": [10.80523, 22.13991, 4.11406]
					}
				},
				"leftArm": {
					"rotation": {
						"0.0": [-22.92631, 11.58855, -21.43698],
						"0.12": [59.07194, -26.27251, -48.04675],
						"0.28": [59.07194, -26.27251, -48.04675],
						"0.36": [-26.25443, 16.3771, -16.84177]
					}
				},
				"lowerlarm": {
					"rotation": {
						"0.0": [-70, 0, 0],
						"0.12": [-25, 0, 0],
						"0.28": [-25, 0, 0]
					}
				},
				"rightArm": {
					"rotation": {
						"0.0": [23.81566, -5.65102, 27.18041],
						"0.12": [-59.02388, -23.22392, 77.17438],
						"0.28": [-59.02388, -23.22392, 77.17438],
						"0.36": [39.22153, -0.46211, 97.29742]
					}
				},
				"lowerrarm": {
					"rotation": {
						"0.0": [-42.5, 0, 0],
						"0.12": [-50, 0, 0],
						"0.28": [-50, 0, 0]
					}
				}
			}
		},
		"animation.longsword.attack_stance_4_1": {
			"loop": "hold_on_last_frame",
			"animation_length": 0.52,
			"override_previous_animation": true,
			"bones": {
				"root": {
					"position": [0, -1, 0]
				},
				"waist": {
					"rotation": {
						"0.0": [10.08452, 7.38541, 1.30963],
						"0.12": [14.6277, -46.55847, -10.73051],
						"0.28": [14.6277, -46.55847, -10.73051],
						"0.36": [10.80523, 22.13991, 4.11406]
					}
				},
				"leftArm": {
					"rotation": {
						"0.0": [-22.92631, 11.58855, -21.43698],
						"0.12": [59.07194, -26.27251, -48.04675],
						"0.28": [59.07194, -26.27251, -48.04675],
						"0.36": [-26.25443, 16.3771, -16.84177]
					}
				},
				"lowerlarm": {
					"rotation": {
						"0.0": [-70, 0, 0],
						"0.12": [-25, 0, 0],
						"0.28": [-25, 0, 0]
					}
				},
				"rightArm": {
					"rotation": {
						"0.0": [23.81566, -5.65102, 27.18041],
						"0.12": [-64.33239, -35.78993, 67.7225],
						"0.28": [-64.33239, -35.78993, 67.7225],
						"0.36": [46.6003, 31.93405, 46.95253]
					}
				},
				"lowerrarm": {
					"rotation": {
						"0.0": [-42.5, 0, 0],
						"0.12": [-50, 0, 0],
						"0.28": [-50, 0, 0]
					}
				}
			}
		},
		"animation.longsword.ability_shield_bash": {
			"loop": "hold_on_last_frame",
			"animation_length": 0.52,
			"override_previous_animation": true,
			"bones": {
				"root": {
					"position": {
						"0.0": [0, -1, 0],
						"0.16": [0, -1, 0],
						"0.36": [0, -1, 0]
					}
				},
				"waist": {
					"rotation": {
						"0.0": [10.08452, 7.38541, 1.30963],
						"0.16": [12.96247, 39.27345, 8.29012],
						"0.36": [12.96247, 39.27345, 8.29012],
						"0.44": [10.23772, -12.3071, -2.20461]
					}
				},
				"leftArm": {
					"rotation": {
						"0.0": [-22.92631, 11.58855, -21.43698],
						"0.16": [-44.30718, 24.57147, -33.81821],
						"0.36": [-44.30718, 24.57147, -33.81821],
						"0.44": [-49.68681, -66.57092, -28.56738]
					}
				},
				"lowerlarm": {
					"rotation": {
						"0.0": [-70, 0, 0],
						"0.16": [-70, 0, 0],
						"0.36": [-70, 0, 0],
						"0.44": [-45, 0, 0]
					}
				},
				"rightArm": {
					"rotation": {
						"0.0": [23.81566, -5.65102, 27.18041],
						"0.16": [23.81566, -5.65102, 27.18041],
						"0.36": [23.81566, -5.65102, 27.18041]
					}
				},
				"lowerrarm": {
					"rotation": {
						"0.0": [-42.5, 0, 0],
						"0.16": [-42.5, 0, 0],
						"0.36": [-42.5, 0, 0]
					}
				}
			}
		},
		"animation.longsword.ability_stab": {
			"loop": "hold_on_last_frame",
			"animation_length": 0.48,
			"override_previous_animation": true,
			"bones": {
				"root": {
					"position": {
						"0.0": [0, -1, 0],
						"0.16": [0, -1, 0],
						"0.36": [0, -1, 0]
					}
				},
				"waist": {
					"rotation": {
						"0.0": [10.08452, 7.38541, 1.30963],
						"0.16": [12.96247, 39.27345, 8.29012],
						"0.36": [24.00193, 44.13603, 9.85107],
						"0.44": [11.50839, -29.49871, -5.7251]
					}
				},
				"leftArm": {
					"rotation": {
						"0.0": [-22.92631, 11.58855, -21.43698],
						"0.16": [-44.30718, 24.57147, -33.81821],
						"0.36": [-44.30718, 24.57147, -33.81821]
					}
				},
				"lowerlarm": {
					"rotation": {
						"0.0": [-70, 0, 0],
						"0.16": [-70, 0, 0],
						"0.36": [-70, 0, 0],
						"0.44": [-45, 0, 0]
					}
				},
				"rightArm": {
					"rotation": {
						"0.0": [23.81566, -5.65102, 27.18041],
						"0.16": [36.31566, -5.65102, 27.18041],
						"0.36": [39.92074, -37.9616, 23.30006],
						"0.44": [-62.5376, 26.87924, 5.10078]
					}
				},
				"lowerrarm": {
					"rotation": {
						"0.0": [-42.5, 0, 0],
						"0.16": [-60, 0, 0],
						"0.36": [-75, 0, 0],
						"0.44": [-17.5, 0, 0]
					}
				},
				"rightItem": {
					"rotation": {
						"0.36": [0, 0, 0],
						"0.44": [62.5, 0, 0]
					}
				}
			}
		},
		"animation.longsword.stance_horseback": {
			"loop": true,
			"override_previous_animation": true,
			"bones": {
				"waist": {
					"rotation": [17.5, 0, 0]
				},
				"leftArm": {
					"rotation": [-47.5, 0, 0]
				},
				"lowerlarm": {
					"rotation": [-32.5, 0, 0]
				},
				"rightArm": {
					"rotation": [39.05898, 8.42106, 20.94102]
				},
				"lowerrarm": {
					"rotation": [-55, 0, 0]
				}
			}
		},
		"animation.longsword.attack_stance_horseback_0": {
			"loop": "hold_on_last_frame",
			"animation_length": 0.52,
			"override_previous_animation": true,
			"bones": {
				"waist": {
					"rotation": {
						"0.0": [17.5, 0, 0],
						"0.12": [18.54835, 19.03771, 6.24605],
						"0.28": [18.54835, 19.03771, 6.24605],
						"0.36": [17.56274, -4.76804, -1.50701]
					}
				},
				"leftArm": {
					"rotation": {
						"0.0": [-47.5, 0, 0],
						"0.12": [-46.50931, -11.00072, -10.26078],
						"0.28": [-46.50931, -11.00072, -10.26078],
						"0.36": [-47.39118, 3.68425, 3.38262]
					}
				},
				"lowerlarm": {
					"rotation": [-32.5, 0, 0]
				},
				"rightArm": {
					"rotation": {
						"0.0": [39.05898, 8.42106, 20.94102],
						"0.12": [-161.63454, -10.48276, -17.95529],
						"0.28": [-161.63454, -10.48276, -17.95529],
						"0.36": [75.72922, 12.24611, 32.09414]
					}
				},
				"lowerrarm": {
					"rotation": {
						"0.0": [-55, 0, 0],
						"0.12": [-82.5, 0, 0],
						"0.28": [-82.5, 0, 0],
						"0.36": [-15, 0, 0]
					}
				}
			}
		},
		"animation.longsword.attack_stance_horseback_1": {
			"loop": "hold_on_last_frame",
			"animation_length": 0.84,
			"override_previous_animation": true,
			"bones": {
				"waist": {
					"rotation": {
						"0.0": [17.5, 0, 0],
						"0.12": [17.75313, 9.53274, 3.03513],
						"0.44": [17.64168, 7.15102, 2.26708],
						"0.52": [20.00533, 28.48042, 9.8491]
					}
				},
				"leftArm": {
					"rotation": {
						"0.0": [-47.5, 0, 0],
						"0.12": [-46.84065, 7.32462, 6.80307],
						"0.44": [-46.1453, 12.80911, 12.02501],
						"0.52": [-46.50931, -11.00072, -10.26078]
					}
				},
				"lowerlarm": {
					"rotation": [-32.5, 0, 0]
				},
				"rightArm": {
					"rotation": {
						"0.0": [39.05898, 8.42106, 20.94102],
						"0.12": [-197.13481, 26.68852, -63.55085],
						"0.44": [-197.13481, 26.68852, -63.55085],
						"0.52": [69.77996, -25.43196, 25.0975]
					}
				},
				"lowerrarm": {
					"rotation": {
						"0.0": [-55, 0, 0],
						"0.12": [-22.5, 0, 0],
						"0.44": [-22.5, 0, 0],
						"0.52": [-30, 0, 0]
					}
				}
			}
		},
		"animation.longsword.ability_slash": {
			"animation_length": 0.56,
			"override_previous_animation": true,
			"bones": {
				"waist": {
					"rotation": {
						"0.0": [-7.5, -30, 0],
						"0.28": [-7.5, -30, 0],
						"0.36": [17.55049, 41.58112, -3.16434]
					}
				},
				"leftArm": {
					"rotation": [0, 0, -25]
				},
				"lowerlarm": {
					"rotation": [-20, 0, 0]
				},
				"rightArm": {
					"rotation": {
						"0.0": [-57.57741, -19.71607, 47.29076],
						"0.28": [-57.57741, -19.71607, 47.29076],
						"0.36": [64.92259, -19.71607, 47.29076]
					}
				},
				"lowerrarm": {
					"rotation": {
						"0.0": [-40, 0, 0],
						"0.28": [-40, 0, 0]
					}
				}
			}
		},
		"animation.longsword.ability_thrust": {
			"animation_length": 0.52,
			"override_previous_animation": true,
			"bones": {
				"waist": {
					"rotation": {
						"0.0": [0, 30, 0],
						"0.16": [0, 30, 0],
						"0.24": [15, -17.5, 0]
					}
				},
				"leftArm": {
					"rotation": {
						"0.0": [-53.30854, -16.27014, -11.79198],
						"0.16": [-53.30854, -16.27014, -11.79198],
						"0.24": [66.69146, -16.27014, -11.79198]
					}
				},
				"lowerlarm": {
					"rotation": {
						"0.0": [-22.5, 0, 0],
						"0.16": [-22.5, 0, 0]
					}
				},
				"rightArm": {
					"rotation": {
						"0.0": [51.23521, -30.89218, 22.40559],
						"0.16": [51.23521, -30.89218, 22.40559],
						"0.24": [-60.73624, 14.67605, 86.21172]
					}
				},
				"lowerrarm": {
					"rotation": {
						"0.0": [-60, 0, 0],
						"0.16": [-60, 0, 0],
						"0.24": [-17.5, 0, 0]
					}
				},
				"rightItem": {
					"rotation": {
						"0.16": [0, 0, 0],
						"0.24": [87.5, 0, 0]
					}
				}
			}
		},
		"animation.longsword.dual_stance_0": {
			"loop": true,
			"override_previous_animation": true,
			"bones": {
				"leftArm": {
					"rotation": [19.5623, 4.2453, -11.76782]
				},
				"lowerlarm": {
					"rotation": [-22.5, 0, 0]
				},
				"rightArm": {
					"rotation": [19.37006, -5.07855, 14.13272]
				},
				"lowerrarm": {
					"rotation": [-22.5, 0, 0]
				}
			}
		},
		"animation.longsword.attack_dual_stance0_0": {
			"loop": "hold_on_last_frame",
			"animation_length": 0.52,
			"override_previous_animation": true,
			"bones": {
				"waist": {
					"rotation": {
						"0.0": [0, 0, 0],
						"0.08": [-17.5, 0, 0],
						"0.28": [-17.5, 0, 0],
						"0.36": [25, 0, 0],
						"0.48": [37.5, 0, 0]
					}
				},
				"leftArm": {
					"rotation": {
						"0.0": [19.5623, 4.2453, -11.76782],
						"0.08": [-87.5, 0, -27.5],
						"0.28": [-120, 0, -27.5],
						"0.36": [46.6167, 21.63168, -6.19162],
						"0.48": [89.03565, 31.63039, -6.37176]
					}
				},
				"rightArm": {
					"rotation": {
						"0.0": [19.37006, -5.07855, 14.13272],
						"0.08": [-97.5, 0, 30],
						"0.28": [-112.5, 0, 30],
						"0.36": [66.90546, -15.35793, -1.84407],
						"0.48": [97.52837, -27.75986, -3.52923]
					}
				},
				"root": {
					"rotation": {
						"0.0": [2.5, 0, 0],
						"0.08": [-7.5, 0, 0],
						"0.28": [-7.5, 0, 0],
						"0.36": [2.5, 0, 0]
					}
				},
				"lowerlarm": {
					"rotation": [-22.5, 0, 0]
				},
				"lowerrarm": {
					"rotation": [-22.5, 0, 0]
				}
			}
		},
		"animation.longsword.attack_dual_stance0_1": {
			"loop": "hold_on_last_frame",
			"animation_length": 0.52,
			"override_previous_animation": true,
			"bones": {
				"waist": {
					"rotation": {
						"0.0": [0, 0, 0],
						"0.08": [0, 50, 0],
						"0.24": [-10, 50, 0],
						"0.32": [43.71975, -62.98239, -17.82608],
						"0.48": [85.46093, -68.44777, -52.43468]
					}
				},
				"leftArm": {
					"rotation": {
						"0.0": [19.5623, 4.2453, -11.76782],
						"0.08": [-83.59072, 8.80348, -66.81282],
						"0.24": [-83.59072, 8.80348, -66.81282],
						"0.32": [-23.21308, 15.23379, -77.49803],
						"0.48": [-36.18893, -0.49763, -76.08588]
					}
				},
				"rightArm": {
					"rotation": {
						"0.0": [19.37006, -5.07855, 14.13272],
						"0.08": [-90, 12.5, -62.5],
						"0.24": [-90, 12.5, -62.5],
						"0.32": [-48.13161, 8.79393, -65.91582],
						"0.48": [-48.71942, 1.30453, -72.5729]
					}
				},
				"rightItem": {
					"rotation": {
						"0.0": [0, 0, 0],
						"0.08": [47.5, 0, 0],
						"0.24": [47.5, 0, 0],
						"0.32": [-5, 0, 0]
					}
				},
				"lowerlarm": {
					"rotation": {
						"0.0": [-22.5, 0, 0],
						"0.08": [-17.5, 0, 0],
						"0.24": [-17.5, 0, 0],
						"0.32": [-50, 0, 0],
						"0.48": [-12.5, 0, 0]
					}
				},
				"lowerrarm": {
					"rotation": {
						"0.0": [-22.5, 0, 0],
						"0.08": [-57.5, 0, 0],
						"0.24": [-57.5, 0, 0],
						"0.32": [-10, 0, 0],
						"0.48": [-2.5, 0, 0]
					}
				},
				"root": {
					"rotation": {
						"0.08": [0, 0, 0],
						"0.24": [0, 20, 0],
						"0.32": [0, -27.5, 0],
						"0.48": [0, -37.5, 0]
					}
				}
			}
		},
		"animation.longsword.attack_dual_stance0_2": {
			"loop": "hold_on_last_frame",
			"animation_length": 0.52,
			"override_previous_animation": true,
			"bones": {
				"waist": {
					"rotation": {
						"0.0": [0, 0, 0],
						"0.08": [0, -50, 0],
						"0.24": [-18.83322, -64.4706, 7.46853],
						"0.32": [28.71975, 62.98239, 17.82608],
						"0.52": [52.46619, 70.21533, 35.47188]
					}
				},
				"leftArm": {
					"rotation": {
						"0.0": [19.5623, 4.2453, -11.76782],
						"0.08": [-83.59072, -8.80348, 66.81282],
						"0.24": [-83.59072, -8.80348, 66.81282],
						"0.32": [-11.80669, -7.8104, 71.76526],
						"0.52": [-39.30669, -7.8104, 71.76526]
					}
				},
				"rightArm": {
					"rotation": {
						"0.0": [19.37006, -5.07855, 14.13272],
						"0.08": [-90, -12.5, 62.5],
						"0.24": [-90, -12.5, 62.5],
						"0.32": [-18.65475, -3.18245, 70.92127]
					}
				},
				"rightItem": {
					"rotation": {
						"0.0": [0, 0, 0],
						"0.08": [47.5, 0, 0],
						"0.24": [47.5, 0, 0],
						"0.32": [-5, 0, 0]
					}
				},
				"lowerlarm": {
					"rotation": {
						"0.0": [-22.5, 0, 0],
						"0.08": [-17.5, 0, 0],
						"0.24": [-17.5, 0, 0],
						"0.32": [-20, 0, 0],
						"0.52": [0, 0, 0]
					}
				},
				"lowerrarm": {
					"rotation": {
						"0.0": [-22.5, 0, 0],
						"0.08": [-57.5, 0, 0],
						"0.24": [-57.5, 0, 0],
						"0.32": [-10, 0, 0]
					}
				},
				"root": {
					"rotation": {
						"0.08": [0, 0, 0],
						"0.24": [0, -47.5, 0],
						"0.32": [0, 15, 0],
						"0.52": [0, 25, 0]
					}
				}
			}
		},
		"animation.longsword.attack_dual_stance0_3": {
			"animation_length": 0.52,
			"override_previous_animation": true,
			"bones": {
				"waist": {
					"rotation": {
						"0.0": [0, 0, 0],
						"0.08": [0, 50, 0],
						"0.24": [0, 50, 0],
						"0.32": [28.71975, -62.98239, -17.82608]
					}
				},
				"leftArm": {
					"rotation": {
						"0.0": [19.5623, 4.2453, -11.76782],
						"0.08": [-87.05661, -2.02355, -87.68039],
						"0.24": [-87.05661, -2.02355, -87.68039],
						"0.32": [0.69821, -15.79633, -76.31124]
					}
				},
				"rightArm": {
					"rotation": {
						"0.0": [19.37006, -5.07855, 14.13272],
						"0.08": [-85.35254, 11.31255, -88.03051],
						"0.24": [-85.35254, 11.31255, -88.03051],
						"0.32": [-48.22763, -8.07, -80.86522]
					}
				},
				"rightItem": {
					"rotation": {
						"0.0": [0, 0, 0],
						"0.08": [52.5, 0, 0],
						"0.24": [52.5, 0, 0],
						"0.32": [-5, 0, 0]
					}
				},
				"lowerlarm": {
					"rotation": {
						"0.0": [-22.5, 0, 0],
						"0.08": [-17.5, 0, 0],
						"0.24": [-17.5, 0, 0],
						"0.32": [-65, 0, 0]
					}
				},
				"lowerrarm": {
					"rotation": {
						"0.0": [-22.5, 0, 0],
						"0.08": [-72.5, 0, 0],
						"0.24": [-72.5, 0, 0],
						"0.32": [-7.5, 0, 0]
					}
				}
			}
		},
		"animation.longsword.attack_dual_stance0_4": {
			"animation_length": 0.52,
			"override_previous_animation": true,
			"bones": {
				"waist": {
					"rotation": {
						"0.0": [0, 0, 0],
						"0.08": [0, -50, 0],
						"0.24": [0, -50, 0],
						"0.32": [28.71975, 62.98239, 17.82608]
					}
				},
				"leftArm": {
					"rotation": {
						"0.0": [19.5623, 4.2453, -11.76782],
						"0.08": [-87.05661, 2.02355, 87.68039],
						"0.24": [-87.05661, 2.02355, 87.68039],
						"0.32": [0.69821, 15.79633, 76.31124]
					}
				},
				"rightArm": {
					"rotation": {
						"0.0": [19.37006, -5.07855, 14.13272],
						"0.08": [-85.35254, -11.31255, 88.03051],
						"0.24": [-85.35254, -11.31255, 88.03051],
						"0.32": [-48.22763, 8.07, 80.86522]
					}
				},
				"rightItem": {
					"rotation": {
						"0.0": [0, 0, 0],
						"0.08": [52.5, 0, 0],
						"0.24": [52.5, 0, 0],
						"0.32": [-5, 0, 0]
					}
				},
				"lowerlarm": {
					"rotation": {
						"0.0": [-22.5, 0, 0],
						"0.08": [-17.5, 0, 0],
						"0.24": [-17.5, 0, 0],
						"0.32": [-65, 0, 0]
					}
				},
				"lowerrarm": {
					"rotation": {
						"0.0": [-22.5, 0, 0],
						"0.08": [-72.5, 0, 0],
						"0.24": [-72.5, 0, 0],
						"0.32": [-7.5, 0, 0]
					}
				}
			}
		},
		"animation.longsword.attack_dual_test0": {
			"animation_length": 1.04,
			"override_previous_animation": true,
			"bones": {
				"waist": {
					"rotation": {
						"0.0": [0, 0, 0],
						"0.2": [0, -50, 0],
						"0.6": [0, -50, 0],
						"0.68": [28.71975, 62.98239, 17.82608]
					}
				},
				"leftArm": {
					"rotation": {
						"0.0": [19.5623, 4.2453, -11.76782],
						"0.2": [-83.59072, -8.80348, 66.81282],
						"0.6": [-83.59072, -8.80348, 66.81282],
						"0.68": [-18.59072, -8.80348, 66.81282]
					}
				},
				"rightArm": {
					"rotation": {
						"0.0": [19.37006, -5.07855, 14.13272],
						"0.2": [-90, -12.5, 62.5],
						"0.6": [-90, -12.5, 62.5],
						"0.68": [-47.5, -12.5, 62.5]
					}
				},
				"rightItem": {
					"rotation": {
						"0.0": [0, 0, 0],
						"0.2": [47.5, 0, 0],
						"0.6": [47.5, 0, 0],
						"0.68": [-5, 0, 0]
					}
				},
				"lowerlarm": {
					"rotation": {
						"0.0": [-22.5, 0, 0],
						"0.2": [-17.5, 0, 0],
						"0.6": [-17.5, 0, 0],
						"0.68": [-50, 0, 0]
					}
				},
				"lowerrarm": {
					"rotation": {
						"0.0": [-22.5, 0, 0],
						"0.2": [-57.5, 0, 0],
						"0.6": [-57.5, 0, 0],
						"0.68": [-10, 0, 0]
					}
				},
				"root": {
					"rotation": {
						"0.0": [0, 0, 0],
						"0.2": [-7.74315, -17.43395, 1.02321],
						"0.6": [-7.74315, -17.43395, 1.02321],
						"0.68": [15.56141, 22.34036, 1.86821]
					},
					"position": [0, -1, 0]
				},
				"leftleg": {
					"rotation": {
						"0.0": [0, 0, 0],
						"0.2": [-17.5, 0, 0],
						"0.6": [-17.5, 0, 0],
						"0.68": [-5, 0, 0]
					}
				},
				"lowerlleg": {
					"rotation": {
						"0.0": [0, 0, 0],
						"0.2": [27.5, 0, 0],
						"0.6": [27.5, 0, 0],
						"0.68": [35, 0, 0]
					}
				},
				"rightleg": {
					"rotation": {
						"0.0": [0, 0, 0],
						"0.2": [30, 0, 0],
						"0.6": [30, 0, 0],
						"0.68": [-55, 0, 0]
					}
				},
				"lowerrleg": {
					"rotation": {
						"0.0": [0, 0, 0],
						"0.2": [22.5, 0, 0],
						"0.6": [22.5, 0, 0],
						"0.68": [37.5, 0, 0]
					}
				}
			}
		},
		"animation.longsword.attack_dual_test1": {
			"animation_length": 1.04,
			"override_previous_animation": true,
			"bones": {
				"waist": {
					"rotation": {
						"0.0": [0, 0, 0],
						"0.2": [0, 50, 0],
						"0.6": [0, 50, 0],
						"0.68": [28.71975, -62.98239, -17.82608]
					}
				},
				"leftArm": {
					"rotation": {
						"0.0": [19.5623, 4.2453, -11.76782],
						"0.2": [-83.59072, 8.80348, -66.81282],
						"0.6": [-83.59072, 8.80348, -66.81282],
						"0.68": [-18.59072, 8.80348, -66.81282]
					}
				},
				"rightArm": {
					"rotation": {
						"0.0": [19.37006, -5.07855, 14.13272],
						"0.2": [-90, 12.5, -62.5],
						"0.6": [-90, 12.5, -62.5],
						"0.68": [-47.5, 12.5, -62.5]
					}
				},
				"rightItem": {
					"rotation": {
						"0.0": [0, 0, 0],
						"0.2": [47.5, 0, 0],
						"0.6": [47.5, 0, 0],
						"0.68": [-5, 0, 0]
					}
				},
				"lowerlarm": {
					"rotation": {
						"0.0": [-22.5, 0, 0],
						"0.2": [-17.5, 0, 0],
						"0.6": [-17.5, 0, 0],
						"0.68": [-50, 0, 0]
					}
				},
				"lowerrarm": {
					"rotation": {
						"0.0": [-22.5, 0, 0],
						"0.2": [-57.5, 0, 0],
						"0.6": [-57.5, 0, 0],
						"0.68": [-10, 0, 0]
					}
				},
				"root": {
					"rotation": {
						"0.0": [0, 0, 0],
						"0.2": [-7.74315, 17.43395, -1.02321],
						"0.6": [-7.74315, 17.43395, -1.02321],
						"0.68": [15.56141, -22.34036, -1.86821]
					},
					"position": [0, -1, 0]
				},
				"leftleg": {
					"rotation": {
						"0.0": [0, 0, 0],
						"0.2": [-17.5, 0, 0],
						"0.6": [-17.5, 0, 0],
						"0.68": [-5, 0, 0]
					}
				},
				"lowerlleg": {
					"rotation": {
						"0.0": [0, 0, 0],
						"0.2": [27.5, 0, 0],
						"0.6": [27.5, 0, 0],
						"0.68": [35, 0, 0]
					}
				},
				"rightleg": {
					"rotation": {
						"0.0": [0, 0, 0],
						"0.2": [30, 0, 0],
						"0.6": [30, 0, 0],
						"0.68": [-55, 0, 0]
					}
				},
				"lowerrleg": {
					"rotation": {
						"0.0": [0, 0, 0],
						"0.2": [22.5, 0, 0],
						"0.6": [22.5, 0, 0],
						"0.68": [37.5, 0, 0]
					}
				}
			}
		},
		"animation.longsword.attack_dual_test2": {
			"animation_length": 1.04,
			"override_previous_animation": true,
			"bones": {
				"waist": {
					"rotation": {
						"0.0": [0, 0, 0],
						"0.2": [-17.5, 0, 0],
						"0.6": [-17.5, 0, 0],
						"0.68": [25, 0, 0]
					}
				},
				"leftArm": {
					"rotation": {
						"0.0": [19.5623, 4.2453, -11.76782],
						"0.2": [-87.5, 0, -27.5],
						"0.6": [-87.5, 0, -27.5],
						"0.68": [42.5, 0, -27.5]
					}
				},
				"rightArm": {
					"rotation": {
						"0.0": [19.37006, -5.07855, 14.13272],
						"0.2": [-97.5, 0, 30],
						"0.6": [-97.5, 0, 30],
						"0.68": [62.5, 0, 30]
					}
				},
				"rightItem": {
					"rotation": {
						"0.0": [0, 0, 0],
						"0.2": [47.5, 0, 0],
						"0.6": [47.5, 0, 0],
						"0.68": [-5, 0, 0]
					}
				},
				"lowerlarm": {
					"rotation": [-22.5, 0, 0]
				},
				"lowerrarm": {
					"rotation": [-22.5, 0, 0]
				},
				"root": {
					"rotation": {
						"0.0": [0, 0, 0],
						"0.2": [-7.5, 0, 0],
						"0.6": [-7.5, 0, 0],
						"0.68": [2.5, 0, 0]
					},
					"position": [0, -1, 0]
				},
				"leftleg": {
					"rotation": {
						"0.0": [0, 0, 0],
						"0.2": [-27.5, 0, 0],
						"0.6": [-27.5, 0, 0],
						"0.68": [-5, 0, 0]
					}
				},
				"lowerlleg": {
					"rotation": {
						"0.0": [0, 0, 0],
						"0.2": [27.5, 0, 0],
						"0.6": [27.5, 0, 0],
						"0.68": [35, 0, 0]
					}
				},
				"rightleg": {
					"rotation": {
						"0.0": [0, 0, 0],
						"0.2": [22.5, 0, 0],
						"0.6": [22.5, 0, 0],
						"0.68": [-20, 0, 0]
					}
				},
				"lowerrleg": {
					"rotation": {
						"0.0": [0, 0, 0],
						"0.2": [22.5, 0, 0],
						"0.6": [22.5, 0, 0],
						"0.68": [37.5, 0, 0]
					}
				}
			}
		},
		"animation.longsword.attack_test0": {
			"loop": "hold_on_last_frame",
			"animation_length": 1,
			"override_previous_animation": true,
			"bones": {
				"waist": {
					"rotation": {
						"0.0": [10.03742, -4.92385, -0.87038],
						"0.2": [14.7788, -51.90562, -7.46746],
						"0.6": [14.7788, -51.90562, -7.46746],
						"0.68": [-6.14951, 61.82699, 2.50267],
						"0.92": [-13.21471, 69.26951, 0.23882]
					}
				},
				"leftArm": {
					"rotation": {
						"0.0": [0.57228, 13.34778, 43.3002],
						"0.2": [-43.3133, 43.85328, -20.46806],
						"0.6": [-43.3133, 43.85328, -20.46806],
						"0.68": [-144.56784, 1.97861, -64.32606],
						"0.92": [-154.56784, 1.97861, -64.32606]
					},
					"position": {
						"0.0": [1, 0, -2],
						"0.2": [0, 0, 0],
						"0.6": [0, 0, 0],
						"0.68": [-3, -3, -4]
					}
				},
				"lowerlarm": {
					"rotation": {
						"0.0": [-50, 0, 0],
						"0.2": [-20, 0, 0],
						"0.6": [-20, 0, 0]
					}
				},
				"rightArm": {
					"rotation": {
						"0.0": [-52.03534, -28.00308, -10.9599],
						"0.2": [-132.34366, -34.16711, 128.58728],
						"0.6": [-132.34366, -34.16711, 128.58728],
						"0.68": [-6.45088, -14.67725, 150.08644]
					},
					"position": {
						"0.0": [1, 0, -2],
						"0.2": [0, 0, -2],
						"0.6": [0, 0, -2],
						"0.68": [0, 0, 0]
					}
				},
				"lowerrarm": {
					"rotation": {
						"0.0": [-25, 0, 0],
						"0.2": [-15, 0, 0],
						"0.6": [-15, 0, 0],
						"0.68": [-73.26366, 5.188, -16.73634],
						"0.92": [-63.26366, 5.188, -16.73634]
					}
				},
				"rightItem": {
					"rotation": {
						"0.0": [25.2609, -8.81894, 32.20143],
						"0.2": [25, 0, 0],
						"0.6": [25, 0, 0],
						"0.68": [11.24314, 27.0478, 5.16524]
					},
					"position": {
						"0.0": [1, 0, 0],
						"0.2": [0, -1, -3],
						"0.6": [0, -1, -3]
					}
				},
				"rightleg": {
					"rotation": {
						"0.0": [-37.5, 0, 0],
						"0.2": [-25, 0, 0],
						"0.6": [-25, 0, 0],
						"0.68": [20, 0, 0]
					}
				},
				"lowerrleg": {
					"rotation": {
						"0.0": [32.5, 0, 0],
						"0.2": [25, 0, 0],
						"0.6": [25, 0, 0],
						"0.68": [7.5, 0, 0]
					}
				},
				"leftleg": {
					"rotation": {
						"0.0": [22.5, 0, 0],
						"0.2": [27.5, 0, 0],
						"0.6": [27.5, 0, 0],
						"0.68": [-40, 0, 0]
					}
				},
				"lowerlleg": {
					"rotation": {
						"0.0": [7.5, 0, 0],
						"0.2": [10, 0, 0],
						"0.6": [10, 0, 0],
						"0.68": [40, 0, 0]
					}
				},
				"root": {
					"position": [0, -1, 0]
				}
			}
		},
		"animation.longsword.attack_test1": {
			"loop": "hold_on_last_frame",
			"animation_length": 0.76,
			"override_previous_animation": true,
			"bones": {
				"root": {
					"rotation": {
						"0.0": [0, 0, 0],
						"0.12": [-2.5, 0, 0],
						"0.36": [-2.5, 0, 0],
						"0.48": [-2.5, 0, 0]
					},
					"position": [0, -1, 0]
				},
				"waist": {
					"rotation": {
						"0.0": [10.03742, -4.92385, -0.87038],
						"0.12": [-14.96258, -4.92385, -0.87038],
						"0.36": [-34.96258, -4.92385, -0.87038],
						"0.48": [-34.96258, -4.92385, -0.87038],
						"0.56": [52.53742, -4.92385, -0.87038],
						"0.76": [70.03742, -4.92385, -0.87038]
					}
				},
				"leftArm": {
					"rotation": {
						"0.0": [0.57228, 13.34778, 43.3002],
						"0.12": [-14.42772, 13.34778, 43.3002],
						"0.36": [-14.42772, 13.34778, 43.3002],
						"0.48": [-14.42772, 13.34778, 43.3002],
						"0.56": [13.07228, 13.34778, 43.3002],
						"0.76": [-31.2543, 20.14828, 54.26263]
					},
					"position": {
						"0.0": [1, 0, -2],
						"0.12": [1, 0, -2],
						"0.36": [1, 0, -2],
						"0.48": [1, 0, -2]
					}
				},
				"lowerlarm": {
					"rotation": {
						"0.0": [-50, 0, 0],
						"0.56": [-50, 0, 0],
						"0.76": [-32.5, 0, 0]
					}
				},
				"rightArm": {
					"rotation": {
						"0.0": [-52.03534, -28.00308, -10.9599],
						"0.12": [-65.17587, -34.86279, -14.5183],
						"0.36": [-65.17587, -34.86279, -14.5183],
						"0.48": [-65.17587, -34.86279, -14.5183],
						"0.56": [-39.53534, -28.00308, -10.9599],
						"0.76": [-59.53534, -28.00308, -10.9599]
					},
					"position": {
						"0.0": [1, 0, -2],
						"0.48": [1, 0, -2]
					}
				},
				"lowerrarm": {
					"rotation": {
						"0.0": [-25, 0, 0],
						"0.12": [-27.5, 0, 0],
						"0.36": [-27.5, 0, 0],
						"0.48": [-27.5, 0, 0]
					}
				},
				"rightItem": {
					"rotation": {
						"0.0": [25.2609, -8.81894, 32.20143],
						"0.12": [15.2609, -8.81894, 32.20143],
						"0.36": [15.2609, -8.81894, 32.20143],
						"0.48": [15.2609, -8.81894, 32.20143],
						"0.76": [41.04995, -0.65627, 22.69386]
					},
					"position": [1, 0, 0]
				},
				"rightleg": {
					"rotation": [-37.5, 0, 0]
				},
				"lowerrleg": {
					"rotation": [32.5, 0, 0]
				},
				"leftleg": {
					"rotation": [22.5, 0, 0]
				},
				"lowerlleg": {
					"rotation": [7.5, 0, 0]
				}
			}
		},
		"animation.longsword.attack_test2": {
			"loop": "hold_on_last_frame",
			"animation_length": 0.76,
			"override_previous_animation": true,
			"bones": {
				"root": {
					"rotation": {
						"0.0": [0, 0, 0],
						"0.12": [-2.5, 0, 0],
						"0.36": [-2.75806, 24.97457, -1.16524],
						"0.44": [-5.40158, -62.39543, 4.78974]
					},
					"position": [0, -1, 0]
				},
				"waist": {
					"rotation": {
						"0.0": [10.03742, -4.92385, -0.87038],
						"0.12": [-17.98251, 33.56971, -12.35944],
						"0.36": [-21.46965, 45.34689, -17.81514],
						"0.44": [-20.66069, -43.19259, 12.28759],
						"0.72": [-0.80396, -53.19179, 12.47908]
					}
				},
				"leftArm": {
					"rotation": {
						"0.0": [0.57228, 13.34778, 43.3002],
						"0.12": [-75.66372, 24.42663, -100.25949],
						"0.36": [-106.89215, 22.25856, -104.18353],
						"0.44": [-82.51147, 26.72184, -98.84776],
						"0.72": [-75.01147, 26.72184, -98.84776]
					},
					"position": {
						"0.0": [1, 0, -2],
						"0.12": [1, 0, -2],
						"0.36": [1, 0, -2],
						"0.44": [1, 0, -2]
					}
				},
				"lowerlarm": {
					"rotation": {
						"0.0": [-50, 0, 0],
						"0.36": [-29.56754, -7.64427, -6.46635],
						"0.44": [-42.06754, -7.64427, -6.46635],
						"0.72": [-52.06754, -7.64427, -6.46635]
					}
				},
				"rightArm": {
					"rotation": {
						"0.0": [-52.03534, -28.00308, -10.9599],
						"0.12": [-48.66877, 7.36592, -73.83067],
						"0.36": [-63.66877, 7.36592, -73.83067],
						"0.44": [-51.79676, 18.61592, -87.61498],
						"0.72": [-45.37154, 15.08935, -91.31931]
					},
					"position": {
						"0.0": [1, 0, -2],
						"0.44": [1, 0, -2]
					}
				},
				"lowerrarm": {
					"rotation": {
						"0.0": [-25, 0, 0],
						"0.12": [-27.5, 0, 0],
						"0.36": [-35, 0, 0],
						"0.44": [-27.5, 0, 0]
					}
				},
				"rightItem": {
					"rotation": {
						"0.0": [25.2609, -8.81894, 32.20143],
						"0.12": [-7.56397, 10.51367, -0.33215],
						"0.36": [-7.56397, 10.51367, -0.33215],
						"0.44": [-7.56397, 10.51367, -0.33215]
					},
					"position": [1, 0, 0]
				},
				"rightleg": {
					"rotation": [-37.5, 0, 0]
				},
				"lowerrleg": {
					"rotation": [32.5, 0, 0]
				},
				"leftleg": {
					"rotation": [22.5, 0, 0]
				},
				"lowerlleg": {
					"rotation": [7.5, 0, 0]
				}
			}
		},
		"animation.longsword.dual_stance_1": {
			"loop": true,
			"override_previous_animation": true,
			"bones": {
				"leftArm": {
					"rotation": [-27.24002, 22.49921, 1.82279]
				},
				"lowerlarm": {
					"rotation": [-40, 0, 0]
				},
				"rightArm": {
					"rotation": [-28.85108, 2.27235, 85.75732]
				},
				"lowerrarm": {
					"rotation": [-37.5, 0, 0]
				},
				"waist": {
					"rotation": [-10, -17.5, 0]
				}
			}
		},
		"animation.longsword.stance_shield": {
			"loop": true,
			"override_previous_animation": true,
			"bones": {
				"root": {
					"position": [0, -1, 0]
				},
				"waist": {
					"rotation": [10.62758, 19.6835, 3.61644]
				},
				"leftArm": {
					"rotation": [-47.60006, 26.84862, -10.70868],
					"position": [1, 0, -2]
				},
				"lowerlarm": {
					"rotation": [-42.39409, 29.4987, 28.34077]
				},
				"rightArm": {
					"rotation": [27.96223, -3.35783, 6.98587]
				},
				"lowerrarm": {
					"rotation": [-35, 0, 0]
				},
				"rightItem": {
					"rotation": [0, 0, 0],
					"position": [1, 0, 0]
				}
			}
		},
		"animation.longsword.stance_shield_move": {
			"loop": true,
			"animation_length": 1.04,
			"override_previous_animation": true,
			"bones": {
				"root": {
					"rotation": {
						"0.0": [-2.5, 0, 0],
						"0.28": [0, 0, 0],
						"0.52": [-2.5, 0, 0],
						"0.8": [2.5, 0, 0],
						"1.04": [-2.5, 0, 0]
					},
					"position": {
						"0.0": [0, -1, 0],
						"0.28": [0, 0, 0],
						"0.52": [0, -1, 0],
						"0.8": [0, 0, 0],
						"1.04": [0, -1, 0]
					}
				},
				"waist": {
					"rotation": {
						"0.0": [20, 20, 0],
						"0.24": [25, 20, 0],
						"0.52": [19.33252, 15.45565, -2.19013],
						"1.04": [20, 20, 0]
					}
				},
				"leftArm": {
					"rotation": {
						"0.0": [-47.60006, 26.84862, -10.70868],
						"0.24": [-46.70486, 28.68172, -8.7874],
						"0.52": [-53.8875, 33.39094, -3.34158],
						"1.04": [-47.60006, 26.84862, -10.70868]
					},
					"position": {
						"0.0": [1, 0, -2],
						"1.04": [1, 0, -2]
					}
				},
				"lowerlarm": {
					"rotation": [-42.39409, 29.4987, 28.34077]
				},
				"rightArm": {
					"rotation": {
						"0.0": [27.96223, -3.35783, 6.98587],
						"0.24": [40.13003, -6.59273, 10.81335],
						"0.52": [35.61806, -10.40958, 12.09602],
						"1.04": [27.96223, -3.35783, 6.98587]
					}
				},
				"lowerrarm": {
					"rotation": [-35, 0, 0]
				},
				"rightItem": {
					"rotation": [0, 0, 0],
					"position": [1, 0, 0]
				},
				"leftleg": {
					"rotation": {
						"0.0": [-27.5, 0, 0],
						"0.24": [-10.96, 0, 0],
						"0.52": [30, 0, 0],
						"0.8": [-15.96, 0, 0],
						"1.04": [-27.5, 0, 0]
					}
				},
				"lowerlleg": {
					"rotation": {
						"0.0": [27.5, 0, 0],
						"0.24": [0.96, 0, 0],
						"0.52": [2.5, 0, 0],
						"0.8": [58.08, 0, 0],
						"1.04": [27.5, 0, 0]
					}
				},
				"rightleg": {
					"rotation": {
						"0.0": [35, 0, 0],
						"0.52": [-32.5, 0, 0],
						"1.04": [35, 0, 0]
					}
				},
				"lowerrleg": {
					"rotation": {
						"0.0": [15, 0, 0],
						"0.28": [58.08, 0, 0],
						"0.52": [30, 0, 0],
						"0.8": [0.96, 0, 0],
						"1.04": [15, 0, 0]
					}
				}
			}
		},
		"animation.longsword.stance_shield_sprint": {
			"loop": true,
			"animation_length": 0.64,
			"override_previous_animation": true,
			"bones": {
				"root": {
					"rotation": {
						"0.0": [-2.5, 0, 0],
						"0.16": [0, 0, 0],
						"0.32": [-2.5, 0, 0],
						"0.48": [2.5, 0, 0],
						"0.64": [-2.5, 0, 0]
					},
					"position": {
						"0.0": [0, -1, 0],
						"0.16": [0, 0, 0],
						"0.32": [0, -1, 0],
						"0.48": [0, 0, 0],
						"0.64": [0, -1, 0]
					}
				},
				"waist": {
					"rotation": {
						"0.0": [37.5, -7.5, 0],
						"0.32": [35.83, 5, 0],
						"0.64": [37.5, -7.5, 0]
					}
				},
				"leftArm": {
					"rotation": {
						"0.0": [-105, 5, -5],
						"0.32": [-115, 5, -5],
						"0.64": [-105, 5, -5]
					}
				},
				"lowerlarm": {
					"rotation": {
						"0.0": [-1.95155, 7.24305, 74.87647],
						"0.32": [-1.95155, 7.24305, 74.87647],
						"0.64": [-1.95155, 7.24305, 74.87647]
					}
				},
				"rightArm": {
					"rotation": {
						"0.0": [59.08025, 29.63273, 48.0409],
						"0.32": [79.08025, 29.63273, 48.0409],
						"0.64": [59.08025, 29.63273, 48.0409]
					}
				},
				"lowerrarm": {
					"rotation": [-45, 0, 7.5]
				},
				"rightItem": {
					"rotation": {
						"0.0": [0, 0, 0],
						"0.32": [-5, 0, 0],
						"0.64": [0, 0, 0]
					}
				},
				"leftleg": {
					"rotation": {
						"0.0": [-27.5, 0, 0],
						"0.16": [-10.96, 0, 0],
						"0.32": [30, 0, 0],
						"0.48": [-15.96, 0, 0],
						"0.64": [-27.5, 0, 0]
					}
				},
				"lowerlleg": {
					"rotation": {
						"0.0": [27.5, 0, 0],
						"0.16": [0.96, 0, 0],
						"0.32": [2.5, 0, 0],
						"0.48": [58.08, 0, 0],
						"0.64": [27.5, 0, 0]
					}
				},
				"rightleg": {
					"rotation": {
						"0.0": [35, 0, 0],
						"0.32": [-32.5, 0, 0],
						"0.64": [35, 0, 0]
					}
				},
				"lowerrleg": {
					"rotation": {
						"0.0": [15, 0, 0],
						"0.16": [58.08, 0, 0],
						"0.32": [30, 0, 0],
						"0.48": [0.96, 0, 0],
						"0.64": [15, 0, 0]
					}
				}
			}
		},
		"animation.longsword.attack_shield_test0": {
			"loop": true,
			"animation_length": 1.04,
			"override_previous_animation": true,
			"bones": {
				"root": {
					"rotation": {
						"0.0": [0, 0, 0],
						"0.28": [0, 0, 0],
						"0.64": [0, 15, 0],
						"0.72": [0, -25, 0],
						"0.96": [10.73984, -32.37799, -1.53789]
					},
					"position": [0, -1, 0]
				},
				"waist": {
					"rotation": {
						"0.0": [10.62758, 19.6835, 3.61644],
						"0.28": [11.80867, 31.94715, 6.31274],
						"0.64": [-8.69469, 36.89308, 5.42307],
						"0.72": [11.61374, -39.8329, 10.63938],
						"0.96": [19.11374, -39.8329, 10.63938]
					}
				},
				"leftArm": {
					"rotation": {
						"0.0": [-47.60006, 26.84862, -10.70868],
						"0.28": [-43.91281, 2.33031, -6.72363],
						"0.64": [-26.50682, 15.97789, -6.80434],
						"0.72": [-9.15041, -27.78073, -38.37567]
					}
				},
				"lowerlarm": {
					"rotation": [-42.39409, 29.4987, 28.34077]
				},
				"rightArm": {
					"rotation": {
						"0.0": [27.96223, -3.35783, 6.98587],
						"0.28": [-157.34783, 12.40373, -27.26155],
						"0.64": [-179.84783, 12.40373, -27.26155],
						"0.72": [-36.67205, 2.12301, -41.55868],
						"0.96": [-38.3714, -5.67024, -55.2768]
					}
				},
				"lowerrarm": {
					"rotation": {
						"0.0": [-35, 0, 0],
						"0.64": [-35, 0, 0],
						"0.72": [-7.5, 0, 0]
					}
				},
				"rightItem": {
					"rotation": [0, 0, 0]
				}
			}
		},
		"animation.longsword.attack_shield_test1": {
			"loop": true,
			"animation_length": 1.04,
			"override_previous_animation": true,
			"bones": {
				"root": {
					"rotation": {
						"0.0": [0, 0, 0],
						"0.28": [0, 0, 0],
						"0.64": [0, 15, 0],
						"0.72": [0, -25, 0],
						"0.96": [17.84967, -59.10703, -11.18562]
					},
					"position": [0, -1, 0]
				},
				"waist": {
					"rotation": {
						"0.0": [10.62758, 19.6835, 3.61644],
						"0.28": [11.80867, 31.94715, 6.31274],
						"0.64": [-8.69469, 36.89308, 5.42307],
						"0.72": [11.61374, -39.8329, 10.63938],
						"0.96": [19.11374, -39.8329, 10.63938]
					}
				},
				"leftArm": {
					"rotation": {
						"0.0": [-47.60006, 26.84862, -10.70868],
						"0.28": [-43.91281, 2.33031, -6.72363],
						"0.64": [-26.50682, 15.97789, -6.80434],
						"0.72": [-9.15041, -27.78073, -38.37567]
					}
				},
				"lowerlarm": {
					"rotation": [-42.39409, 29.4987, 28.34077]
				},
				"rightArm": {
					"rotation": {
						"0.0": [27.96223, -3.35783, 6.98587],
						"0.28": [-182.05612, 5.58827, -94.49079],
						"0.64": [-203.2104, 6.2949, -87.86875],
						"0.72": [-26.26748, -13.39603, -88.14049],
						"0.96": [-28.85759, -27.02821, -87.67419]
					}
				},
				"lowerrarm": {
					"rotation": {
						"0.0": [-35, 0, 0],
						"0.64": [-35, 0, 0],
						"0.72": [-7.5, 0, 0]
					}
				},
				"rightItem": {
					"rotation": [0, 0, 0]
				}
			}
		},
		"animation.longsword.attack_shield2": {
			"loop": "hold_on_last_frame",
			"animation_length": 0.56,
			"override_previous_animation": true,
			"bones": {
				"root": {
					"rotation": {
						"0.0": [0, 0, 0],
						"0.12": [0, 0, 0],
						"0.24": [0, 15, 0],
						"0.32": [0, -25, 0],
						"0.56": [10.73984, -32.37799, -1.53789]
					},
					"position": [0, -1, 0]
				},
				"waist": {
					"rotation": {
						"0.0": [10.62758, 19.6835, 3.61644],
						"0.12": [11.80867, 31.94715, 6.31274],
						"0.24": [-8.69469, 36.89308, 5.42307],
						"0.32": [11.61374, -39.8329, 10.63938],
						"0.56": [19.11374, -39.8329, 10.63938]
					}
				},
				"leftArm": {
					"rotation": {
						"0.0": [-47.60006, 26.84862, -10.70868],
						"0.12": [-43.91281, 2.33031, -6.72363],
						"0.24": [-26.50682, 15.97789, -6.80434],
						"0.32": [-9.15041, -27.78073, -38.37567]
					}
				},
				"lowerlarm": {
					"rotation": [-42.39409, 29.4987, 28.34077]
				},
				"rightArm": {
					"rotation": {
						"0.0": [27.96223, -3.35783, 6.98587],
						"0.12": [-157.34783, 12.40373, -27.26155],
						"0.24": [-179.84783, 12.40373, -27.26155],
						"0.32": [-36.67205, 2.12301, -41.55868],
						"0.56": [-38.3714, -5.67024, -55.2768]
					}
				},
				"lowerrarm": {
					"rotation": {
						"0.0": [-35, 0, 0],
						"0.24": [-35, 0, 0],
						"0.32": [-7.5, 0, 0]
					}
				},
				"rightItem": {
					"rotation": [0, 0, 0]
				}
			}
		},
		"animation.longsword.attack_shield1": {
			"loop": "hold_on_last_frame",
			"animation_length": 0.52,
			"override_previous_animation": true,
			"bones": {
				"root": {
					"rotation": {
						"0.0": [0, 0, 0],
						"0.12": [0, 0, 0],
						"0.28": [0, 15, 0],
						"0.36": [0, -25, 0],
						"0.52": [17.84967, -59.10703, -11.18562]
					},
					"position": [0, -1, 0]
				},
				"waist": {
					"rotation": {
						"0.0": [10.62758, 19.6835, 3.61644],
						"0.12": [11.80867, 31.94715, 6.31274],
						"0.28": [-8.69469, 36.89308, 5.42307],
						"0.36": [11.61374, -39.8329, 10.63938],
						"0.52": [19.11374, -39.8329, 10.63938]
					}
				},
				"leftArm": {
					"rotation": {
						"0.0": [-47.60006, 26.84862, -10.70868],
						"0.12": [-43.91281, 2.33031, -6.72363],
						"0.28": [-26.50682, 15.97789, -6.80434],
						"0.36": [-9.15041, -27.78073, -38.37567]
					}
				},
				"lowerlarm": {
					"rotation": [-42.39409, 29.4987, 28.34077]
				},
				"rightArm": {
					"rotation": {
						"0.0": [27.96223, -3.35783, 6.98587],
						"0.12": [-182.05612, 5.58827, -94.49079],
						"0.28": [-203.2104, 6.2949, -87.86875],
						"0.36": [-26.26748, -13.39603, -88.14049],
						"0.52": [-28.85759, -27.02821, -87.67419]
					}
				},
				"lowerrarm": {
					"rotation": {
						"0.0": [-35, 0, 0],
						"0.28": [-35, 0, 0],
						"0.36": [-7.5, 0, 0]
					}
				},
				"rightItem": {
					"rotation": [0, 0, 0]
				}
			}
		},
		"animation.longsword.attack_shield0": {
			"loop": "hold_on_last_frame",
			"animation_length": 0.52,
			"override_previous_animation": true,
			"bones": {
				"root": {
					"rotation": {
						"0.0": [0, 0, 0],
						"0.12": [0, 0, 0],
						"0.28": [0, 15, 0],
						"0.36": [0, -30, 0],
						"0.52": [15, -30, 0]
					},
					"position": [0, -1, 0]
				},
				"waist": {
					"rotation": {
						"0.0": [10.62758, 19.6835, 3.61644],
						"0.12": [11.80867, 31.94715, 6.31274],
						"0.28": [-8.69469, 36.89308, 5.42307],
						"0.36": [29.86912, -3.30189, 4.93232],
						"0.52": [42.36912, -3.30189, 4.93232]
					}
				},
				"leftArm": {
					"rotation": {
						"0.0": [-47.60006, 26.84862, -10.70868],
						"0.12": [-43.91281, 2.33031, -6.72363],
						"0.28": [-26.50682, 15.97789, -6.80434],
						"0.36": [-82.5385, -1.86058, 15.59197],
						"0.52": [-82.5385, -1.86058, 15.59197]
					}
				},
				"lowerlarm": {
					"rotation": [-42.39409, 29.4987, 28.34077]
				},
				"rightArm": {
					"rotation": {
						"0.0": [27.96223, -3.35783, 6.98587],
						"0.12": [-180.47521, -31.89664, -10.7766],
						"0.28": [-196.175, -46.10621, -12.37808],
						"0.36": [-24.11675, 25.1347, -15.87848],
						"0.52": [-42.28804, 22.78797, -23.67554]
					}
				},
				"lowerrarm": {
					"rotation": {
						"0.0": [-35, 0, 0],
						"0.28": [-35, 0, 0],
						"0.36": [-7.5, 0, 0]
					}
				},
				"rightItem": {
					"rotation": [0, 0, 0]
				}
			}
		},
		"animation.longsword.back_none": {
			"loop": true,
			"override_previous_animation": true,
			"bones": {
				"longsword_back_offhand": {
					"scale": 0
				},
				"longsword_back_main": {
					"scale": 0
				}
			}
		},
		"animation.longsword.unsheathe": {
			"loop": "hold_on_last_frame",
			"animation_length": 0.4,
			"bones": {
				"leftArm": {
					"rotation": {
						"0.0": [-141.33099, -11.14485, 13.57875],
						"0.12": [-141.33099, -11.14485, 13.57875],
						"0.24": [3.66901, -11.14485, 13.57875],
						"0.32": [19.5623, 4.2453, -11.76782]
					}
				},
				"lowerlarm": {
					"rotation": {
						"0.0": [-105, 0, 0],
						"0.12": [-80, 0, 0],
						"0.24": [-80, 0, 0],
						"0.32": [-22.5, 0, 0]
					}
				},
				"rightArm": {
					"rotation": {
						"0.0": [-148.15593, 15.35793, -23.09454],
						"0.12": [-148.15593, 15.35793, -23.09454],
						"0.24": [-43.15593, 15.35793, -23.09454],
						"0.32": [19.37006, -5.07855, 14.13272]
					}
				},
				"lowerrarm": {
					"rotation": {
						"0.0": [-87.5, 0, 0],
						"0.12": [-42.5, 0, 0],
						"0.24": [-42.5, 0, 0],
						"0.32": [-22.5, 0, 0]
					}
				},
				"longsword_back_offhand": {
					"rotation": {
						"0.0": [0, 0, 0],
						"0.12": [0, -15, 0]
					},
					"position": {
						"0.0": [0, 0, 0],
						"0.12": [2.5, 2, 1.25]
					},
					"scale": {
						"0.12": [1, 1, 1],
						"0.16": [0, 0, 0]
					}
				},
				"longsword_back_main": {
					"rotation": {
						"0.0": [0, 0, 0],
						"0.12": [-149.12346, -33.20628, -152.06579]
					},
					"position": {
						"0.0": [0, 0, 0],
						"0.12": [-3, 4, 2]
					},
					"scale": {
						"0.12": [1, 1, 1],
						"0.16": [0, 0, 0]
					}
				},
				"rightItem": {
					"rotation": {
						"0.24": [0, 0, 90],
						"0.32": [0, 0, 0]
					},
					"scale": {
						"0.12": [0, 0, 0],
						"0.16": [1, 1, 1]
					}
				},
				"leftitem": {
					"rotation": {
						"0.24": [0, 0, -82.5],
						"0.32": [0, 0, 0]
					},
					"scale": {
						"0.12": [0, 0, 0],
						"0.16": [1, 1, 1]
					}
				},
				"longsword_sheath_off_hand": {
					"rotation": {
						"0.0": [0, 0, 0],
						"0.12": [0, -15, 0],
						"0.32": [0, 0, 0]
					},
					"position": {
						"0.0": [0, 0, 0],
						"0.12": [1, 0, 2],
						"0.32": [0, 0, 0]
					}
				},
				"longsword_sheath": {
					"rotation": {
						"0.0": [0, 0, 0],
						"0.12": [-149.12346, -33.20628, -152.06579],
						"0.32": [0, 0, 0]
					},
					"position": {
						"0.0": [0, 0, 0],
						"0.12": [-3, 4, 2],
						"0.32": [0, 0, 0]
					}
				}
			}
		},
		"animation.longsword.unsheathe_one": {
			"loop": "hold_on_last_frame",
			"animation_length": 0.52,
			"bones": {
				"leftArm": {
					"rotation": {
						"0.0": [0, 0, 0],
						"0.24": [0, 0, 0],
						"0.52": [0.57228, 13.34778, 43.3002]
					},
					"position": {
						"0.0": [0, 0, 0],
						"0.24": [0, 0, 0],
						"0.52": [1, 0, -2]
					}
				},
				"lowerlarm": {
					"rotation": {
						"0.0": [0, 0, 0],
						"0.24": [0, 0, 0],
						"0.52": [-50, 0, 0]
					}
				},
				"rightArm": {
					"rotation": {
						"0.0": [-148.15593, 15.35793, -23.09454],
						"0.12": [-148.15593, 15.35793, -23.09454],
						"0.24": [-43.15593, 15.35793, -23.09454],
						"0.52": [-52.03534, -28.00308, -10.9599]
					},
					"position": [1, 0, -2]
				},
				"lowerrarm": {
					"rotation": {
						"0.0": [-87.5, 0, 0],
						"0.12": [-42.5, 0, 0],
						"0.24": [-42.5, 0, 0],
						"0.52": [-25, 0, 0]
					}
				},
				"longsword_back_main": {
					"rotation": {
						"0.0": [0, 0, 0],
						"0.12": [-149.12346, -33.20628, -152.06579],
						"0.24": [0, 0, 0]
					},
					"position": {
						"0.0": [0, 0, 0],
						"0.12": [-3, 4, 2],
						"0.24": [0, 0, 0]
					},
					"scale": {
						"0.12": [1, 1, 1],
						"0.16": [0, 0, 0]
					}
				},
				"rightItem": {
					"rotation": {
						"0.24": [0, 0, 90],
						"0.52": [25.2609, -8.81894, 32.20143]
					},
					"position": [1, 0, 0],
					"scale": {
						"0.12": [0, 0, 0],
						"0.16": [1, 1, 1]
					}
				},
				"longsword_sheath": {
					"rotation": {
						"0.0": [0, 0, 0],
						"0.12": [-149.12346, -33.20628, -152.06579],
						"0.32": [0, 0, 0]
					},
					"position": {
						"0.0": [0, 0, 0],
						"0.12": [-3, 4, 2],
						"0.32": [0, 0, 0]
					}
				},
				"root": {
					"rotation": {
						"0.0": [0, 0, 0],
						"0.24": [0, 0, 0]
					},
					"position": {
						"0.0": [0, 0, 0],
						"0.24": [0, 0, 0],
						"0.52": [0, -1, 0]
					}
				},
				"leftleg": {
					"rotation": {
						"0.0": [0, 0, 0],
						"0.24": [0, 0, 0],
						"0.52": [22.5, 0, 0]
					}
				},
				"lowerlleg": {
					"rotation": {
						"0.0": [0, 0, 0],
						"0.24": {
							"pre": [0, 0, 0],
							"post": [0, 0, 0]
						},
						"0.52": [7.5, 0, 0]
					}
				},
				"rightleg": {
					"rotation": {
						"0.0": [0, 0, 0],
						"0.24": [0, 0, 0],
						"0.52": [-37.5, 0, 0]
					}
				},
				"lowerrleg": {
					"rotation": {
						"0.0": [0, 0, 0],
						"0.24": [0, 0, 0],
						"0.52": [32.5, 0, 0]
					}
				},
				"waist": {
					"rotation": {
						"0.0": [0, 0, 0],
						"0.24": [0, 0, 0],
						"0.52": [10.03742, -4.92385, -0.87038]
					}
				}
			}
		},
		"animation.longsword.unsheathe_shield": {
			"loop": "hold_on_last_frame",
			"animation_length": 0.52,
			"bones": {
				"leftArm": {
					"rotation": {
						"0.0": [0, 0, 0],
						"0.12": [46.64743, -7.43547, 13.06431],
						"0.24": [-35.94859, -8.09747, -4.58645],
						"0.52": [-47.60006, 26.84862, -10.70868]
					},
					"position": [0, 0, 0]
				},
				"lowerlarm": {
					"rotation": {
						"0.0": [0, 0, 0],
						"0.12": [-45, 0, 0],
						"0.24": [0, 0, 0],
						"0.52": [-42.39409, 29.4987, 28.34077]
					}
				},
				"rightArm": {
					"rotation": {
						"0.0": [-148.15593, 15.35793, -23.09454],
						"0.12": [-148.15593, 15.35793, -23.09454],
						"0.24": [-43.15593, 15.35793, -23.09454],
						"0.52": [27.96223, -3.35783, 6.98587]
					}
				},
				"lowerrarm": {
					"rotation": {
						"0.0": [-87.5, 0, 0],
						"0.12": [-42.5, 0, 0],
						"0.24": [-42.5, 0, 0],
						"0.52": [-35, 0, 0]
					}
				},
				"longsword_back_main": {
					"rotation": {
						"0.0": [0, 0, 0],
						"0.12": [-149.12346, -33.20628, -152.06579],
						"0.24": [0, 0, 0]
					},
					"position": {
						"0.0": [0, 0, -1],
						"0.12": [-3, 4, 1],
						"0.24": [0, 0, 0]
					},
					"scale": {
						"0.12": [1, 1, 1],
						"0.16": [0, 0, 0]
					}
				},
				"rightItem": {
					"rotation": {
						"0.24": [0, 0, 90],
						"0.52": [0, 0, 0]
					},
					"scale": {
						"0.12": [0, 0, 0],
						"0.16": [1, 1, 1]
					}
				},
				"longsword_sheath": {
					"rotation": {
						"0.0": [0, 0, 0],
						"0.12": [-149.12346, -33.20628, -152.06579],
						"0.32": [0, 0, 0]
					},
					"position": {
						"0.0": [0, 0, 0],
						"0.12": [-3, 4, 2],
						"0.32": [0, 0, 0]
					}
				},
				"root": {
					"rotation": {
						"0.0": [0, 0, 0],
						"0.24": [0, 0, 0]
					},
					"position": {
						"0.0": [0, 0, 0],
						"0.24": [0, 0, 0],
						"0.52": [0, -1, 0]
					}
				},
				"waist": {
					"rotation": {
						"0.0": [0, 0, 0],
						"0.24": [0, 0, 0],
						"0.52": [10.62758, 19.6835, 3.61644]
					}
				},
				"leftitem": {
					"scale": {
						"0.12": [0, 0, 0],
						"0.16": [1, 1, 1]
					}
				},
				"shield_back": {
					"rotation": {
						"0.0": [0, 0, 0],
						"0.12": [-122.95098, -23.44849, -120.73838],
						"0.24": [-113.91199, -32.27476, -110.55024]
					},
					"position": {
						"0.0": [0, 0, 0],
						"0.12": [2, 0, 0],
						"0.24": [5, 0, 0]
					},
					"scale": {
						"0.12": [1, 1, 1],
						"0.16": [0, 0, 0]
					}
				}
			}
		},
		"animation.longsword.shield_back": {
			"loop": true,
			"bones": {
				"longsword_back_main": {
					"position": [0, 0, -1]
				}
			}
		},
		"animation.longsword.sneak": {
			"loop": true,
			"override_previous_animation": true,
			"bones": {
				"waist": {
					"rotation": [10.47479, 17.22575, 3.13388]
				},
				"leftArm": {
					"rotation": [0.57228, 13.34778, 43.3002],
					"position": [1, 0, -2]
				},
				"lowerlarm": {
					"rotation": [-50, 0, 0]
				},
				"rightArm": {
					"rotation": [-50.22618, -31.89744, -14.58067],
					"position": [1, 0, 0]
				},
				"lowerrarm": {
					"rotation": [-25, 0, 0]
				},
				"root": {
					"rotation": [0, -22.5, 0],
					"position": [0, -3, 0]
				},
				"trail": {
					"scale": 0
				},
				"leftleg": {
					"rotation": [22.5, 0, 0]
				},
				"lowerlleg": {
					"rotation": [65, 0, 0]
				},
				"rightleg": {
					"rotation": [-64.08775, 14.11685, 1.29795]
				},
				"lowerrleg": {
					"rotation": [57.5, 0, 0]
				}
			}
		},
		"animation.longsword.sneak_double": {
			"loop": true,
			"override_previous_animation": true,
			"bones": {
				"waist": {
					"rotation": [9.70121, 17.66373, 0.55385]
				},
				"leftArm": {
					"rotation": [-11.0207, 7.59893, -15.00091]
				},
				"lowerlarm": {
					"rotation": [-22.5, 0, 0]
				},
				"rightArm": {
					"rotation": [16.37798, 4.03049, 2.54091]
				},
				"lowerrarm": {
					"rotation": [-15, 0, 0]
				},
				"root": {
					"rotation": [0, -22.5, 0],
					"position": [0, -3, 0]
				},
				"trail": {
					"scale": 0
				},
				"leftleg": {
					"rotation": [22.5, 0, 0]
				},
				"lowerlleg": {
					"rotation": [65, 0, 0]
				},
				"rightleg": {
					"rotation": [-64.08775, 14.11685, 1.29795]
				},
				"lowerrleg": {
					"rotation": [57.5, 0, 0]
				}
			}
		},
		"animation.longsword.sneak_move": {
			"loop": true,
			"animation_length": 1.04,
			"override_previous_animation": true,
			"bones": {
				"waist": {
					"rotation": {
						"0.0": [10.03742, -4.92385, -0.87038],
						"1.04": [10.03742, -4.92385, -0.87038]
					}
				},
				"leftArm": {
					"rotation": {
						"0.0": [-9.00424, 2.38798, -1.36288],
						"0.52": [40.99576, 2.38798, -1.36288],
						"1.04": [-9.00424, 2.38798, -1.36288]
					}
				},
				"lowerlarm": {
					"rotation": {
						"0.0": [-50, 0, 0],
						"1.04": [-50, 0, 0]
					}
				},
				"rightArm": {
					"rotation": {
						"0.0": [5.97607, 5.91759, 2.21157],
						"0.52": [-9.02393, 5.91759, 2.21157],
						"1.04": [5.97607, 5.91759, 2.21157]
					}
				},
				"lowerrarm": {
					"rotation": {
						"0.0": [-25, 0, 0],
						"0.52": [-32.5, 0, 0],
						"1.04": [-25, 0, 0]
					}
				},
				"root": {
					"rotation": [0, 0, 0],
					"position": {
						"0.0": [0, -3, 0],
						"0.28": [0, -1, 0],
						"0.52": [0, -2, 0],
						"0.8": [0, -1, 0],
						"1.04": [0, -3, 0]
					}
				},
				"trail": {
					"scale": 0
				},
				"leftleg": {
					"rotation": {
						"0.0": [22.5, 0, 0],
						"0.28": [-70.77, 0, 0],
						"0.52": [-47.5, 0, 0],
						"1.04": [5, 0, 0]
					}
				},
				"lowerlleg": {
					"rotation": {
						"0.0": [70, 0, 0],
						"0.52": [47.5, 0, 0],
						"1.04": [70, 0, 0]
					}
				},
				"rightleg": {
					"rotation": {
						"0.0": [-47.5, 0, 0],
						"0.52": [-2.5, 0, 0],
						"0.8": [-56.73, 0, 0],
						"1.04": [-47.5, 0, 0]
					}
				},
				"lowerrleg": {
					"rotation": {
						"0.0": [47.5, 0, 0],
						"0.52": [60, 0, 0],
						"1.04": [47.5, 0, 0]
					}
				}
			}
		},
		"animation.longsword.move": {
			"loop": true,
			"animation_length": 1.04,
			"override_previous_animation": true,
			"bones": {
				"root": {
					"rotation": {
						"0.0": [-2.5, 0, 0],
						"0.28": [0, 0, 0],
						"0.52": [-2.5, 0, 0],
						"0.8": [2.5, 0, 0],
						"1.04": [-2.5, 0, 0]
					},
					"position": {
						"0.0": [0, -1, 0],
						"0.28": [0, 0, 0],
						"0.52": [0, -1, 0],
						"0.8": [0, 0, 0],
						"1.04": [0, -1, 0]
					}
				},
				"waist": {
					"rotation": {
						"0.0": [0, -7.5, 0],
						"0.28": [0, -1.92, 0],
						"0.52": [0, 7.5, 0],
						"0.8": [0, 1.92, 0],
						"1.04": [0, -7.5, 0]
					}
				},
				"leftArm": {
					"rotation": {
						"0.0": [0.57228, 13.34778, 43.3002],
						"0.52": [8.07228, 13.34778, 43.3002],
						"1.04": [0.57228, 13.34778, 43.3002]
					},
					"position": {
						"0.0": [1, 0, -2],
						"0.52": [1, 0, -2],
						"1.04": [1, 0, -2]
					}
				},
				"lowerlarm": {
					"rotation": {
						"0.0": [-50, 0, 0],
						"0.52": [-50, 0, 0],
						"1.04": [-50, 0, 0]
					}
				},
				"rightArm": {
					"rotation": {
						"0.0": [-52.03534, -28.00308, -10.9599],
						"0.52": [-41.68198, -33.80443, -16.50523],
						"1.04": [-52.03534, -28.00308, -10.9599]
					},
					"position": {
						"0.0": [1, 0, -2],
						"0.52": [1, 0, -2],
						"1.04": [1, 0, -2]
					}
				},
				"lowerrarm": {
					"rotation": {
						"0.0": [-25, 0, 0],
						"0.52": [-25, 0, 0],
						"1.04": [-25, 0, 0]
					}
				},
				"rightleg": {
					"rotation": {
						"0.0": [35, 0, 0],
						"0.52": [-32.5, 0, 0],
						"1.04": [35, 0, 0]
					}
				},
				"lowerrleg": {
					"rotation": {
						"0.0": [15, 0, 0],
						"0.28": [58.08, 0, 0],
						"0.52": [30, 0, 0],
						"0.8": [0.96, 0, 0],
						"1.04": [15, 0, 0]
					}
				},
				"leftleg": {
					"rotation": {
						"0.0": [-27.5, 0, 0],
						"0.24": [-10.96, 0, 0],
						"0.52": [30, 0, 0],
						"0.8": [-15.96, 0, 0],
						"1.04": [-27.5, 0, 0]
					}
				},
				"lowerlleg": {
					"rotation": {
						"0.0": [27.5, 0, 0],
						"0.24": [0.96, 0, 0],
						"0.52": [2.5, 0, 0],
						"0.8": [58.08, 0, 0],
						"1.04": [27.5, 0, 0]
					}
				},
				"rightItem": {
					"rotation": {
						"0.0": [25.2609, -8.81894, 32.20143],
						"0.52": [25.2609, -8.81894, 32.20143],
						"1.04": [25.2609, -8.81894, 32.20143]
					},
					"position": {
						"0.0": [1, 0, 0],
						"0.52": [1, 0, 0],
						"1.04": [1, 0, 0]
					}
				}
			}
		},
		"animation.longsword.move_dual": {
			"loop": true,
			"animation_length": 1.04,
			"override_previous_animation": true,
			"bones": {
				"root": {
					"rotation": {
						"0.0": [-2.5, 0, 0],
						"0.28": [0, 0, 0],
						"0.52": [-2.5, 0, 0],
						"0.8": [2.5, 0, 0],
						"1.04": [-2.5, 0, 0]
					},
					"position": {
						"0.0": [0, -1, 0],
						"0.28": [0, 0, 0],
						"0.52": [0, -1, 0],
						"0.8": [0, 0, 0],
						"1.04": [0, -1, 0]
					}
				},
				"waist": {
					"rotation": {
						"0.0": [0, -7.5, 0],
						"0.28": [0, -1.92, 0],
						"0.52": [0, 7.5, 0],
						"0.8": [0, 1.92, 0],
						"1.04": [0, -7.5, 0]
					}
				},
				"leftArm": {
					"rotation": {
						"0.0": [41.83254, 2.27917, -39.52985],
						"0.52": [-13.16746, 2.27917, -39.52985],
						"1.04": [41.83254, 2.27917, -39.52985]
					}
				},
				"lowerlarm": {
					"rotation": {
						"0.0": [-50, 0, 0],
						"0.52": [-50, 0, 0],
						"1.04": [-50, 0, 0]
					}
				},
				"rightArm": {
					"rotation": {
						"0.0": [-10.23022, -4.06664, 36.80124],
						"0.52": [54.76978, -4.06664, 36.80124],
						"1.04": [-10.23022, -4.06664, 36.80124]
					}
				},
				"lowerrarm": {
					"rotation": {
						"0.0": [-25, 0, 0],
						"0.52": [-25, 0, 0],
						"1.04": [-25, 0, 0]
					}
				},
				"rightleg": {
					"rotation": {
						"0.0": [35, 0, 0],
						"0.52": [-32.5, 0, 0],
						"1.04": [35, 0, 0]
					}
				},
				"lowerrleg": {
					"rotation": {
						"0.0": [15, 0, 0],
						"0.28": [58.08, 0, 0],
						"0.52": [30, 0, 0],
						"0.8": [0.96, 0, 0],
						"1.04": [15, 0, 0]
					}
				},
				"leftleg": {
					"rotation": {
						"0.0": [-27.5, 0, 0],
						"0.24": [-10.96, 0, 0],
						"0.52": [30, 0, 0],
						"0.8": [-15.96, 0, 0],
						"1.04": [-27.5, 0, 0]
					}
				},
				"lowerlleg": {
					"rotation": {
						"0.0": [27.5, 0, 0],
						"0.24": [0.96, 0, 0],
						"0.52": [2.5, 0, 0],
						"0.8": [58.08, 0, 0],
						"1.04": [27.5, 0, 0]
					}
				}
			}
		},
		"animation.longsword.sprint": {
			"loop": true,
			"animation_length": 0.64,
			"override_previous_animation": true,
			"bones": {
				"root": {
					"rotation": {
						"0.0": [-2.5, 0, 0],
						"0.16": [0, 0, 0],
						"0.32": [-2.5, 0, 0],
						"0.48": [2.5, 0, 0],
						"0.64": [-2.5, 0, 0]
					},
					"position": {
						"0.0": [0, -1, 0],
						"0.16": [0, 0, 0],
						"0.32": [0, -1, 0],
						"0.48": [0, 0, 0],
						"0.64": [0, -1, 0]
					}
				},
				"waist": {
					"rotation": {
						"0.0": [37.5, -7.5, 0],
						"0.32": [35.83, 5, 0],
						"0.64": [37.5, -7.5, 0]
					}
				},
				"leftArm": {
					"rotation": {
						"0.0": [74.81197, -3.1622, 1.80423],
						"0.32": [-32.68803, -3.1622, 1.80423],
						"0.64": [74.81197, -3.1622, 1.80423]
					}
				},
				"lowerlarm": {
					"rotation": {
						"0.0": [-60, 0, 0],
						"0.32": [-25, 0, 0],
						"0.64": [-37.5, 0, 0]
					}
				},
				"rightArm": {
					"rotation": {
						"0.0": [-47.5052, 9.557, 0.39634],
						"0.32": [74.9948, 9.557, 0.39634],
						"0.64": [-47.5052, 9.557, 0.39634]
					}
				},
				"lowerrarm": {
					"rotation": {
						"0.0": [-45, 0, 0],
						"0.32": [-45, 0, 0],
						"0.64": [-45, 0, 0]
					}
				},
				"rightleg": {
					"rotation": {
						"0.0": [35, 0, 0],
						"0.32": [-32.5, 0, 0],
						"0.64": [35, 0, 0]
					}
				},
				"lowerrleg": {
					"rotation": {
						"0.0": [15, 0, 0],
						"0.16": [58.08, 0, 0],
						"0.32": [30, 0, 0],
						"0.48": [0.96, 0, 0],
						"0.64": [15, 0, 0]
					}
				},
				"leftleg": {
					"rotation": {
						"0.0": [-27.5, 0, 0],
						"0.16": [-10.96, 0, 0],
						"0.32": [30, 0, 0],
						"0.48": [-15.96, 0, 0],
						"0.64": [-27.5, 0, 0]
					}
				},
				"lowerlleg": {
					"rotation": {
						"0.0": [27.5, 0, 0],
						"0.16": [0.96, 0, 0],
						"0.32": [2.5, 0, 0],
						"0.48": [58.08, 0, 0],
						"0.64": [27.5, 0, 0]
					}
				},
				"rightItem": {
					"rotation": {
						"0.0": [0, 0, 0],
						"0.32": [-5, 0, 0],
						"0.64": [0, 0, 0]
					}
				}
			}
		}
	}
}