{
	"format_version": "1.8.0",
	"animations": {
		"animation.mace.stance_0": {
			"loop": true,
			"override_previous_animation": true,
			"bones": {
				"leftArm": {
					"rotation": [9.99067, 0.43399, -7.46207]
				},
				"lowerlarm": {
					"rotation": [-7.5, 0, 0]
				},
				"rightArm": {
					"rotation": [7.38733, -1.29876, 9.91615]
				},
				"lowerrarm": {
					"rotation": [-15, 0, 0]
				},
				"rightleg": {
					"rotation": [-5, 0, 0]
				},
				"lowerrleg": {
					"rotation": [12.5, 0, 0]
				},
				"leftleg": {
					"rotation": [-12.5, 0, -5]
				},
				"lowerlleg": {
					"rotation": [12.5, 0, 0]
				}
			}
		},
		"animation.mace.sprint": {
			"loop": true,
			"animation_length": 0.64,
			"override_previous_animation": true,
			"bones": {
				"leftArm": {
					"rotation": {
						"0.0": [50, 0, -5],
						"0.32": [-45, 0, -10],
						"0.64": [50, 0, -5]
					}
				},
				"lowerlarm": {
					"rotation": {
						"0.0": [-7.5, 0, 0],
						"0.32": [-47.5, 0, 0],
						"0.64": [-7.5, 0, 0]
					}
				},
				"rightArm": {
					"rotation": [-209.58182, 10.32051, -29.03711]
				},
				"lowerrarm": {
					"rotation": [-32.5, 0, 0]
				},
				"rightleg": {
					"rotation": {
						"0.0": [35, 0, 0],
						"0.32": [-32.5, 0, 0],
						"0.64": [35, 0, 0]
					}
				},
				"lowerrleg": {
					"rotation": {
						"0.0": [15, 0, 0],
						"0.16": [58.08, 0, 0],
						"0.32": [30, 0, 0],
						"0.48": [0.96, 0, 0],
						"0.64": [15, 0, 0]
					}
				},
				"leftleg": {
					"rotation": {
						"0.0": [-27.5, 0, 0],
						"0.16": [-10.96, 0, 0],
						"0.32": [30, 0, 0],
						"0.48": [-15.96, 0, 0],
						"0.64": [-27.5, 0, 0]
					}
				},
				"lowerlleg": {
					"rotation": {
						"0.0": [27.5, 0, 0],
						"0.16": [0.96, 0, 0],
						"0.32": [2.5, 0, 0],
						"0.48": [58.08, 0, 0],
						"0.64": [27.5, 0, 0]
					}
				},
				"root": {
					"rotation": {
						"0.0": [-2.5, 0, 0],
						"0.16": [0, 0, 0],
						"0.32": [-2.5, 0, 0],
						"0.48": [2.5, 0, 0],
						"0.64": [-2.5, 0, 0]
					},
					"position": {
						"0.0": [0, -1, 0],
						"0.16": [0, 0, 0],
						"0.32": [0, -1, 0],
						"0.48": [0, 0, 0],
						"0.64": [0, -1, 0]
					}
				},
				"waist": {
					"rotation": {
						"0.0": [37.5, -7.5, 0],
						"0.32": [35.83, 5, 0],
						"0.64": [37.5, -7.5, 0]
					}
				}
			}
		},
		"animation.mace.move": {
			"loop": true,
			"animation_length": 1.04,
			"override_previous_animation": true,
			"bones": {
				"leftArm": {
					"rotation": {
						"0.0": [10, 0, -5],
						"0.52": [-12.5, 0, -10],
						"1.04": [10, 0, -5]
					}
				},
				"lowerlarm": {
					"rotation": [-7.5, 0, 0]
				},
				"rightArm": {
					"rotation": [7.38733, -1.29876, 9.91615]
				},
				"lowerrarm": {
					"rotation": [-15, 0, 0]
				},
				"rightleg": {
					"rotation": {
						"0.0": [35, 0, 0],
						"0.52": [-32.5, 0, 0],
						"1.04": [35, 0, 0]
					}
				},
				"lowerrleg": {
					"rotation": {
						"0.0": [15, 0, 0],
						"0.28": [58.08, 0, 0],
						"0.52": [30, 0, 0],
						"0.8": [0.96, 0, 0],
						"1.04": [15, 0, 0]
					}
				},
				"leftleg": {
					"rotation": {
						"0.0": [-27.5, 0, 0],
						"0.24": [-10.96, 0, 0],
						"0.52": [30, 0, 0],
						"0.8": [-15.96, 0, 0],
						"1.04": [-27.5, 0, 0]
					}
				},
				"lowerlleg": {
					"rotation": {
						"0.0": [27.5, 0, 0],
						"0.24": [0.96, 0, 0],
						"0.52": [2.5, 0, 0],
						"0.8": [58.08, 0, 0],
						"1.04": [27.5, 0, 0]
					}
				},
				"root": {
					"rotation": {
						"0.0": [-2.5, 0, 0],
						"0.28": [0, 0, 0],
						"0.52": [-2.5, 0, 0],
						"0.8": [2.5, 0, 0],
						"1.04": [-2.5, 0, 0]
					},
					"position": {
						"0.0": [0, -1, 0],
						"0.28": [0, 0, 0],
						"0.52": [0, -1, 0],
						"0.8": [0, 0, 0],
						"1.04": [0, -1, 0]
					}
				},
				"waist": {
					"rotation": {
						"0.0": [0, -7.5, 0],
						"0.28": [0, -1.92, 0],
						"0.52": [0, 7.5, 0],
						"0.8": [0, 1.92, 0],
						"1.04": [0, -7.5, 0]
					}
				}
			}
		},
		"animation.mace.attack_0": {
			"loop": "hold_on_last_frame",
			"animation_length": 0.48,
			"override_previous_animation": true,
			"bones": {
				"leftArm": {
					"rotation": [9.99067, 0.43399, -7.46207]
				},
				"lowerlarm": {
					"rotation": [-7.5, 0, 0]
				},
				"rightArm": {
					"rotation": {
						"0.0": [7.38733, -1.29876, 9.91615],
						"0.16": [-177.39175, -23.77797, 8.91805],
						"0.28": [-177.39175, -23.77797, 8.91805],
						"0.4": [-21.04622, 42.86043, 18.49058],
						"0.48": [28.95378, 42.86043, 18.49058]
					}
				},
				"lowerrarm": {
					"rotation": {
						"0.0": [-15, 0, 0],
						"0.16": [-60, 0, 0],
						"0.28": [-60, 0, 0],
						"0.4": [-7.5, 0, 0]
					}
				},
				"rightleg": {
					"rotation": {
						"0.0": [-5, 0, 0],
						"0.16": [7.5, 0, 0],
						"0.28": [7.5, 0, 0],
						"0.36": [-65.83, 0, 0],
						"0.4": [-35, 0, 0]
					}
				},
				"lowerrleg": {
					"rotation": {
						"0.0": [12.5, 0, 0],
						"0.28": [12.5, 0, 0],
						"0.36": [57.75, 0, 0],
						"0.4": [35, 0, 0]
					}
				},
				"leftleg": {
					"rotation": {
						"0.0": [-12.5, 0, -5],
						"0.16": [-25, 0, -5],
						"0.28": [-25, 0, -5],
						"0.4": [5, 0, -5]
					}
				},
				"lowerlleg": {
					"rotation": {
						"0.0": [12.5, 0, 0],
						"0.16": [30, 0, 0],
						"0.28": [30, 0, 0]
					}
				},
				"root": {
					"position": {
						"0.0": [0, 0, 0],
						"0.16": [0, -1, 0],
						"0.28": [0, -1, 0],
						"0.4": [0, -1, -4]
					}
				},
				"waist": {
					"rotation": {
						"0.0": [0, 0, 0],
						"0.16": [-12.5, 17.5, 0],
						"0.28": [-12.5, 17.5, 0],
						"0.4": [24.00185, -51.51578, -19.07626]
					}
				}
			}
		},
		"animation.mace.inbetween_0": {
			"loop": "hold_on_last_frame",
			"override_previous_animation": true,
			"bones": {
				"leftArm": {
					"rotation": [9.99067, 0.43399, -7.46207]
				},
				"lowerlarm": {
					"rotation": [-7.5, 0, 0]
				},
				"rightArm": {
					"rotation": [28.95378, 42.86043, 18.49058]
				},
				"lowerrarm": {
					"rotation": [-7.5, 0, 0]
				},
				"rightleg": {
					"rotation": [-35, 0, 0]
				},
				"lowerrleg": {
					"rotation": [35, 0, 0]
				},
				"leftleg": {
					"rotation": [5, 0, -5]
				},
				"lowerlleg": {
					"rotation": [12.5, 0, 0]
				},
				"root": {
					"position": [0, -1, -4]
				},
				"waist": {
					"rotation": [24.00185, -51.51578, -19.07626]
				}
			}
		},
		"animation.mace.return_0": {
			"loop": "hold_on_last_frame",
			"animation_length": 0.52,
			"override_previous_animation": true,
			"bones": {
				"leftArm": {
					"rotation": {
						"0.0": [9.99067, 0.43399, -7.46207],
						"0.52": [9.99067, 0.43399, -7.46207]
					}
				},
				"lowerlarm": {
					"rotation": {
						"0.0": [-7.5, 0, 0],
						"0.52": [-7.5, 0, 0]
					}
				},
				"rightArm": {
					"rotation": {
						"0.0": [28.95378, 42.86043, 18.49058],
						"0.52": [7.38733, -1.29876, 9.91615]
					}
				},
				"lowerrarm": {
					"rotation": {
						"0.0": [-7.5, 0, 0],
						"0.52": [-15, 0, 0]
					}
				},
				"rightleg": {
					"rotation": {
						"0.0": [-35, 0, 0],
						"0.52": [-5, 0, 0]
					}
				},
				"lowerrleg": {
					"rotation": {
						"0.0": [35, 0, 0],
						"0.52": [12.5, 0, 0]
					}
				},
				"leftleg": {
					"rotation": {
						"0.0": [5, 0, -5],
						"0.52": [-12.5, 0, -5]
					}
				},
				"lowerlleg": {
					"rotation": {
						"0.0": [12.5, 0, 0],
						"0.52": [12.5, 0, 0]
					}
				},
				"root": {
					"position": {
						"0.0": [0, -1, -4],
						"0.52": [0, 0, 0]
					}
				},
				"waist": {
					"rotation": {
						"0.0": [24.00185, -51.51578, -19.07626],
						"0.52": [0, 0, 0]
					}
				}
			}
		},
		"animation.mace.attack_1": {
			"loop": "hold_on_last_frame",
			"animation_length": 0.4,
			"override_previous_animation": true,
			"bones": {
				"leftArm": {
					"rotation": {
						"0.0": [9.99067, 0.43399, -7.46207],
						"0.12": [47.49067, 0.43399, -7.46207],
						"0.28": [47.49067, 0.43399, -7.46207],
						"0.4": [5.92034, -55.70602, -8.58899]
					}
				},
				"lowerlarm": {
					"rotation": {
						"0.0": [-7.5, 0, 0],
						"0.12": [-60, 0, 0],
						"0.28": [-60, 0, 0],
						"0.4": [-25, 0, 0]
					}
				},
				"rightArm": {
					"rotation": {
						"0.0": [28.95378, 42.86043, 18.49058],
						"0.12": [-89.92378, -1.95623, 71.00357],
						"0.28": [-89.92378, -1.95623, 71.00357],
						"0.4": [35.07622, -1.95623, 71.00357]
					}
				},
				"lowerrarm": {
					"rotation": {
						"0.0": [-7.5, 0, 0],
						"0.12": [-25, 0, 0],
						"0.28": [-25, 0, 0],
						"0.4": [-15, 0, 0]
					}
				},
				"rightleg": {
					"rotation": {
						"0.0": [-35, 0, 0],
						"0.12": [-35, 0, 0],
						"0.28": [-35, 0, 0],
						"0.4": [22.5, 0, 0]
					}
				},
				"lowerrleg": {
					"rotation": {
						"0.0": [35, 0, 0],
						"0.12": [50, 0, 0],
						"0.28": [50, 0, 0],
						"0.4": [10, 0, 0]
					}
				},
				"leftleg": {
					"rotation": {
						"0.0": [5, 0, -5],
						"0.12": [17.5, 0, -5],
						"0.28": [17.5, 0, -5],
						"0.36": [-75, 0, -5],
						"0.4": [-50, 0, -5]
					}
				},
				"lowerlleg": {
					"rotation": {
						"0.0": [12.5, 0, 0],
						"0.12": [5, 0, 0],
						"0.28": [5, 0, 0],
						"0.36": [65.83, 0, 0],
						"0.4": [47.5, 0, 0]
					}
				},
				"root": {
					"position": {
						"0.0": [0, -1, -4],
						"0.12": [0, -1, 0],
						"0.28": [0, -1, 0],
						"0.4": [0, -2, -8]
					}
				},
				"waist": {
					"rotation": {
						"0.0": [14.75387, -6.29821, -1.51529],
						"0.12": [48.28373, -70.1772, -46.40078],
						"0.28": [48.28373, -70.1772, -46.40078],
						"0.4": [25.069, 53.31504, 20.70181]
					}
				}
			}
		},
		"animation.mace.inbetween_1": {
			"loop": "hold_on_last_frame",
			"override_previous_animation": true,
			"bones": {
				"leftArm": {
					"rotation": [5.92034, -55.70602, -8.58899]
				},
				"lowerlarm": {
					"rotation": [-25, 0, 0]
				},
				"rightArm": {
					"rotation": [35.07622, -1.95623, 71.00357]
				},
				"lowerrarm": {
					"rotation": [-15, 0, 0]
				},
				"rightleg": {
					"rotation": [22.5, 0, 0]
				},
				"lowerrleg": {
					"rotation": [10, 0, 0]
				},
				"leftleg": {
					"rotation": [-50, 0, -5]
				},
				"lowerlleg": {
					"rotation": [47.5, 0, 0]
				},
				"root": {
					"position": [0, -2, -8]
				},
				"waist": {
					"rotation": [25.069, 53.31504, 20.70181]
				}
			}
		},
		"animation.mace.return_1": {
			"loop": "hold_on_last_frame",
			"animation_length": 0.52,
			"override_previous_animation": true,
			"bones": {
				"leftArm": {
					"rotation": {
						"0.0": [5.92034, -55.70602, -8.58899],
						"0.52": [9.99067, 0.43399, -7.46207]
					}
				},
				"lowerlarm": {
					"rotation": {
						"0.0": [-25, 0, 0],
						"0.52": [-7.5, 0, 0]
					}
				},
				"rightArm": {
					"rotation": {
						"0.0": [35.07622, -1.95623, 71.00357],
						"0.52": [7.38733, -1.29876, 9.91615]
					}
				},
				"lowerrarm": {
					"rotation": {
						"0.0": [-15, 0, 0],
						"0.52": [-15, 0, 0]
					}
				},
				"rightleg": {
					"rotation": {
						"0.0": [22.5, 0, 0],
						"0.52": [-5, 0, 0]
					}
				},
				"lowerrleg": {
					"rotation": {
						"0.0": [10, 0, 0],
						"0.52": [12.5, 0, 0]
					}
				},
				"leftleg": {
					"rotation": {
						"0.0": [-50, 0, -5],
						"0.52": [-12.5, 0, -5]
					}
				},
				"lowerlleg": {
					"rotation": {
						"0.0": [47.5, 0, 0],
						"0.52": [12.5, 0, 0]
					}
				},
				"root": {
					"position": {
						"0.0": [0, -2, -8],
						"0.52": [0, 0, 0]
					}
				},
				"waist": {
					"rotation": {
						"0.0": [25.069, 53.31504, 20.70181],
						"0.52": [0, 0, 0]
					}
				}
			}
		},
		"animation.mace.attack_2": {
			"loop": "hold_on_last_frame",
			"animation_length": 0.44,
			"override_previous_animation": true,
			"bones": {
				"leftArm": {
					"rotation": {
						"0.0": [5.92034, -55.70602, -8.58899],
						"0.16": [-51.57966, -55.70602, -8.58899],
						"0.32": [-51.57966, -55.70602, -8.58899],
						"0.44": [28.42034, -55.70602, -8.58899]
					}
				},
				"lowerlarm": {
					"rotation": {
						"0.0": [-25, 0, 0],
						"0.44": [-52.5, 0, 0]
					}
				},
				"rightArm": {
					"rotation": {
						"0.0": [35.07622, -1.95623, 71.00357],
						"0.16": [144.92378, 1.95623, 251.00357],
						"0.32": [144.92378, 1.95623, 251.00357],
						"0.44": [272.42378, 1.95623, 251.00357]
					}
				},
				"lowerrarm": {
					"rotation": {
						"0.0": [-15, 0, 0],
						"0.32": [-15, 0, 0],
						"0.44": [2.5, 0, 0]
					}
				},
				"rightleg": {
					"rotation": {
						"0.0": [22.5, 0, 0],
						"0.16": [7.5, 0, 0],
						"0.32": [7.5, 0, 0],
						"0.4": [-60.83, 0, 0],
						"0.44": [-35, 0, 0]
					}
				},
				"lowerrleg": {
					"rotation": {
						"0.0": [10, 0, 0],
						"0.32": [10, 0, 0],
						"0.4": [60, 0, 0],
						"0.44": [32.5, 0, 0]
					}
				},
				"leftleg": {
					"rotation": {
						"0.0": [-50, 0, -5],
						"0.16": [-35, 0, -5],
						"0.32": [-35, 0, -5],
						"0.44": [22.5, 0, -5]
					}
				},
				"lowerlleg": {
					"rotation": {
						"0.0": [47.5, 0, 0],
						"0.16": [27.5, 0, 0],
						"0.32": [27.5, 0, 0],
						"0.44": [2.5, 0, 0]
					}
				},
				"root": {
					"position": {
						"0.0": [0, -2, -8],
						"0.16": [0, -1, 1],
						"0.32": [0, -1, 1],
						"0.44": [0, -1, -6]
					}
				},
				"waist": {
					"rotation": {
						"0.0": [25.069, 53.31504, 20.70181],
						"0.16": [38.77225, 66.15804, 36.44351],
						"0.32": [38.77225, 66.15804, 36.44351],
						"0.44": [39.52557, -66.56308, -36.98673]
					}
				}
			}
		},
		"animation.mace.return_2": {
			"loop": "hold_on_last_frame",
			"animation_length": 0.52,
			"override_previous_animation": true,
			"bones": {
				"leftArm": {
					"rotation": {
						"0.0": [28.42034, -55.70602, -8.58899],
						"0.52": [9.99067, 0.43399, -7.46207]
					}
				},
				"lowerlarm": {
					"rotation": {
						"0.0": [-52.5, 0, 0],
						"0.52": [-7.5, 0, 0]
					}
				},
				"rightArm": {
					"rotation": {
						"0.0": [272.42378, 1.95623, 251.00357],
						"0.52": [7.38733, -1.29876, 9.91615]
					}
				},
				"lowerrarm": {
					"rotation": {
						"0.0": [2.5, 0, 0],
						"0.52": [-15, 0, 0]
					}
				},
				"rightleg": {
					"rotation": {
						"0.0": [-35, 0, 0],
						"0.52": [-5, 0, 0]
					}
				},
				"lowerrleg": {
					"rotation": {
						"0.0": [32.5, 0, 0],
						"0.52": [12.5, 0, 0]
					}
				},
				"leftleg": {
					"rotation": {
						"0.0": [22.5, 0, -5],
						"0.52": [-12.5, 0, -5]
					}
				},
				"lowerlleg": {
					"rotation": {
						"0.0": [2.5, 0, 0],
						"0.52": [12.5, 0, 0]
					}
				},
				"root": {
					"position": {
						"0.0": [0, -1, -6],
						"0.52": [0, 0, 0]
					}
				},
				"waist": {
					"rotation": {
						"0.0": [39.52557, -66.56308, -36.98673],
						"0.52": [0, 0, 0]
					}
				}
			}
		},
		"animation.mace.attack_test0": {
			"loop": "hold_on_last_frame",
			"animation_length": 0.68,
			"override_previous_animation": true,
			"bones": {
				"leftArm": {
					"rotation": {
						"0.0": [9.99067, 0.43399, -7.46207],
						"0.08": [38.74246, -24.50847, -1.60382],
						"0.28": [38.74246, -24.50847, -1.60382],
						"0.4": [44.25188, -7.77644, -21.03581]
					}
				},
				"lowerlarm": {
					"rotation": {
						"0.0": [-7.5, 0, 0],
						"0.08": [-82.5, 0, 0],
						"0.28": [-82.5, 0, 0],
						"0.4": [-27.5, 0, 0]
					}
				},
				"rightArm": {
					"rotation": {
						"0.0": [7.38733, -1.29876, 9.91615],
						"0.08": [-65.32903, -7.49282, 92.52154],
						"0.28": [-80.32903, -7.49282, 92.52154],
						"0.4": [42.17097, -7.49282, 92.52154],
						"0.64": [72.17097, -7.49282, 92.52154]
					}
				},
				"lowerrarm": {
					"rotation": {
						"0.0": [-15, 0, 0],
						"0.08": [-40, 0, 0],
						"0.28": [-40, 0, 0],
						"0.4": [-22.5, 0, 0]
					}
				},
				"rightleg": {
					"rotation": {
						"0.0": [-5, 0, 0],
						"0.08": [-37.5, 0, 0],
						"0.28": [-37.5, 0, 0],
						"0.4": [10, 0, 0]
					},
					"position": {
						"0.08": [0, 0, 0],
						"0.28": [0, 0, 0]
					}
				},
				"lowerrleg": {
					"rotation": {
						"0.0": [12.5, 0, 0],
						"0.08": [30, 0, 0],
						"0.28": [30, 0, 0],
						"0.4": [42.5, 0, 0]
					}
				},
				"leftleg": {
					"rotation": {
						"0.0": [-12.5, 0, -5],
						"0.08": [20, 0, -5],
						"0.28": [20, 0, -5],
						"0.4": [-50, 0, -5]
					},
					"position": {
						"0.08": [0, 0, 0],
						"0.28": [0, 0, 0]
					}
				},
				"lowerlleg": {
					"rotation": {
						"0.0": [12.5, 0, 0],
						"0.08": [45, 0, 0],
						"0.28": [45, 0, 0]
					}
				},
				"waist": {
					"rotation": {
						"0.0": [0, 5, 0],
						"0.08": [0, -50, 0],
						"0.28": [0, -72.5, 0],
						"0.4": [12.5, 35, 0]
					}
				},
				"root": {
					"rotation": {
						"0.08": [0, 0, 0],
						"0.28": [0, -25, 0],
						"0.4": [0, 25, 0],
						"0.64": [0, 30, 0]
					},
					"position": {
						"0.08": [0, -2, 0],
						"0.28": [0, -2, 0],
						"0.4": [0, -1, 0]
					}
				}
			}
		},
		"animation.mace.attack_test1": {
			"loop": "hold_on_last_frame",
			"animation_length": 0.64,
			"override_previous_animation": true,
			"bones": {
				"leftArm": {
					"rotation": {
						"0.0": [9.99067, 0.43399, -7.46207],
						"0.08": [-43.75754, -24.50847, -1.60382],
						"0.32": [-34.36865, -37.23185, -19.67909],
						"0.4": [38.74246, -24.50847, -1.60382]
					}
				},
				"lowerlarm": {
					"rotation": {
						"0.0": [-7.5, 0, 0],
						"0.08": [-35, 0, 0],
						"0.32": [-35, 0, 0],
						"0.4": [-82.5, 0, 0]
					}
				},
				"rightArm": {
					"rotation": {
						"0.0": [7.38733, -1.29876, 9.91615],
						"0.08": [196.47096, -4.0594, 305.01874],
						"0.32": [196.47096, -4.0594, 305.01874],
						"0.4": [306.96245, 16.05118, 291.75338]
					}
				},
				"lowerrarm": {
					"rotation": {
						"0.0": [-15, 0, 0],
						"0.08": [-37.5, 0, 0],
						"0.32": [-37.5, 0, 0],
						"0.4": [5, 0, 0]
					}
				},
				"waist": {
					"rotation": {
						"0.0": [0, 0, 0],
						"0.08": [-1.57733, 8.76091, 0.80165],
						"0.32": [-7.5, 37.5, 0],
						"0.4": [0, -40, 0],
						"0.6": [17.6855, -56.92229, -6.84891]
					}
				},
				"root": {
					"rotation": {
						"0.08": [0, 0, 0],
						"0.32": [0, 15, 0],
						"0.4": [0, 0, 0],
						"0.6": [7.5, -17.5, 0]
					}
				},
				"leftleg": {
					"rotation": [-12.5, 0, -5]
				},
				"lowerlleg": {
					"rotation": [12.5, 0, 0]
				},
				"rightleg": {
					"rotation": [-5, 0, 0]
				},
				"lowerrleg": {
					"rotation": [12.5, 0, 0]
				}
			}
		},
		"animation.mace.attack_test2": {
			"loop": "hold_on_last_frame",
			"animation_length": 0.72,
			"override_previous_animation": true,
			"bones": {
				"leftArm": {
					"rotation": {
						"0.0": [9.99067, 0.43399, -7.46207],
						"0.12": [38.74246, -24.50847, -1.60382],
						"0.32": [38.74246, -24.50847, -1.60382],
						"0.4": [44.25188, -7.77644, -21.03581]
					}
				},
				"lowerlarm": {
					"rotation": {
						"0.0": [-7.5, 0, 0],
						"0.12": [-82.5, 0, 0],
						"0.32": [-82.5, 0, 0],
						"0.4": [-27.5, 0, 0]
					}
				},
				"rightArm": {
					"rotation": {
						"0.0": [0, 0, 0],
						"0.12": [-60, 0, 87.5],
						"0.32": [-90, 0, 87.5],
						"0.4": [27.5, 0, 87.5],
						"0.64": [45, 0, 87.5]
					}
				},
				"lowerrarm": {
					"rotation": {
						"0.0": [-15, 0, 0],
						"0.12": [-40, 0, 0],
						"0.32": [-40, 0, 0],
						"0.4": [-2.5, 0, 0]
					}
				},
				"rightleg": {
					"rotation": {
						"0.0": [-5, 0, 0],
						"0.12": [-37.5, 0, 0],
						"0.32": [-37.5, 0, 0],
						"0.4": [10, 0, 0],
						"0.6": [-17.5, 0, 0]
					},
					"position": [0, 0, 0]
				},
				"lowerrleg": {
					"rotation": {
						"0.0": [12.5, 0, 0],
						"0.12": [30, 0, 0],
						"0.32": [30, 0, 0],
						"0.4": [42.5, 0, 0],
						"0.6": [25, 0, 0]
					}
				},
				"leftleg": {
					"rotation": {
						"0.0": [-12.5, 0, -5],
						"0.12": [20, 0, -5],
						"0.32": [20, 0, -5],
						"0.4": [-50, 0, -5],
						"0.6": [10, 0, -5]
					},
					"position": [0, 0, 0]
				},
				"lowerlleg": {
					"rotation": [12.5, 0, 0]
				},
				"waist": {
					"rotation": {
						"0.12": [0, -15, 0],
						"0.32": [0, -50, 0],
						"0.4": [0, 0, 0],
						"0.64": [0, 40, 0]
					}
				},
				"root": {
					"rotation": {
						"0.0": [0, 5, 0],
						"0.12": [0, -5, 0],
						"0.32": [0, -55, 0],
						"0.4": [0, 0, 0],
						"0.64": [0, 27.5, 0]
					},
					"position": {
						"0.12": [0, -2, 0],
						"0.32": [0, -2, 0],
						"0.4": [0, -1, 0]
					}
				}
			}
		},
		"animation.mace.upper_strike_0": {
			"loop": "hold_on_last_frame",
			"animation_length": 0.24,
			"override_previous_animation": true,
			"bones": {
				"leftArm": {
					"rotation": {
						"0.0": [9.99067, 0.43399, -7.46207],
						"0.2": [-108.91135, 21.83533, -14.58699]
					},
					"position": {
						"0.0": [0, 0, 0],
						"0.2": [-1, 0, -1]
					}
				},
				"lowerlarm": {
					"rotation": {
						"0.0": [-7.5, 0, 0],
						"0.2": [-27.5, 0, 0]
					}
				},
				"rightArm": {
					"rotation": {
						"0.0": [7.38733, -1.29876, 9.91615],
						"0.2": [-103.50385, -20.7922, 14.49816]
					},
					"position": {
						"0.0": [0, 0, 0],
						"0.2": [2, 0, -2]
					}
				},
				"lowerrarm": {
					"rotation": {
						"0.0": [-15, 0, 0],
						"0.2": [-27.5, 0, 0]
					}
				},
				"rightleg": {
					"rotation": {
						"0.0": [-5, 0, 0],
						"0.2": [-5, 0, 0]
					}
				},
				"lowerrleg": {
					"rotation": {
						"0.0": [12.5, 0, 0],
						"0.2": [12.5, 0, 0]
					}
				},
				"leftleg": {
					"rotation": [-12.5, 0, -5]
				},
				"lowerlleg": {
					"rotation": [12.5, 0, 0]
				},
				"waist": {
					"rotation": {
						"0.0": [2.5, 0, 0],
						"0.2": [-20, 0, 0]
					}
				}
			}
		},
		"animation.mace.upper_strike_1": {
			"loop": "hold_on_last_frame",
			"animation_length": 0.48,
			"override_previous_animation": true,
			"bones": {
				"leftArm": {
					"rotation": {
						"0.0": [9.99067, 0.43399, -7.46207],
						"0.2": [-108.91135, 21.83533, -14.58699],
						"0.32": [-145.13019, 27.82859, -23.41573],
						"0.4": [-50.61992, 35.96221, -2.72635]
					},
					"position": {
						"0.0": [0, 0, 0],
						"0.2": [-1, 0, -1],
						"0.32": [-1, 0, -1]
					}
				},
				"lowerlarm": {
					"rotation": {
						"0.0": [-7.5, 0, 0],
						"0.2": [-27.5, 0, 0],
						"0.32": [-27.5, 0, 0]
					}
				},
				"rightArm": {
					"rotation": {
						"0.0": [7.38733, -1.29876, 9.91615],
						"0.2": [-103.50385, -20.7922, 14.49816],
						"0.32": [-143.50385, -20.7922, 14.49816],
						"0.4": [-19.41739, -16.67171, -15.75735]
					},
					"position": {
						"0.0": [0, 0, 0],
						"0.2": [2, 0, -2],
						"0.32": [2, 0, -2]
					}
				},
				"lowerrarm": {
					"rotation": {
						"0.0": [-15, 0, 0],
						"0.2": [-27.5, 0, 0],
						"0.32": [-27.5, 0, 0]
					}
				},
				"rightleg": {
					"rotation": {
						"0.0": [-5, 0, 0],
						"0.2": [-5, 0, 0],
						"0.32": [-5, 0, 0]
					}
				},
				"lowerrleg": {
					"rotation": {
						"0.0": [12.5, 0, 0],
						"0.2": [12.5, 0, 0],
						"0.32": [12.5, 0, 0]
					}
				},
				"leftleg": {
					"rotation": {
						"0.0": [-12.5, 0, -5],
						"0.32": [-12.5, 0, -5]
					}
				},
				"lowerlleg": {
					"rotation": {
						"0.0": [12.5, 0, 0],
						"0.32": [12.5, 0, 0]
					}
				},
				"waist": {
					"rotation": {
						"0.0": [2.5, 0, 0],
						"0.2": [-20, 0, 0],
						"0.32": [-25, 0, 0],
						"0.4": [57.5, 0, 0]
					}
				}
			}
		},
		"animation.mace.ability_smash": {
			"animation_length": 0.68,
			"override_previous_animation": true,
			"bones": {
				"waist": {
					"rotation": {
						"0.0": [6.21688, 3.47773, 5.91409],
						"0.12": [-20, 20, 0],
						"0.28": [-20, 20, 0],
						"0.36": [27.4807, -20.14502, 14.24816]
					}
				},
				"leftArm": {
					"rotation": {
						"0.0": [9.99067, 0.43399, -7.46207],
						"0.12": [-54.06134, -12.2403, -8.73739],
						"0.28": [-54.06134, -12.2403, -8.73739],
						"0.36": [23.43866, -12.2403, -8.73739]
					}
				},
				"lowerlarm": {
					"rotation": {
						"0.0": [-7.5, 0, 0],
						"0.12": [-37.5, 0, 0],
						"0.28": [-37.5, 0, 0]
					}
				},
				"rightArm": {
					"rotation": {
						"0.0": [7.38733, -1.29876, 9.91615],
						"0.12": [-120.90686, -10.58927, -17.06488],
						"0.28": [-120.90686, -10.58927, -17.06488],
						"0.36": [-45.90686, -10.58927, -17.06488]
					}
				},
				"lowerrarm": {
					"rotation": {
						"0.0": [-15, 0, 0],
						"0.12": [-102.5, 0, 0],
						"0.28": [-102.5, 0, 0],
						"0.36": [-2.5, 0, 0]
					}
				}
			}
		},
		"animation.mace.ability_strengthen": {
			"animation_length": 0.36,
			"override_previous_animation": true,
			"bones": {
				"waist": {
					"rotation": {
						"0.0": [0, 0, 0.9314],
						"0.12": [-6.93712, -6.93659, -2.37153],
						"0.28": [-6.93712, -6.93659, -2.37153]
					}
				},
				"leftArm": {
					"rotation": {
						"0.0": [9.99067, 0.43399, -7.46207],
						"0.12": [28.43866, -12.2403, -8.73739],
						"0.28": [28.43866, -12.2403, -8.73739]
					}
				},
				"lowerlarm": {
					"rotation": {
						"0.0": [-7.5, 0, 0],
						"0.12": [-37.5, 0, 0],
						"0.28": [-37.5, 0, 0]
					}
				},
				"rightArm": {
					"rotation": {
						"0.0": [7.38733, -1.29876, 9.91615],
						"0.12": [-120.90686, -10.58927, -17.06488],
						"0.28": [-166.52883, 23.60765, -1.32879]
					}
				},
				"lowerrarm": {
					"rotation": {
						"0.0": [-15, 0, 0],
						"0.12": [-15, 0, 0],
						"0.28": [-15, 0, 0]
					}
				},
				"rightItem": {
					"rotation": {
						"0.0": [0, 0, 0],
						"0.12": [80, 0, 0],
						"0.28": [80, 0, 0]
					}
				}
			}
		},
		"animation.mace.unsheathe": {
			"loop": "hold_on_last_frame",
			"animation_length": 1.12,
			"override_previous_animation": true,
			"bones": {
				"waist": {
					"rotation": {
						"0.52": [0, 0, 0],
						"0.72": [0, 0, 0]
					}
				},
				"leftArm": {
					"rotation": {
						"0.52": [0, 0, 0],
						"0.72": [9.99067, 0.43399, -7.46207]
					},
					"position": [0, 0, 0]
				},
				"lowerlarm": {
					"rotation": {
						"0.52": [0, 0, 0],
						"0.72": [-7.5, 0, 0]
					}
				},
				"rightArm": {
					"rotation": {
						"0.0": [0, 0, 0],
						"0.24": [-137.81374, 17.38772, -18.2489],
						"0.52": [4.26482, 17.09854, 5.32286],
						"0.72": [7.38733, -1.29876, 9.91615]
					}
				},
				"lowerrarm": {
					"rotation": {
						"0.0": [0, 0, 0],
						"0.24": [-97.5, 0, 0],
						"0.52": [-20, 0, 0],
						"0.72": [-15, 0, 0]
					}
				},
				"rightItem": {
					"rotation": {
						"0.28": [0, 0, 90],
						"0.52": [0, 0, 0]
					},
					"position": {
						"0.28": [1, 0, 0],
						"0.52": [0, 0, 0]
					},
					"scale": {
						"0.0": [0, 0, 0],
						"0.24": [0, 0, 0],
						"0.28": [1, 1, 1]
					}
				},
				"root": {
					"rotation": {
						"0.52": [0, 0, 0],
						"0.72": [0, 0, 0]
					},
					"position": [0, -1, 0]
				},
				"leftleg": {
					"rotation": [-12.5, 0, -5]
				},
				"lowerlleg": {
					"rotation": [12.5, 0, 0]
				},
				"rightleg": {
					"rotation": [-5, 0, 0]
				},
				"lowerrleg": {
					"rotation": [12.5, 0, 0]
				},
				"mace_back": {
					"scale": {
						"0.0": [1, 1, 1],
						"0.24": [1, 1, 1],
						"0.28": [0, 0, 0]
					}
				}
			}
		},
		"animation.mace.no_back": {
			"loop": true,
			"override_previous_animation": true,
			"bones": {
				"mace_back": {
					"scale": 0
				}
			}
		}
	}
}