{
	"format_version": "1.8.0",
	"animations": {
		"animation.dagger.stance_shield": {
			"loop": true,
			"bones": {
				"waist": {
					"rotation": [0, 7.5, 0]
				},
				"leftArm": {
					"rotation": [-90, 5, 0],
					"position": [0, 0, -2]
				},
				"lowerlarm": {
					"rotation": [0, 0, 82.5]
				},
				"leftitem": {
					"rotation": [0, 17.5, 15]
				}
			}
		},
		"animation.dagger.attack_stance2_0": {
			"loop": "hold_on_last_frame",
			"animation_length": 0.52,
			"override_previous_animation": true,
			"bones": {
				"waist": {
					"rotation": {
						"0.0": [0, 15, 0],
						"0.08": [12.5, 22.5, 0],
						"0.2": [12.5, 22.5, 0],
						"0.28": [15.56188, -31.96126, -5.41403]
					}
				},
				"rightArm": {
					"rotation": {
						"0.0": [22.3295, -1.95892, 8.75323],
						"0.08": [44.8295, -1.95892, 8.75323],
						"0.2": [44.8295, -1.95892, 8.75323],
						"0.28": [-70.26233, 31.75576, 2.35377]
					}
				},
				"lowerrarm": {
					"rotation": {
						"0.0": [-75, 0, 0],
						"0.08": [-85, 0, 0],
						"0.2": [-85, 0, 0],
						"0.28": [-22.5, 0, 0]
					}
				},
				"rightitem": {
					"rotation": {
						"0.0": [55, 0, 0],
						"0.2": [55, 0, 0],
						"0.28": [82.5, 0, 0]
					}
				}
			}
		},
		"animation.dagger.inbetweeen_stance2_0": {
			"loop": true,
			"override_previous_animation": true,
			"bones": {
				"waist": {
					"rotation": [15.56188, -31.96126, -5.41403]
				},
				"rightArm": {
					"rotation": [-70.26233, 31.75576, 2.35377]
				},
				"lowerrarm": {
					"rotation": [-22.5, 0, 0]
				},
				"rightitem": {
					"rotation": [82.5, 0, 0]
				}
			}
		},
		"animation.dagger.attack_stance2_1": {
			"loop": "hold_on_last_frame",
			"animation_length": 0.52,
			"override_previous_animation": true,
			"bones": {
				"waist": {
					"rotation": {
						"0.0": [0, 15, 0],
						"0.08": [12.5, 22.5, 0],
						"0.2": [12.5, 22.5, 0],
						"0.28": [15.56188, -31.96126, -5.41403]
					}
				},
				"rightArm": {
					"rotation": {
						"0.0": [22.3295, -1.95892, 8.75323],
						"0.08": [44.8295, -1.95892, 8.75323],
						"0.2": [44.8295, -1.95892, 8.75323],
						"0.28": [-30.82367, -8.11436, 119.75928]
					}
				},
				"lowerrarm": {
					"rotation": {
						"0.0": [-75, 0, 0],
						"0.08": [-85, 0, 0],
						"0.2": [-85, 0, 0],
						"0.28": [-22.5, 0, 0]
					}
				},
				"rightitem": {
					"rotation": {
						"0.0": [55, 0, 0],
						"0.2": [55, 0, 0],
						"0.28": [82.5, 0, 0]
					}
				}
			}
		},
		"animation.dagger.inbetweeen_stance2_1": {
			"loop": true,
			"override_previous_animation": true,
			"bones": {
				"waist": {
					"rotation": [15.56188, -31.96126, -5.41403]
				},
				"rightArm": {
					"rotation": [-30.82367, -8.11436, 119.75928]
				},
				"lowerrarm": {
					"rotation": [-22.5, 0, 0]
				},
				"rightitem": {
					"rotation": [82.5, 0, 0]
				}
			}
		},
		"animation.dagger.attack_stance2_2": {
			"loop": "hold_on_last_frame",
			"animation_length": 0.52,
			"override_previous_animation": true,
			"bones": {
				"waist": {
					"rotation": {
						"0.0": [15.56188, -31.96126, -5.41403],
						"0.08": [0.89867, 29.10975, 1.77206],
						"0.2": [0.89867, 29.10975, 1.77206],
						"0.28": [25.56188, -31.96126, -5.41403]
					}
				},
				"rightArm": {
					"rotation": {
						"0.0": [-30.82367, -8.11436, 119.75928],
						"0.08": [-34.69207, -44.67512, -16.05535],
						"0.2": [-34.69207, -44.67512, -16.05535],
						"0.28": [-82.86856, 30.61719, 2.40891]
					}
				},
				"lowerrarm": {
					"rotation": {
						"0.0": [-40, 0, 0],
						"0.08": [-87.5, 0, 0],
						"0.2": [-87.5, 0, 0],
						"0.28": [-22.5, 0, 0]
					}
				},
				"rightitem": {
					"rotation": {
						"0.0": [82.5, 0, 0],
						"0.08": [130.88579, -26.66839, 27.40216],
						"0.2": [130.88579, -26.66839, 27.40216],
						"0.28": [66.976, -62.08156, 12.9557]
					}
				}
			}
		},
		"animation.dagger.inbetweeen_stance2_2": {
			"loop": true,
			"override_previous_animation": true,
			"bones": {
				"waist": {
					"rotation": [25.56188, -31.96126, -5.41403]
				},
				"rightArm": {
					"rotation": [-82.86856, 30.61719, 2.40891]
				},
				"lowerrarm": {
					"rotation": [-22.5, 0, 0]
				},
				"rightitem": {
					"rotation": [66.976, -62.08156, 12.9557]
				}
			}
		},
		"animation.dagger.attack_stance2_3": {
			"loop": "hold_on_last_frame",
			"animation_length": 0.52,
			"override_previous_animation": true,
			"bones": {
				"waist": {
					"rotation": {
						"0.0": [0, 15, 0],
						"0.12": [-7.5, 22.5, 0],
						"0.24": [-7.5, 22.5, 0],
						"0.32": [19.15214, -36.70042, -7.34543]
					}
				},
				"rightArm": {
					"rotation": {
						"0.0": [22.3295, -1.95892, 8.75323],
						"0.12": [93.93796, 12.13822, 147.19504],
						"0.24": [93.93796, 12.13822, 147.19504],
						"0.32": [-43.32367, -8.11436, 119.75928]
					}
				},
				"lowerrarm": {
					"rotation": {
						"0.0": [-75, 0, 0],
						"0.12": [-85, 0, 0],
						"0.24": [-85, 0, 0],
						"0.32": [-25, 0, 0]
					}
				},
				"rightitem": {
					"rotation": {
						"0.0": [55, 0, 0],
						"0.24": [55, 0, 0],
						"0.32": [57.5, 0, 0]
					}
				}
			}
		},
		"animation.dagger.stance_3": {
			"loop": true,
			"override_previous_animation": true,
			"bones": {
				"waist": {
					"rotation": [0, 42.5, 0]
				},
				"rightArm": {
					"rotation": [40, 0, 0]
				},
				"lowerrarm": {
					"rotation": [-67.5, 0, 0]
				},
				"leftArm": {
					"rotation": [-44.27063, -15.99912, -35.63755]
				},
				"lowerlarm": {
					"rotation": [-15, 0, 0]
				},
				"leftitem": {
					"rotation": [25, 0, 0]
				}
			}
		},
		"animation.dagger.attack_stance3_0": {
			"loop": "hold_on_last_frame",
			"animation_length": 0.52,
			"override_previous_animation": true,
			"bones": {
				"waist": {
					"rotation": {
						"0.0": [12.5, 22.5, 0],
						"0.12": [12.5, 22.5, 0],
						"0.24": [12.5, 22.5, 0],
						"0.32": [15.56188, -31.96126, -5.41403]
					}
				},
				"rightArm": {
					"rotation": {
						"0.0": [40, 0, 0],
						"0.12": [44.8295, -1.95892, 8.75323],
						"0.24": [44.8295, -1.95892, 8.75323],
						"0.32": [-30.82367, -8.11436, 119.75928]
					}
				},
				"lowerrarm": {
					"rotation": {
						"0.0": [-67.5, 0, 0],
						"0.12": [-85, 0, 0],
						"0.24": [-85, 0, 0],
						"0.32": [-22.5, 0, 0]
					}
				},
				"rightitem": {
					"rotation": {
						"0.0": [55, 0, 0],
						"0.24": [55, 0, 0],
						"0.32": [82.5, 0, 0]
					}
				},
				"leftArm": {
					"rotation": {
						"0.0": [-42.75689, -8.73767, -42.68193],
						"0.24": [-42.75689, -8.73767, -42.68193],
						"0.32": [35, 0, 0]
					}
				},
				"lowerlarm": {
					"rotation": {
						"0.0": [-15, 0, 0],
						"0.24": [-15, 0, 0],
						"0.32": [-50, 0, 0]
					}
				},
				"leftitem": {
					"rotation": {
						"0.0": [25, 0, 0],
						"0.24": [25, 0, 0]
					}
				}
			}
		},
		"animation.dagger.inbetweeen_stance3_0": {
			"loop": "hold_on_last_frame",
			"animation_length": 0.52,
			"override_previous_animation": true,
			"bones": {
				"waist": {
					"rotation": [15.56188, -31.96126, -5.41403]
				},
				"rightArm": {
					"rotation": [-30.82367, -8.11436, 119.75928]
				},
				"lowerrarm": {
					"rotation": [-22.5, 0, 0]
				},
				"rightitem": {
					"rotation": [82.5, 0, 0]
				},
				"leftArm": {
					"rotation": [35, 0, 0]
				},
				"lowerlarm": {
					"rotation": [-50, 0, 0]
				},
				"leftitem": {
					"rotation": [25, 0, 0]
				}
			}
		},
		"animation.dagger.attack_stance3_1": {
			"loop": "hold_on_last_frame",
			"animation_length": 0.52,
			"override_previous_animation": true,
			"bones": {
				"waist": {
					"rotation": {
						"0.0": [15.56188, -31.96126, -5.41403],
						"0.16": [15.56188, -31.96126, -5.41403],
						"0.24": [26.61239, 54.49891, 23.51309]
					}
				},
				"rightArm": {
					"rotation": {
						"0.0": [-30.82367, -8.11436, 119.75928],
						"0.16": [-30.82367, -8.11436, 119.75928],
						"0.24": [3.16732, -38.28742, 1.90622]
					}
				},
				"lowerrarm": {
					"rotation": {
						"0.0": [-22.5, 0, 0],
						"0.16": [-22.5, 0, 0],
						"0.24": [-107.5, 0, 0]
					}
				},
				"rightitem": {
					"rotation": {
						"0.0": [82.5, 0, 0],
						"0.16": [82.5, 0, 0],
						"0.24": [87.5, 0, 0]
					}
				},
				"leftArm": {
					"rotation": {
						"0.0": [35, 0, 0],
						"0.16": [35, 0, 0],
						"0.24": [-93.26774, -60.46426, -1.9446]
					}
				},
				"lowerlarm": {
					"rotation": {
						"0.0": [-70, 0, 0],
						"0.16": [-70, 0, 0],
						"0.24": [-15, 0, 0]
					}
				},
				"leftitem": {
					"rotation": [62.5, 0, 0]
				}
			}
		},
		"animation.dagger.inbetweeen_stance3_1": {
			"loop": "hold_on_last_frame",
			"override_previous_animation": true,
			"bones": {
				"waist": {
					"rotation": [26.61239, 54.49891, 23.51309]
				},
				"rightArm": {
					"rotation": [3.16732, -38.28742, 1.90622]
				},
				"lowerrarm": {
					"rotation": [-107.5, 0, 0]
				},
				"rightitem": {
					"rotation": [87.5, 0, 0]
				},
				"leftArm": {
					"rotation": [-93.26774, -60.46426, -1.9446]
				},
				"lowerlarm": {
					"rotation": [-15, 0, 0]
				},
				"leftitem": {
					"rotation": [62.5, 0, 0]
				}
			}
		},
		"animation.dagger.attack_stance3_2": {
			"loop": "hold_on_last_frame",
			"animation_length": 0.52,
			"override_previous_animation": true,
			"bones": {
				"waist": {
					"rotation": {
						"0.0": [12.5, 22.5, 0],
						"0.12": [0.89867, 29.10975, 1.77206],
						"0.24": [0.89867, 29.10975, 1.77206],
						"0.32": [27.95743, -38.66143, -9.55017]
					}
				},
				"rightArm": {
					"rotation": {
						"0.0": [3.16732, -38.28742, 1.90622],
						"0.12": [-34.69207, -44.67512, -16.05535],
						"0.24": [-34.69207, -44.67512, -16.05535],
						"0.32": [-82.20206, 38.05393, 3.58807]
					}
				},
				"lowerrarm": {
					"rotation": {
						"0.0": [-107.5, 0, 0],
						"0.12": [-87.5, 0, 0],
						"0.24": [-87.5, 0, 0],
						"0.32": [-22.5, 0, 0]
					}
				},
				"rightitem": {
					"rotation": {
						"0.0": [87.5, 0, 0],
						"0.12": [130.88579, -26.66839, 27.40216],
						"0.24": [130.88579, -26.66839, 27.40216],
						"0.32": [66.976, -62.08156, 12.9557]
					}
				},
				"leftArm": {
					"rotation": {
						"0.0": [-91.74926, -22.99463, -4.10493],
						"0.12": [-91.86872, -30.4909, -3.84],
						"0.24": [-91.86872, -30.4909, -3.84],
						"0.32": [-1.73656, 21.98663, -5.43876]
					}
				},
				"lowerlarm": {
					"rotation": {
						"0.0": [-15, 0, 0],
						"0.12": [-15, 0, 0],
						"0.24": [-15, 0, 0],
						"0.32": [-105, 0, 0]
					}
				},
				"leftitem": {
					"rotation": [62.5, 0, 0]
				}
			}
		},
		"animation.dagger.inbetweeen_stance3_2": {
			"loop": "hold_on_last_frame",
			"override_previous_animation": true,
			"bones": {
				"waist": {
					"rotation": [27.95743, -38.66143, -9.55017]
				},
				"rightArm": {
					"rotation": [-82.20206, 38.05393, 3.58807]
				},
				"lowerrarm": {
					"rotation": [-22.5, 0, 0]
				},
				"rightitem": {
					"rotation": [66.976, -62.08156, 12.9557]
				},
				"leftArm": {
					"rotation": [-1.73656, 21.98663, -5.43876]
				},
				"lowerlarm": {
					"rotation": [-105, 0, 0]
				},
				"leftitem": {
					"rotation": [62.5, 0, 0]
				}
			}
		},
		"animation.dagger.attack_stance3_3": {
			"loop": "hold_on_last_frame",
			"animation_length": 0.52,
			"override_previous_animation": true,
			"bones": {
				"waist": {
					"rotation": {
						"0.0": [0, 42.5, 0],
						"0.12": [-7.5, 22.5, 0],
						"0.24": [-7.5, 22.5, 0],
						"0.32": [19.15214, -36.70042, -7.34543]
					}
				},
				"rightArm": {
					"rotation": {
						"0.0": [22.3295, -1.95892, 8.75323],
						"0.12": [93.93796, 12.13822, 147.19504],
						"0.24": [93.93796, 12.13822, 147.19504],
						"0.32": [-43.32367, -8.11436, 119.75928]
					}
				},
				"lowerrarm": {
					"rotation": {
						"0.0": [-75, 0, 0],
						"0.12": [-85, 0, 0],
						"0.24": [-85, 0, 0],
						"0.32": [-25, 0, 0]
					}
				},
				"rightitem": {
					"rotation": {
						"0.0": [55, 0, 0],
						"0.24": [55, 0, 0],
						"0.32": [57.5, 0, 0]
					}
				},
				"leftArm": {
					"rotation": {
						"0.0": [-44.27063, -15.99912, -35.63755],
						"0.24": [-44.27063, -15.99912, -35.63755],
						"0.32": [30.79943, 16.23521, -3.81069]
					}
				},
				"lowerlarm": {
					"rotation": {
						"0.0": [-15, 0, 0],
						"0.24": [-15, 0, 0],
						"0.32": [-87.5, 0, 0]
					}
				},
				"leftitem": {
					"rotation": [25, 0, 0]
				}
			}
		},
		"animation.dagger.inbetweeen_stance3_3": {
			"loop": "hold_on_last_frame",
			"override_previous_animation": true,
			"bones": {
				"waist": {
					"rotation": [19.15214, -36.70042, -7.34543]
				},
				"rightArm": {
					"rotation": [-43.32367, -8.11436, 119.75928]
				},
				"lowerrarm": {
					"rotation": [-25, 0, 0]
				},
				"rightitem": {
					"rotation": [57.5, 0, 0]
				},
				"leftArm": {
					"rotation": [30.79943, 16.23521, -3.81069]
				},
				"lowerlarm": {
					"rotation": [-87.5, 0, 0]
				},
				"leftitem": {
					"rotation": [25, 0, 0]
				}
			}
		},
		"animation.dagger.attack_stance3_4": {
			"loop": "hold_on_last_frame",
			"animation_length": 0.52,
			"override_previous_animation": true,
			"bones": {
				"waist": {
					"rotation": {
						"0.0": [0, 42.5, 0],
						"0.12": [-10, 0, 0],
						"0.2": [-10, 0, 0],
						"0.28": [30, 0, 0]
					}
				},
				"rightArm": {
					"rotation": {
						"0.0": [22.3295, -1.95892, 8.75323],
						"0.12": [67.3295, -1.95892, 8.75323],
						"0.2": [67.3295, -1.95892, 8.75323],
						"0.28": [-77.15806, -13.9055, -6.75306]
					}
				},
				"lowerrarm": {
					"rotation": {
						"0.0": [-75, 0, 0],
						"0.28": [-25, 0, 0]
					}
				},
				"rightitem": {
					"rotation": {
						"0.0": [55, 0, 0],
						"0.12": [7.5, 0, 0],
						"0.2": [7.5, 0, 0],
						"0.28": [77.5, 0, 0]
					}
				},
				"leftArm": {
					"rotation": {
						"0.0": [-44.27063, -15.99912, -35.63755],
						"0.12": [61.45004, 7.35841, -12.81188],
						"0.2": [61.45004, 7.35841, -12.81188],
						"0.28": [-69.47049, 11.99923, 10.1114]
					}
				},
				"lowerlarm": {
					"rotation": {
						"0.0": [-15, 0, 0],
						"0.12": [-65, 0, 0],
						"0.2": [-65, 0, 0],
						"0.28": [-42.5, 0, 0]
					}
				},
				"leftitem": {
					"rotation": {
						"0.0": [25, 0, 0],
						"0.12": [-5, 0, 0],
						"0.2": [-5, 0, 0],
						"0.28": [80, 0, 0]
					}
				}
			}
		},
		"animation.dagger.attack_stance3_5": {
			"loop": "hold_on_last_frame",
			"animation_length": 0.52,
			"override_previous_animation": true,
			"bones": {
				"waist": {
					"rotation": {
						"0.0": [0, 42.5, 0],
						"0.12": [12.5, 22.5, 0],
						"0.2": [15.56188, -31.96126, -5.41403],
						"0.32": [15.56188, -31.96126, -5.41403],
						"0.4": [22.20838, 26.304, 9.60693]
					}
				},
				"rightArm": {
					"rotation": {
						"0.0": [40, 0, 0],
						"0.12": [44.8295, -1.95892, 8.75323],
						"0.2": [-71.57935, 24.66621, -0.42654],
						"0.32": [-71.57935, 24.66621, -0.42654],
						"0.4": [27.98365, -28.74453, 2.71932]
					}
				},
				"lowerrarm": {
					"rotation": {
						"0.0": [-67.5, 0, 0],
						"0.12": [-85, 0, 0],
						"0.2": [-22.5, 0, 0],
						"0.32": [-22.5, 0, 0],
						"0.4": [-97.5, 0, 0]
					}
				},
				"rightitem": {
					"rotation": {
						"0.0": [5, 0, 0],
						"0.12": [55, 0, 0],
						"0.2": [82.5, 0, 0],
						"0.32": [82.5, 0, 0],
						"0.4": [17.5, 0, 0]
					}
				},
				"leftArm": {
					"rotation": {
						"0.0": [-44.27063, -15.99912, -35.63755],
						"0.12": [-44.27063, -15.99912, -35.63755],
						"0.2": [24.81633, 22.06267, 5.0606],
						"0.32": [24.81633, 22.06267, 5.0606],
						"0.4": [-77.68902, -22.00216, -4.3019]
					}
				},
				"lowerlarm": {
					"rotation": {
						"0.0": [-15, 0, 0],
						"0.12": [-15, 0, 0],
						"0.2": [-82.5, 0, 0],
						"0.32": [-82.5, 0, 0],
						"0.4": [-15, 0, 0]
					}
				},
				"leftitem": {
					"rotation": {
						"0.0": [25, 0, 0],
						"0.12": [25, 0, 0],
						"0.2": [25, 0, 0],
						"0.32": [25, 0, 0],
						"0.4": [65, 0, 0]
					}
				}
			}
		},
		"animation.dagger.stance_1": {
			"loop": true,
			"override_previous_animation": true,
			"bones": {
				"waist": {
					"rotation": [9.93324, 7.53772, -0.43777]
				},
				"leftArm": {
					"rotation": [-66.76024, 10.19689, -80.01904]
				},
				"lowerlarm": {
					"rotation": [-90, 0, 0]
				},
				"rightArm": {
					"rotation": [-78.10658, -36.30609, 96.45367]
				},
				"lowerrarm": {
					"rotation": [-90, 0, 0]
				},
				"rightitem": {
					"rotation": [180, 0, 0],
					"position": [0, 0, 0]
				},
				"leftitem": {
					"rotation": [182.5, 0, 0]
				}
			}
		},
		"animation.dagger.attack_stance1_0": {
			"loop": "hold_on_last_frame",
			"animation_length": 0.48,
			"override_previous_animation": true,
			"bones": {
				"waist": {
					"rotation": {
						"0.0": [9.93324, 7.53772, -0.43777],
						"0.12": [9.88122, -4.77732, -2.58492],
						"0.2": [9.88122, -4.77732, -2.58492],
						"0.28": [27.35689, 2.61201, -1.3001]
					}
				},
				"leftArm": {
					"rotation": {
						"0.0": [-66.76024, 10.19689, -80.01904],
						"0.12": [-150.17332, 11.33321, 16.68927],
						"0.2": [-150.17332, 11.33321, 16.68927],
						"0.28": [-97.67332, 11.33321, 16.68927]
					}
				},
				"lowerlarm": {
					"rotation": {
						"0.0": [-90, 0, 0],
						"0.28": [-15, 0, 0]
					}
				},
				"rightArm": {
					"rotation": {
						"0.0": [-78.10658, -36.30609, 96.45367],
						"0.12": [-151.76817, -16.69337, -9.61157],
						"0.2": [-151.76817, -16.69337, -9.61157],
						"0.28": [-76.76817, -16.69337, -9.61157]
					}
				},
				"lowerrarm": {
					"rotation": {
						"0.0": [-90, 0, 0],
						"0.28": [-32.5, 0, 0]
					}
				},
				"rightitem": {
					"rotation": [180, 0, 0],
					"position": [0, 0, 0]
				},
				"leftitem": {
					"rotation": [190, 0, 0]
				}
			}
		},
		"animation.dagger.attack_stance1_1": {
			"loop": "hold_on_last_frame",
			"animation_length": 0.36,
			"override_previous_animation": true,
			"bones": {
				"waist": {
					"rotation": {
						"0.0": [9.93324, 7.53772, -0.43777],
						"0.12": [9.93324, 7.53772, -0.43777],
						"0.2": [10.21252, -5.20318, -0.17248]
					}
				},
				"leftArm": {
					"rotation": {
						"0.0": [-66.76024, 10.19689, -80.01904],
						"0.12": [-66.76024, 10.19689, -80.01904],
						"0.2": [35.06586, 19.18782, -92.44871]
					}
				},
				"lowerlarm": {
					"rotation": {
						"0.0": [-90, 0, 0],
						"0.12": [-90, 0, 0],
						"0.2": [-30, 0, 0]
					}
				},
				"rightArm": {
					"rotation": {
						"0.0": [-78.10658, -36.30609, 96.45367],
						"0.12": [-78.10658, -36.30609, 96.45367],
						"0.2": [27.08088, 0.72852, 118.88978]
					}
				},
				"lowerrarm": {
					"rotation": {
						"0.0": [-90, 0, 0],
						"0.12": [-90, 0, 0],
						"0.2": [-35, 0, 0]
					}
				},
				"rightitem": {
					"rotation": {
						"0.0": [180, 0, 0],
						"0.12": [180, 0, 0]
					},
					"position": {
						"0.0": [0, 0, 0],
						"0.12": [0, 0, 0]
					}
				},
				"leftitem": {
					"rotation": [190, 0, 0]
				}
			}
		},
		"animation.dagger.attack_stance1_2": {
			"loop": "hold_on_last_frame",
			"animation_length": 0.36,
			"override_previous_animation": true,
			"bones": {
				"waist": {
					"rotation": {
						"0.0": [-10.06676, 7.53772, -0.43777],
						"0.12": [19.93324, 7.53772, -0.43777]
					}
				},
				"leftArm": {
					"rotation": {
						"0.0": [-66.76024, 10.19689, -80.01904],
						"0.12": [-91.73382, -2.29735, -79.6378]
					}
				},
				"lowerlarm": {
					"rotation": {
						"0.0": [-90, 0, 0],
						"0.12": [2.5, 0, 0]
					}
				},
				"rightArm": {
					"rotation": {
						"0.0": [-78.10658, -36.30609, 96.45367],
						"0.12": [-100.79867, 12.74742, 86.19454]
					}
				},
				"lowerrarm": {
					"rotation": {
						"0.0": [-90, 0, 0],
						"0.12": [2.5, 0, 0]
					}
				},
				"rightitem": {
					"rotation": {
						"0.0": [180, 0, 0],
						"0.12": [90, 0, 0]
					},
					"position": [0, 0, 0]
				},
				"leftitem": {
					"rotation": [192.5, 0, 0]
				}
			}
		},
		"animation.dagger.attack_stance1_3": {
			"loop": "hold_on_last_frame",
			"animation_length": 0.36,
			"override_previous_animation": true,
			"bones": {
				"waist": {
					"rotation": {
						"0.0": [-2.56676, 7.53772, -0.43777],
						"0.12": [-2.56676, 7.53772, -0.43777],
						"0.2": [25.17742, 2.17874, 1.15456]
					}
				},
				"leftArm": {
					"rotation": {
						"0.0": [-66.76024, 10.19689, -80.01904],
						"0.12": [-66.76024, 10.19689, -80.01904],
						"0.2": [41.90233, -14.83035, -48.53502]
					}
				},
				"lowerlarm": {
					"rotation": {
						"0.0": [-90, 0, 0],
						"0.12": [-90, 0, 0],
						"0.2": [-30, 0, 0]
					}
				},
				"rightArm": {
					"rotation": {
						"0.0": [-78.10658, -36.30609, 96.45367],
						"0.12": [-78.10658, -36.30609, 96.45367],
						"0.2": [53.0098, 26.93479, 36.93527]
					}
				},
				"lowerrarm": {
					"rotation": {
						"0.0": [-90, 0, 0],
						"0.12": [-90, 0, 0],
						"0.2": [-35, 0, 0]
					}
				},
				"rightitem": {
					"rotation": {
						"0.0": [180, 0, 0],
						"0.12": [180, 0, 0]
					},
					"position": {
						"0.0": [0, 0, 0],
						"0.12": [0, 0, 0]
					}
				},
				"leftitem": {
					"rotation": [187.5, 0, 0]
				}
			}
		},
		"animation.dagger.ability_wind_cutter": {
			"loop": true,
			"animation_length": 0.6,
			"override_previous_animation": true,
			"bones": {
				"waist": {
					"rotation": {
						"0.0": [11.05676, -26.91323, -6.80843],
						"0.32": [11.05676, -26.91323, -6.80843],
						"0.4": [-5.28493, 15.14198, -4.3965]
					}
				},
				"leftArm": {
					"rotation": {
						"0.0": [15, 0, -10],
						"0.32": [15, 0, -10]
					}
				},
				"lowerlarm": {
					"rotation": {
						"0.0": [-12.5, 0, 0],
						"0.32": [-12.5, 0, 0]
					}
				},
				"rightArm": {
					"rotation": {
						"0.0": [-122.73388, -11.7336, 101.55728],
						"0.32": [-122.73388, -11.7336, 101.55728],
						"0.4": [14.76612, -11.7336, 101.55728]
					}
				},
				"lowerrarm": {
					"rotation": {
						"0.0": [-55, 0, 0],
						"0.32": [-55, 0, 0],
						"0.4": [5, 0, 0]
					}
				},
				"rightitem": {
					"rotation": {
						"0.0": [180, 0, 0],
						"0.32": [180, 0, 0],
						"0.4": [80, 0, 0]
					},
					"position": {
						"0.0": [0, 0, 0],
						"0.32": [0, 0, 0]
					}
				},
				"root": {
					"position": [0, -3, 0]
				},
				"leftleg": {
					"rotation": [5, 0, 0]
				},
				"lowerlleg": {
					"rotation": [70, 0, 0]
				},
				"rightleg": {
					"rotation": [-47.5, 0, 0]
				},
				"lowerrleg": {
					"rotation": [47.5, 0, 0]
				}
			}
		},
		"animation.dagger.ability_imbue": {
			"loop": "hold_on_last_frame",
			"animation_length": 0.6,
			"override_previous_animation": true,
			"bones": {
				"waist": {
					"rotation": [9.84659, 0.14886, -1.72794]
				},
				"leftArm": {
					"rotation": {
						"0.0": [15, 0, -10],
						"0.12": [1.29256, -0.05451, -95.17078],
						"0.28": [-109.04805, 5.74489, -77.65283],
						"0.6": [-51.54805, 5.74489, -77.65283]
					}
				},
				"lowerlarm": {
					"rotation": [-12.5, 0, 0]
				},
				"rightArm": {
					"rotation": {
						"0.0": [-122.73388, -11.7336, 101.55728],
						"0.12": [-72.73388, -11.7336, 101.55728],
						"0.28": [-67.73388, -11.7336, 101.55728],
						"0.6": [-65.23388, -11.7336, 101.55728]
					}
				},
				"lowerrarm": {
					"rotation": {
						"0.0": [-55, 0, 0],
						"0.12": [-32.5, 0, 0]
					}
				},
				"rightitem": {
					"rotation": {
						"0.0": [180, 0, 0],
						"0.12": [2.5, 0, 0]
					},
					"position": [0, 0, 0]
				},
				"root": {
					"position": [0, -3, 0]
				},
				"leftleg": {
					"rotation": [5, 0, 0]
				},
				"lowerlleg": {
					"rotation": [70, 0, 0]
				},
				"rightleg": {
					"rotation": [-47.5, 0, 0]
				},
				"lowerrleg": {
					"rotation": [47.5, 0, 0]
				}
			}
		},
		"animation.dagger.ability_throw": {
			"animation_length": 0.84,
			"override_previous_animation": true,
			"bones": {
				"rightArm": {
					"rotation": {
						"0.0": [5, 0, 0],
						"0.16": [85, 0, 0],
						"0.28": [85, 0, 0],
						"0.44": [-215, 0, 0],
						"0.56": [-57.5, 0, 0]
					}
				},
				"lowerrarm": {
					"rotation": {
						"0.0": [-22.5, 0, 0],
						"0.28": [-60, 0, 0],
						"0.4": [-12.5, 0, 0]
					}
				},
				"rightitem": {
					"rotation": {
						"0.0": [0, 0, 0],
						"0.16": [180, 0, 0],
						"0.28": [180, 0, 0],
						"0.44": [180, 0, 0],
						"0.56": [415, 0, 0]
					},
					"position": {
						"0.0": [0, 0, 0],
						"0.16": [0, -2, -14],
						"0.28": [0, -2, -14],
						"0.44": [0, -2, -14],
						"0.56": [0, -5, -6]
					},
					"scale": {
						"0.56": [1, 1, 1],
						"0.68": [0, 0, 0]
					}
				}
			}
		},
		"animation.dagger.ability_throw_double": {
			"animation_length": 0.84,
			"override_previous_animation": true,
			"bones": {
				"rightArm": {
					"rotation": {
						"0.0": [5, 0, 0],
						"0.16": [85, 0, 0],
						"0.28": [85, 0, 0],
						"0.44": [-197.91705, -30.58184, -57.56424],
						"0.56": [-57.5, 0, 0]
					}
				},
				"lowerrarm": {
					"rotation": {
						"0.0": [-22.5, 0, 0],
						"0.28": [-60, 0, 0],
						"0.44": [-47.5, 0, 0]
					}
				},
				"rightitem": {
					"rotation": {
						"0.0": [0, 0, 0],
						"0.16": [180, 0, 0],
						"0.28": [180, 0, 0],
						"0.44": [180, 0, 0],
						"0.56": [415, 0, 0]
					},
					"position": {
						"0.0": [0, 0, 0],
						"0.16": [0, -2, -14],
						"0.28": [0, -2, -14],
						"0.44": [0, -2, -14],
						"0.56": [0, -5, -6]
					},
					"scale": {
						"0.56": [1, 1, 1],
						"0.68": [0, 0, 0]
					}
				},
				"leftArm": {
					"rotation": {
						"0.0": [5, 0, 0],
						"0.16": [52.5, 0, 0],
						"0.28": [65, 0, 0],
						"0.44": [-202.44031, 16.32555, 34.24027],
						"0.56": [-40.28275, -2.7671, 10.82098]
					}
				},
				"lowerlarm": {
					"rotation": {
						"0.0": [-15, 0, 0],
						"0.16": [-25, 0, 0],
						"0.44": [-65, 0, 0],
						"0.56": [-15, 0, 0]
					}
				},
				"leftItem": {
					"rotation": {
						"0.0": [0, 0, 0],
						"0.16": [185, 0, 0],
						"0.44": [185, 0, 0],
						"0.56": [407.5, 0, 0]
					},
					"position": {
						"0.0": [0, 0, 0],
						"0.16": [0, -2, -15],
						"0.44": [0, -2, -15],
						"0.56": [0, -5, -8]
					},
					"scale": {
						"0.56": [1, 1, 1],
						"0.64": [0, 0, 0]
					}
				}
			}
		},
		"animation.dagger.attack_stance0_0": {
			"animation_length": 0.64,
			"override_previous_animation": true,
			"bones": {
				"waist": {
					"rotation": {
						"0.0": [9.88122, -4.77732, -2.58492],
						"0.08": [-5, 10, 0],
						"0.24": [-5, 10, 0],
						"0.32": [10.07162, -2.45348, 1.08189]
					}
				},
				"leftArm": {
					"rotation": [15, 0, -10]
				},
				"lowerlarm": {
					"rotation": [-12.5, 0, 0]
				},
				"rightArm": {
					"rotation": {
						"0.0": [-107.73388, -11.7336, 101.55728],
						"0.08": [-147.17877, 1.19822, -11.1053],
						"0.24": [-147.17877, 1.19822, -11.1053],
						"0.32": [-82.17877, 1.19822, -11.1053]
					}
				},
				"lowerrarm": {
					"rotation": {
						"0.0": [-55, 0, 0],
						"0.08": [-80, 0, 0],
						"0.24": [-80, 0, 0],
						"0.32": [-15, 0, 0]
					}
				},
				"rightitem": {
					"rotation": {
						"0.0": [180, 0, 0],
						"0.08": [180, 0, 0],
						"0.24": [180, 0, 0]
					},
					"position": {
						"0.0": [0, 0, 0],
						"0.08": [0, 0, 0],
						"0.24": [0, 0, 0]
					}
				}
			}
		},
		"animation.dagger.attack_stance0_1": {
			"animation_length": 0.64,
			"override_previous_animation": true,
			"bones": {
				"waist": {
					"rotation": {
						"0.0": [11.3162, -29.36575, -7.3584],
						"0.2": [11.3162, -29.36575, -7.3584],
						"0.28": [10.47479, 19.84167, 1.83704]
					}
				},
				"leftArm": {
					"rotation": {
						"0.0": [15, 0, -10],
						"0.2": [15, 0, -10]
					}
				},
				"lowerlarm": {
					"rotation": {
						"0.0": [-12.5, 0, 0],
						"0.2": [-12.5, 0, 0]
					}
				},
				"rightArm": {
					"rotation": {
						"0.0": [-107.73388, -11.7336, 101.55728],
						"0.2": [-107.73388, -11.7336, 101.55728],
						"0.28": [47.26612, -11.7336, 101.55728]
					}
				},
				"lowerrarm": {
					"rotation": {
						"0.0": [-55, 0, 0],
						"0.2": [-55, 0, 0],
						"0.28": [-20, 0, 0]
					}
				},
				"rightitem": {
					"rotation": {
						"0.0": [180, 0, 0],
						"0.2": [180, 0, 0]
					},
					"position": {
						"0.0": [0, 0, 0],
						"0.2": [0, 0, 0]
					}
				}
			}
		},
		"animation.dagger.attack_stance0_2": {
			"animation_length": 0.56,
			"override_previous_animation": true,
			"bones": {
				"waist": {
					"rotation": {
						"0.0": [0, 0, 0],
						"0.08": [-7.5, -17.5, 0],
						"0.28": [-7.5, -17.5, 0],
						"0.36": [12.5, 0, 0]
					}
				},
				"leftArm": {
					"rotation": {
						"0.0": [0, 0, 0],
						"0.08": [5, 0, -5],
						"0.28": [5, 0, -5],
						"0.36": [20, 0, -12.5]
					}
				},
				"rightArm": {
					"rotation": {
						"0.0": [0, 0, 0],
						"0.08": [-115, 2.5, 80],
						"0.28": [-115, 2.5, 80],
						"0.36": [12.5, 7.5, 90]
					}
				},
				"leftleg": {
					"rotation": {
						"0.0": [0, 0, 0],
						"0.08": [0, 0, 0],
						"0.28": [0, 0, 0],
						"0.36": [12.5, 0, -5]
					}
				},
				"rightleg": {
					"rotation": {
						"0.0": [0, 0, 0],
						"0.08": [0, 0, 0],
						"0.28": [0, 0, 0],
						"0.36": [-7.5, 0, 0]
					}
				},
				"rightitem": {
					"rotation": {
						"0.0": [0, 0, 0],
						"0.08": [177.5, 0, 0],
						"0.28": [177.5, 0, 0]
					},
					"position": [0, 0, -2]
				},
				"lowerrarm": {
					"rotation": {
						"0.0": [0, 0, 0],
						"0.08": [-45, 0, 0],
						"0.28": [-47.5, 0, 0],
						"0.36": [0, 0, 0]
					}
				}
			}
		},
		"animation.dagger.attack_stance0_3": {
			"animation_length": 0.64,
			"override_previous_animation": true,
			"bones": {
				"waist": {
					"rotation": {
						"0.0": [9.88122, -4.77732, -2.58492],
						"0.08": [-5, 10, 0],
						"0.24": [-5, 10, 0],
						"0.32": [10.07162, -2.45348, 1.08189]
					}
				},
				"leftArm": {
					"rotation": [15, 0, -10]
				},
				"lowerlarm": {
					"rotation": [-12.5, 0, 0]
				},
				"rightArm": {
					"rotation": {
						"0.0": [-107.73388, -11.7336, 101.55728],
						"0.08": [-146.30248, 7.53579, -42.86286],
						"0.24": [-146.30248, 7.53579, -42.86286],
						"0.32": [-85.30086, 6.37242, -55.92548]
					}
				},
				"lowerrarm": {
					"rotation": {
						"0.0": [-55, 0, 0],
						"0.08": [-80, 0, 0],
						"0.24": [-80, 0, 0],
						"0.32": [-5, 0, 0]
					}
				},
				"rightitem": {
					"rotation": {
						"0.0": [180, 0, 0],
						"0.08": [180, 0, 0],
						"0.24": [180, 0, 0]
					},
					"position": {
						"0.0": [0, 0, 0],
						"0.08": [0, 0, 0],
						"0.24": [0, 0, 0]
					}
				}
			}
		},
		"animation.dagger.attack_stance0_4": {
			"animation_length": 0.64,
			"override_previous_animation": true,
			"bones": {
				"waist": {
					"rotation": {
						"0.0": [10.47479, 19.84167, 1.83704],
						"0.2": [10.47479, 19.84167, 1.83704],
						"0.28": [-2.66421, -31.91703, -3.41561]
					}
				},
				"leftArm": {
					"rotation": {
						"0.0": [15, 0, -10],
						"0.2": [15, 0, -10]
					}
				},
				"lowerlarm": {
					"rotation": {
						"0.0": [-12.5, 0, 0],
						"0.2": [-12.5, 0, 0]
					}
				},
				"rightArm": {
					"rotation": {
						"0.0": [47.26612, -11.7336, 101.55728],
						"0.2": [47.26612, -11.7336, 101.55728],
						"0.28": [-136.65672, -4.92899, 94.14653]
					}
				},
				"lowerrarm": {
					"rotation": {
						"0.0": [-20, 0, 0],
						"0.2": [-20, 0, 0]
					}
				},
				"rightitem": {
					"rotation": {
						"0.0": [180, 0, 0],
						"0.2": [180, 0, 0]
					},
					"position": {
						"0.0": [0, 0, 0],
						"0.2": [0, 0, 0]
					}
				}
			}
		},
		"animation.dagger.stance_2": {
			"loop": true,
			"override_previous_animation": true,
			"bones": {
				"waist": {
					"rotation": [15, -25, 0]
				},
				"rightArm": {
					"rotation": [-77.47032, 23.01934, 9.82266]
				},
				"lowerrarm": {
					"rotation": [-27.5, 0, 0]
				},
				"rightitem": {
					"rotation": [65.52135, -50.28113, -1.58636]
				}
			}
		},
		"animation.dagger.unsheathe": {
			"animation_length": 1.04,
			"override_previous_animation": true,
			"bones": {
				"waist": {
					"rotation": {
						"0.0": [0, 0, 0],
						"0.16": [-5.17544, -14.94159, 1.3378],
						"0.4": [-5.17544, -14.94159, 1.3378],
						"0.56": [0, 0, 0],
						"0.72": [9.92648, -7.24008, -3.01725]
					}
				},
				"rightArm": {
					"rotation": {
						"0.0": [0, 0, 0],
						"0.16": [-24.40842, -6.21271, -10.86815],
						"0.4": [-24.40842, -6.21271, -10.86815],
						"0.56": [-91.90842, -6.21271, -10.86815],
						"0.72": [-25.46051, -33.73776, 74.03089]
					}
				},
				"lowerrarm": {
					"rotation": {
						"0.0": [0, 0, 0],
						"0.16": [-25, 0, 0],
						"0.4": [-25, 0, 0],
						"0.72": [-75, 0, 0]
					}
				},
				"rightitem": {
					"rotation": {
						"0.0": [0, 0, 0],
						"0.16": [180, 0, 0],
						"0.4": [180, 0, 0],
						"0.44": [210, 0, 0],
						"0.52": [180, 0, 0],
						"0.72": [2.5, 0, 0]
					},
					"position": {
						"0.0": [0, 0, 0],
						"0.72": [0, 0, 0]
					},
					"scale": {
						"0.0": [0, 0, 0],
						"0.4": [0, 0, 0],
						"0.44": [1, 1, 1]
					}
				},
				"dagger_sheathe_main": {
					"rotation": {
						"0.4": [0, 0, 0],
						"0.52": [-12.5, 0, 0],
						"0.92": [0, 0, 0]
					},
					"position": {
						"0.4": [0, 0, 0],
						"0.52": [0, -2, 0],
						"0.92": [0, 0, 0]
					}
				},
				"dagger_sheathed": {
					"scale": {
						"0.4": [1, 1, 1],
						"0.44": [0, 0, 0]
					}
				}
			}
		},
		"animation.dagger.unsheathe_two": {
			"animation_length": 1.04,
			"override_previous_animation": true,
			"bones": {
				"waist": {
					"rotation": {
						"0.0": [0, 0, 0],
						"0.16": [-5, 0, 0],
						"0.4": [-5, 0, 0],
						"0.56": [0, 0, 0],
						"0.72": [9.93324, 7.53772, -0.43777]
					}
				},
				"leftArm": {
					"rotation": {
						"0.0": [0, 0, 0],
						"0.16": [-27.14233, 4.59902, 8.88927],
						"0.4": [-27.14233, 4.59902, 8.88927],
						"0.56": [-117.14233, 4.59902, 8.88927],
						"0.72": [-66.76024, 10.19689, -80.01904]
					}
				},
				"lowerlarm": {
					"rotation": {
						"0.0": [0, 0, 0],
						"0.16": [-15, 0, 0],
						"0.4": [-15, 0, 0],
						"0.72": [-90, 0, 0]
					}
				},
				"rightArm": {
					"rotation": {
						"0.0": [0, 0, 0],
						"0.16": [-24.40842, -6.21271, -10.86815],
						"0.4": [-24.40842, -6.21271, -10.86815],
						"0.56": [-91.90842, -6.21271, -10.86815],
						"0.72": [-78.10658, -36.30609, 96.45367]
					}
				},
				"lowerrarm": {
					"rotation": {
						"0.0": [0, 0, 0],
						"0.16": [-25, 0, 0],
						"0.4": [-25, 0, 0],
						"0.72": [-90, 0, 0]
					}
				},
				"rightitem": {
					"rotation": {
						"0.0": [0, 0, 0],
						"0.16": [180, 0, 0],
						"0.4": [180, 0, 0],
						"0.44": [210, 0, 0],
						"0.52": [180, 0, 0],
						"0.72": [180, 0, 0]
					},
					"position": [0, 0, 0],
					"scale": {
						"0.0": [0, 0, 0],
						"0.4": [0, 0, 0],
						"0.44": [1, 1, 1]
					}
				},
				"dagger_sheathe_main": {
					"rotation": {
						"0.4": [0, 0, 0],
						"0.52": [-12.5, 0, 0],
						"0.92": [0, 0, 0]
					},
					"position": {
						"0.4": [0, 0, 0],
						"0.52": [0, -2, 0],
						"0.92": [0, 0, 0]
					}
				},
				"dagger_sheathe": {
					"rotation": {
						"0.4": [0, 0, 0],
						"0.52": [-12.5, 0, 0],
						"0.92": [0, 0, 0]
					},
					"position": {
						"0.4": [0, 0, 0],
						"0.52": [0, -2, 0],
						"0.92": [0, 0, 0]
					}
				},
				"dagger_sheathed2": {
					"scale": {
						"0.4": [1, 1, 1],
						"0.44": [0, 0, 0]
					}
				},
				"dagger_sheathed": {
					"scale": {
						"0.4": [1, 1, 1],
						"0.44": [0, 0, 0]
					}
				},
				"leftitem": {
					"rotation": {
						"0.16": [180, 0, 0],
						"0.4": [180, 0, 0],
						"0.44": [210, 0, 0],
						"0.52": [180, 0, 0],
						"0.72": [182.5, 0, 0]
					},
					"scale": {
						"0.0": [0, 0, 0],
						"0.4": [0, 0, 0],
						"0.44": [1, 1, 1]
					}
				}
			}
		},
		"animation.dagger.stance_0": {
			"loop": true,
			"override_previous_animation": true,
			"bones": {
				"waist": {
					"rotation": [9.92648, -7.24008, -3.01725]
				},
				"rightArm": {
					"rotation": [-25.46051, -33.73776, 74.03089]
				},
				"lowerrarm": {
					"rotation": [-75, 0, 0]
				},
				"rightitem": {
					"rotation": [2.5, 0, 0],
					"position": [0, 0, 0]
				}
			}
		},
		"animation.dagger.stance_0_move": {
			"loop": true,
			"animation_length": 1.04,
			"override_previous_animation": true,
			"bones": {
				"waist": {
					"rotation": {
						"0.0": [11.56316, -10.39103, -0.60108],
						"0.52": [19.09317, 14.8827, 6.7854],
						"1.04": [11.56316, -10.39103, -0.60108]
					}
				},
				"rightArm": {
					"rotation": {
						"0.0": [33.96722, 1.52815, 34.24974],
						"0.52": [18.05388, 8.44858, 23.79404],
						"1.04": [33.96722, 1.52815, 34.24974]
					}
				},
				"lowerrarm": {
					"rotation": {
						"0.0": [-35, 0, 0],
						"0.52": [-32.5, 0, 0],
						"1.04": [-35, 0, 0]
					}
				},
				"root": {
					"rotation": {
						"0.0": [-2.5, 0, 0],
						"0.28": [0, 0, 0],
						"0.52": [-2.5, 0, 0],
						"0.8": [2.5, 0, 0],
						"1.04": [-2.5, 0, 0]
					},
					"position": {
						"0.0": [0, -1, 0],
						"0.28": [0, 0, 0],
						"0.52": [0, -1, 0],
						"0.8": [0, 0, 0],
						"1.04": [0, -1, 0]
					}
				},
				"leftleg": {
					"rotation": {
						"0.0": [-27.5, 0, 0],
						"0.24": [-10.96, 0, 0],
						"0.52": [30, 0, 0],
						"0.8": [-15.96, 0, 0],
						"1.04": [-27.5, 0, 0]
					}
				},
				"lowerlleg": {
					"rotation": {
						"0.0": [27.5, 0, 0],
						"0.24": [0.96, 0, 0],
						"0.52": [2.5, 0, 0],
						"0.8": [58.08, 0, 0],
						"1.04": [27.5, 0, 0]
					}
				},
				"rightleg": {
					"rotation": {
						"0.0": [35, 0, 0],
						"0.52": [-32.5, 0, 0],
						"1.04": [35, 0, 0]
					}
				},
				"lowerrleg": {
					"rotation": {
						"0.0": [15, 0, 0],
						"0.28": [58.08, 0, 0],
						"0.52": [30, 0, 0],
						"0.8": [0.96, 0, 0],
						"1.04": [15, 0, 0]
					}
				},
				"leftArm": {
					"rotation": {
						"0.0": [-12.5, 0, 0],
						"0.52": [45, 0, 0],
						"1.04": [-12.5, 0, 0]
					}
				},
				"lowerlarm": {
					"rotation": {
						"0.0": [-27.5, 0, 0],
						"0.52": [-10, 0, 0],
						"1.04": [-27.5, 0, 0]
					}
				}
			}
		},
		"animation.dagger.sprint": {
			"loop": true,
			"animation_length": 0.64,
			"override_previous_animation": true,
			"bones": {
				"root": {
					"rotation": {
						"0.0": [-2.5, 0, 0],
						"0.16": [0, 0, 0],
						"0.32": [-2.5, 0, 0],
						"0.48": [2.5, 0, 0],
						"0.64": [-2.5, 0, 0]
					},
					"position": {
						"0.0": [0, -1, 0],
						"0.16": [0, 0, 0],
						"0.32": [0, -1, 0],
						"0.48": [0, 0, 0],
						"0.64": [0, -1, 0]
					}
				},
				"waist": {
					"rotation": {
						"0.0": [39.21363, -17.31809, -7.9331],
						"0.32": [38.08662, 19.02579, 10.73108],
						"0.64": [39.21363, -17.31809, -7.9331]
					}
				},
				"leftArm": {
					"rotation": {
						"0.0": [50, 0, -5],
						"0.32": [-45, 0, -10],
						"0.64": [50, 0, -5]
					}
				},
				"lowerlarm": {
					"rotation": {
						"0.0": [-7.5, 0, 0],
						"0.32": [-47.5, 0, 0],
						"0.64": [-7.5, 0, 0]
					}
				},
				"rightArm": {
					"rotation": {
						"0.0": [-35.81493, -7.74642, 43.88651],
						"0.32": [89.81927, -1.49193, 52.18882],
						"0.64": [-35.81493, -7.74642, 43.88651]
					}
				},
				"lowerrarm": {
					"rotation": [-45, 0, 7.5]
				},
				"rightleg": {
					"rotation": {
						"0.0": [35, 0, 0],
						"0.32": [-32.5, 0, 0],
						"0.64": [35, 0, 0]
					}
				},
				"lowerrleg": {
					"rotation": {
						"0.0": [15, 0, 0],
						"0.16": [58.08, 0, 0],
						"0.32": [30, 0, 0],
						"0.48": [0.96, 0, 0],
						"0.64": [15, 0, 0]
					}
				},
				"leftleg": {
					"rotation": {
						"0.0": [-27.5, 0, 0],
						"0.16": [-10.96, 0, 0],
						"0.32": [30, 0, 0],
						"0.48": [-15.96, 0, 0],
						"0.64": [-27.5, 0, 0]
					}
				},
				"lowerlleg": {
					"rotation": {
						"0.0": [27.5, 0, 0],
						"0.16": [0.96, 0, 0],
						"0.32": [2.5, 0, 0],
						"0.48": [58.08, 0, 0],
						"0.64": [27.5, 0, 0]
					}
				},
				"rightitem": {
					"rotation": {
						"0.0": [0, 0, 0],
						"0.32": [-5, 0, 0],
						"0.64": [0, 0, 0]
					}
				}
			}
		},
		"animation.dagger.sprint_double": {
			"loop": true,
			"animation_length": 0.64,
			"override_previous_animation": true,
			"bones": {
				"root": {
					"rotation": {
						"0.0": [-2.5, 0, 0],
						"0.16": [0, 0, 0],
						"0.32": [-2.5, 0, 0],
						"0.48": [2.5, 0, 0],
						"0.64": [-2.5, 0, 0]
					},
					"position": {
						"0.0": [0, -1, 0],
						"0.16": [0, 0, 0],
						"0.32": [0, -1, 0],
						"0.48": [0, 0, 0],
						"0.64": [0, -1, 0]
					}
				},
				"waist": {
					"rotation": {
						"0.0": [39.21363, -17.31809, -7.9331],
						"0.32": [38.08662, 19.02579, 10.73108],
						"0.64": [39.21363, -17.31809, -7.9331]
					}
				},
				"leftArm": {
					"rotation": {
						"0.0": [49.56754, 7.64427, -11.46635],
						"0.32": [-73.80566, -21.13931, -13.35259],
						"0.64": [49.56754, 7.64427, -11.46635]
					}
				},
				"lowerlarm": {
					"rotation": {
						"0.0": [-7.5, 0, 0],
						"0.32": [-47.5, 0, 0],
						"0.64": [-7.5, 0, 0]
					}
				},
				"rightArm": {
					"rotation": {
						"0.0": [-65.25753, 9.32259, 0.0027],
						"0.32": [89.81927, -1.49193, 52.18882],
						"0.64": [-65.25753, 9.32259, 0.0027]
					}
				},
				"lowerrarm": {
					"rotation": [-44.51192, 0.04524, -3.09132]
				},
				"rightleg": {
					"rotation": {
						"0.0": [35, 0, 0],
						"0.32": [-32.5, 0, 0],
						"0.64": [35, 0, 0]
					}
				},
				"lowerrleg": {
					"rotation": {
						"0.0": [15, 0, 0],
						"0.16": [58.08, 0, 0],
						"0.32": [30, 0, 0],
						"0.48": [0.96, 0, 0],
						"0.64": [15, 0, 0]
					}
				},
				"leftleg": {
					"rotation": {
						"0.0": [-27.5, 0, 0],
						"0.16": [-10.96, 0, 0],
						"0.32": [30, 0, 0],
						"0.48": [-15.96, 0, 0],
						"0.64": [-27.5, 0, 0]
					}
				},
				"lowerlleg": {
					"rotation": {
						"0.0": [27.5, 0, 0],
						"0.16": [0.96, 0, 0],
						"0.32": [2.5, 0, 0],
						"0.48": [58.08, 0, 0],
						"0.64": [27.5, 0, 0]
					}
				},
				"rightitem": {
					"rotation": {
						"0.0": [172.5, 0, 0],
						"0.32": [172.5, 0, 0],
						"0.64": [172.5, 0, 0]
					}
				},
				"leftitem": {
					"rotation": [182.5, 0, 0]
				}
			}
		},
		"animation.dagger.attack_test_0": {
			"animation_length": 0.56,
			"override_previous_animation": true,
			"bones": {
				"waist": {
					"rotation": {
						"0.0": [9.92648, -7.24008, -3.01725],
						"0.12": [6.34981, 29.66203, 3.91907],
						"0.28": [18.84981, 29.66203, 3.91907],
						"0.36": [17.44833, -20.55788, -11.96886]
					}
				},
				"rightArm": {
					"rotation": {
						"0.0": [-25.46051, -33.73776, 74.03089],
						"0.12": [81.53512, -8.30039, 0.40884],
						"0.28": [92.99901, -28.06074, 3.67952],
						"0.36": [-42.48987, 15.72857, 15.39219]
					}
				},
				"lowerrarm": {
					"rotation": {
						"0.0": [-75, 0, 0],
						"0.12": [-62.5, 0, 0],
						"0.28": [-80, 0, 0],
						"0.36": [-35, 0, 0]
					}
				},
				"rightitem": {
					"rotation": {
						"0.0": [2.5, 0, 0],
						"0.36": [80, 0, 0]
					},
					"position": [0, 0, 0]
				}
			}
		},
		"animation.dagger.attack_test_1": {
			"loop": "hold_on_last_frame",
			"animation_length": 0.52,
			"override_previous_animation": true,
			"bones": {
				"waist": {
					"rotation": {
						"0.0": [9.92648, -7.24008, -3.01725],
						"0.12": [-7.09743, 12.58056, 1.33071],
						"0.24": [-7.5, 22.5, 0],
						"0.36": [19.15214, -36.70042, -7.34543]
					}
				},
				"rightArm": {
					"rotation": {
						"0.0": [-25.46051, -33.73776, 74.03089],
						"0.12": [49.45157, -3.37017, 46.21647],
						"0.24": [93.93796, 12.13822, 147.19504],
						"0.36": [-43.32367, -8.11436, 119.75928]
					}
				},
				"lowerrarm": {
					"rotation": {
						"0.0": [-75, 0, 0],
						"0.12": [-85, 0, 0],
						"0.24": [-85, 0, 0],
						"0.36": [-25, 0, 0]
					}
				},
				"rightitem": {
					"rotation": {
						"0.0": [2.5, 0, 0],
						"0.24": [55, 0, 0],
						"0.36": [57.5, 0, 0]
					},
					"position": [0, 0, 0]
				}
			}
		},
		"animation.dagger.attack_dual_test_0": {
			"loop": "hold_on_last_frame",
			"animation_length": 1.48,
			"override_previous_animation": true,
			"bones": {
				"waist": {
					"rotation": {
						"0.0": [9.93324, 7.53772, -0.43777],
						"0.24": [-13.14594, -29.37254, 15.92603],
						"0.56": [-19.79232, -39.07923, 18.84223],
						"0.6": [-19.79232, -39.07923, 18.84223],
						"0.64": [7.13983, 45.57675, 1.23212],
						"0.92": [13.83119, 55.48135, 3.41488],
						"1.0": [8.02044, -51.42606, -10.16636],
						"1.12": [8.02044, -51.42606, -10.16636],
						"1.36": [18.02044, -51.42606, -10.16636]
					}
				},
				"leftArm": {
					"rotation": {
						"0.0": [-66.76024, 10.19689, -80.01904],
						"0.24": [7.74679, 2.97714, -63.23549],
						"0.48": [7.74679, 2.97714, -63.23549],
						"0.6": [7.74679, 2.97714, -63.23549],
						"0.64": [-97.25321, 2.97714, -63.23549],
						"0.8": [-97.25321, 2.97714, -63.23549],
						"1.0": [-17.42822, 25.75213, -23.26937]
					}
				},
				"lowerlarm": {
					"rotation": {
						"0.0": [-90, 0, 0],
						"0.24": [-40, 0, 0],
						"0.48": [-40, 0, 0],
						"0.6": [-40, 0, 0],
						"1.0": [-62.5, 0, 0]
					}
				},
				"rightArm": {
					"rotation": {
						"0.0": [-78.10658, -36.30609, 96.45367],
						"0.24": [-78.10658, -36.30609, 96.45367],
						"0.48": [-28.10658, -36.30609, 96.45367],
						"0.6": [-28.10658, -36.30609, 96.45367],
						"0.64": [47.62957, 9.34213, 47.17266],
						"0.92": [47.62957, 9.34213, 47.17266],
						"1.0": [-137.37043, 9.34213, 47.17266],
						"1.12": [-137.37043, 9.34213, 47.17266],
						"1.36": [-107.37043, 9.34213, 47.17266]
					}
				},
				"lowerrarm": {
					"rotation": {
						"0.0": [-90, 0, 0],
						"0.24": [-90, 0, 0],
						"0.48": [-90, 0, 0],
						"0.6": [-90, 0, 0],
						"0.64": [-45, 0, 0]
					}
				},
				"rightitem": {
					"rotation": {
						"0.0": [180, 0, 0],
						"0.24": [180, 0, 0],
						"0.48": [180, 0, 0],
						"0.6": [180, 0, 0]
					},
					"position": {
						"0.0": [0, 0, 0],
						"0.24": [0, 0, 0],
						"0.48": [0, 0, 0],
						"0.6": [0, 0, 0]
					}
				},
				"leftitem": {
					"rotation": [190, 0, 0]
				},
				"root": {
					"rotation": {
						"0.64": [0, 0, 0],
						"0.92": [0, 12.5, 0],
						"1.0": [0, -2.5, 0]
					}
				},
				"dagger_sheathe_main": {
					"rotation": {
						"0.6": [0, 0, 0],
						"0.64": [-0.6484, 10.21235, -7.24677],
						"0.84": [0, 0, 0],
						"1.04": [-0.66024, -8.93511, 6.34509],
						"1.48": [0, 0, 0]
					}
				},
				"dagger_sheathe": {
					"rotation": {
						"0.6": [0, 0, 0],
						"0.64": [-1.69146, 16.27014, -11.79198],
						"0.84": [0, 0, 0],
						"1.04": [-0.80582, -7.74591, 5.49647],
						"1.48": [0, 0, 0]
					}
				}
			}
		},
		"animation.dagger.attack_dual_test_1": {
			"loop": "hold_on_last_frame",
			"animation_length": 1.04,
			"override_previous_animation": true,
			"bones": {
				"waist": {
					"rotation": {
						"0.0": [9.93324, 7.53772, -0.43777],
						"0.24": [-22.47164, 1.75468, 0.11367],
						"0.52": [-34.97164, 1.75468, 0.11367],
						"0.6": [27.35689, 2.61201, -1.3001]
					}
				},
				"leftArm": {
					"rotation": {
						"0.0": [-66.76024, 10.19689, -80.01904],
						"0.08": [-119.37522, 14.83574, 6.27812],
						"0.24": [-150.27052, -10.45038, 4.34727],
						"0.52": [-167.77052, -10.45038, 4.34727],
						"0.6": [-97.67332, 11.33321, 16.68927]
					}
				},
				"lowerlarm": {
					"rotation": {
						"0.0": [-90, 0, 0],
						"0.24": [-82.5, 0, 0],
						"0.52": [-82.5, 0, 0],
						"0.6": [-15, 0, 0]
					}
				},
				"rightArm": {
					"rotation": {
						"0.0": [-78.10658, -36.30609, 96.45367],
						"0.08": [-123.54633, 4.66748, -1.65361],
						"0.24": [-152.78807, 7.75172, 3.12331],
						"0.52": [-170.28807, 7.75172, 3.12331],
						"0.6": [-76.76817, -16.69337, -9.61157]
					}
				},
				"lowerrarm": {
					"rotation": {
						"0.0": [-90, 0, 0],
						"0.24": [-77.75, 0, 0],
						"0.52": [-77.75, 0, 0],
						"0.6": [-32.5, 0, 0]
					}
				},
				"rightitem": {
					"rotation": [180, 0, 0],
					"position": [0, 0, 0]
				},
				"leftitem": {
					"rotation": [190, 0, 0]
				}
			}
		},
		"animation.dagger.attack_dual_test_2": {
			"loop": "hold_on_last_frame",
			"animation_length": 1.48,
			"override_previous_animation": true,
			"bones": {
				"waist": {
					"rotation": {
						"0.0": [9.93324, 7.53772, -0.43777],
						"0.24": [-25.5922, -62.68866, 32.44378],
						"0.48": [-55.48673, -71.8795, 60.99212],
						"0.56": [-19.79232, -39.07923, 18.84223],
						"0.6": [-19.79232, -39.07923, 18.84223],
						"0.64": [7.13983, 45.57675, 1.23212],
						"0.92": [7.13983, 45.57675, 1.23212],
						"1.0": [5.36947, -21.61388, -5.86287],
						"1.12": [8.02044, -51.42606, -10.16636],
						"1.36": [18.02044, -51.42606, -10.16636]
					}
				},
				"leftArm": {
					"rotation": {
						"0.0": [-66.76024, 10.19689, -80.01904],
						"0.24": [45.24679, 2.97714, -63.23549],
						"0.48": [7.74679, 2.97714, -63.23549],
						"0.6": [7.74679, 2.97714, -63.23549],
						"0.64": [-27.67376, -10.04233, -95.85896],
						"0.8": [-45.36804, -15.24007, -80.53171],
						"1.0": [-17.42822, 25.75213, -23.26937]
					}
				},
				"lowerlarm": {
					"rotation": {
						"0.0": [-90, 0, 0],
						"0.24": [-75, 0, 0],
						"0.48": [-40, 0, 0],
						"0.6": [-40, 0, 0],
						"0.64": [-22.25, 0, 0],
						"0.8": [-5.13889, 0, 0],
						"1.0": [-62.5, 0, 0]
					}
				},
				"rightArm": {
					"rotation": {
						"0.0": [-78.10658, -36.30609, 96.45367],
						"0.24": [-78.10658, -36.30609, 96.45367],
						"0.48": [-28.10658, -36.30609, 96.45367],
						"0.6": [-28.10658, -36.30609, 96.45367],
						"0.64": [87.81573, 11.67951, 75.05227],
						"0.92": [87.81573, 11.67951, 75.05227],
						"1.0": [-39.69556, -1.38104, 100.10812],
						"1.12": [-12.19556, -1.38104, 100.10812],
						"1.4": [-9.12236, -25.39759, 66.91196]
					}
				},
				"lowerrarm": {
					"rotation": {
						"0.0": [-90, 0, 0],
						"0.24": [-90, 0, 0],
						"0.48": [-90, 0, 0],
						"0.6": [-90, 0, 0],
						"0.64": [-77.5, 0, 0],
						"0.92": [-92.5, 0, 0],
						"1.0": [-7.5, 0, 0]
					}
				},
				"rightitem": {
					"rotation": {
						"0.0": [180, 0, 0],
						"0.24": [180, 0, 0],
						"0.48": [180, 0, 0],
						"0.6": [180, 0, 0],
						"0.92": [2.5, 0, 0],
						"1.0": [92.5, 0, 0],
						"1.24": [92.5, 0, 0]
					},
					"position": {
						"0.0": [0, 0, 0],
						"0.24": [0, 0, 0],
						"0.48": [0, 0, 0],
						"0.6": [0, 0, 0]
					}
				},
				"leftitem": {
					"rotation": {
						"0.0": [190, 0, 0],
						"0.12": [0, 0, 0],
						"0.64": [90, 0, 0],
						"0.8": [88.68421, 0, 0],
						"1.4": [12.5, 0, 0]
					}
				},
				"dagger_sheathe_main": {
					"rotation": {
						"0.6": [0, 0, 0],
						"0.64": [-0.6484, 10.21235, -7.24677],
						"0.84": [0, 0, 0],
						"1.04": [-0.66024, -8.93511, 6.34509],
						"1.48": [0, 0, 0]
					}
				},
				"dagger_sheathe": {
					"rotation": {
						"0.6": [0, 0, 0],
						"0.64": [-1.69146, 16.27014, -11.79198],
						"0.84": [0, 0, 0],
						"1.04": [-0.80582, -7.74591, 5.49647],
						"1.48": [0, 0, 0]
					}
				},
				"root": {
					"rotation": {
						"0.0": [0, 7.5, 0],
						"0.24": [0, 0, 0],
						"0.48": [0, -32.5, 0],
						"0.64": [0, 0, 0],
						"0.92": [0, 7.5, 0],
						"1.0": [0, -37.5, 0]
					}
				},
				"body": {
					"rotation": [0, 7.5, 0]
				}
			}
		},
		"animation.dagger.attack_dual_test_3": {
			"loop": "hold_on_last_frame",
			"animation_length": 1.48,
			"override_previous_animation": true,
			"bones": {
				"waist": {
					"rotation": {
						"0.0": [9.93324, 7.53772, -0.43777],
						"0.24": [-25.5922, -62.68866, 32.44378],
						"0.48": [-55.48673, -71.8795, 60.99212],
						"0.56": [-19.79232, -39.07923, 18.84223],
						"0.6": [-19.79232, -39.07923, 18.84223],
						"0.64": [7.13983, 45.57675, 1.23212],
						"0.92": [7.13983, 45.57675, 1.23212],
						"1.0": [5.36947, -21.61388, -5.86287],
						"1.12": [8.02044, -51.42606, -10.16636],
						"1.36": [18.02044, -51.42606, -10.16636]
					}
				},
				"leftArm": {
					"rotation": {
						"0.0": [-66.76024, 10.19689, -80.01904],
						"0.24": [45.24679, 2.97714, -63.23549],
						"0.48": [7.74679, 2.97714, -63.23549],
						"0.6": [7.74679, 2.97714, -63.23549],
						"0.64": [-27.67376, -10.04233, -95.85896],
						"0.8": [-97.25321, 2.97714, -63.23549],
						"1.0": [-17.42822, 25.75213, -23.26937]
					}
				},
				"lowerlarm": {
					"rotation": {
						"0.0": [-90, 0, 0],
						"0.24": [-75, 0, 0],
						"0.48": [-40, 0, 0],
						"0.6": [-40, 0, 0],
						"0.64": [-22.25, 0, 0],
						"1.0": [-62.5, 0, 0]
					}
				},
				"rightArm": {
					"rotation": {
						"0.0": [-78.10658, -36.30609, 96.45367],
						"0.24": [-78.10658, -36.30609, 96.45367],
						"0.48": [-28.10658, -36.30609, 96.45367],
						"0.6": [-28.10658, -36.30609, 96.45367],
						"0.64": [87.81573, 11.67951, 75.05227],
						"0.92": [87.81573, 11.67951, 75.05227],
						"1.0": [-39.69556, -1.38104, 100.10812],
						"1.12": [-12.19556, -1.38104, 100.10812],
						"1.4": [-9.12236, -25.39759, 66.91196]
					}
				},
				"lowerrarm": {
					"rotation": {
						"0.0": [-90, 0, 0],
						"0.24": [-90, 0, 0],
						"0.48": [-90, 0, 0],
						"0.6": [-90, 0, 0],
						"0.64": [-77.5, 0, 0],
						"0.92": [-92.5, 0, 0],
						"1.0": [-7.5, 0, 0]
					}
				},
				"rightitem": {
					"rotation": {
						"0.0": [180, 0, 0],
						"0.24": [180, 0, 0],
						"0.48": [180, 0, 0],
						"0.6": [180, 0, 0],
						"0.92": [2.5, 0, 0],
						"1.0": [92.5, 0, 0],
						"1.24": [92.5, 0, 0]
					},
					"position": {
						"0.0": [0, 0, 0],
						"0.24": [0, 0, 0],
						"0.48": [0, 0, 0],
						"0.6": [0, 0, 0]
					}
				},
				"leftitem": {
					"rotation": {
						"0.0": [190, 0, 0],
						"0.12": [0, 0, 0],
						"0.64": [90, 0, 0],
						"1.4": [12.5, 0, 0]
					}
				},
				"dagger_sheathe_main": {
					"rotation": {
						"0.6": [0, 0, 0],
						"0.64": [-0.6484, 10.21235, -7.24677],
						"0.84": [0, 0, 0],
						"1.04": [-0.66024, -8.93511, 6.34509],
						"1.48": [0, 0, 0]
					}
				},
				"dagger_sheathe": {
					"rotation": {
						"0.6": [0, 0, 0],
						"0.64": [-1.69146, 16.27014, -11.79198],
						"0.84": [0, 0, 0],
						"1.04": [-0.80582, -7.74591, 5.49647],
						"1.48": [0, 0, 0]
					}
				},
				"root": {
					"rotation": {
						"0.0": [0, 7.5, 0],
						"0.24": [0, 0, 0],
						"0.48": [0, -32.5, 0],
						"0.64": [0, 0, 0],
						"0.92": [0, 7.5, 0],
						"1.0": [0, -37.5, 0]
					}
				},
				"body": {
					"rotation": [0, 7.5, 0]
				}
			}
		},
		"animation.dagger.no_back": {
			"loop": true,
			"override_previous_animation": true,
			"bones": {
				"dagger_sheathed2": {
					"scale": 0
				},
				"dagger_sheathed": {
					"scale": 0
				}
			}
		},
		"animation.dagger.sneak_with_move": {
			"loop": true,
			"animation_length": 1.04,
			"override_previous_animation": true,
			"bones": {
				"waist": {
					"rotation": {
						"0.0": [17.5, 0, 0],
						"1.04": [17.5, 0, 0]
					}
				},
				"leftArm": {
					"rotation": {
						"0.0": [-10, 0, 0],
						"0.52": [2.4905, 0.21782, -4.99527],
						"1.04": [-10, 0, 0]
					}
				},
				"rightArm": {
					"rotation": {
						"0.0": [5, 0, 0],
						"0.52": [-4.98107, 0.43523, 4.98107],
						"1.04": [5, 0, 0]
					}
				},
				"root": {
					"position": {
						"0.0": [0, -3, 0],
						"0.28": [0, -1, 0],
						"0.52": [0, -2, 0],
						"0.8": [0, -1, 0],
						"1.04": [0, -3, 0]
					}
				},
				"leftleg": {
					"rotation": {
						"0.0": [5, 0, 0],
						"0.28": [-70.77, 0, 0],
						"0.52": [-47.5, 0, 0],
						"1.04": [5, 0, 0]
					}
				},
				"lowerlleg": {
					"rotation": {
						"0.0": [70, 0, 0],
						"0.52": [47.5, 0, 0],
						"1.04": [70, 0, 0]
					}
				},
				"rightleg": {
					"rotation": {
						"0.0": [-47.5, 0, 0],
						"0.52": [-2.5, 0, 0],
						"0.8": [-56.73, 0, 0],
						"1.04": [-47.5, 0, 0]
					}
				},
				"lowerrleg": {
					"rotation": {
						"0.0": [47.5, 0, 0],
						"0.52": [60, 0, 0],
						"1.04": [47.5, 0, 0]
					}
				},
				"lowerlarm": {
					"rotation": {
						"0.0": [-17.5, 0, 0],
						"1.04": [-17.5, 0, 0]
					}
				},
				"lowerrarm": {
					"rotation": {
						"0.0": [-27.5, 0, 0],
						"1.04": [-27.5, 0, 0]
					}
				},
				"rightitem": {
					"rotation": [182.5, 0, 0]
				},
				"leftitem": {
					"rotation": [190, 0, 0]
				}
			}
		},
		"animation.dagger.sneak": {
			"loop": true,
			"override_previous_animation": true,
			"bones": {
				"waist": {
					"rotation": [17.5, 0, 0]
				},
				"leftArm": {
					"rotation": [0, 0, 0]
				},
				"rightArm": {
					"rotation": [-10, 0, 0]
				},
				"root": {
					"position": [0, -3, 0]
				},
				"lowerlarm": {
					"rotation": [-17.5, 0, 0]
				},
				"lowerrarm": {
					"rotation": [-17.5, 0, 0]
				},
				"rightleg": {
					"rotation": [-47.5, 0, 0]
				},
				"lowerrleg": {
					"rotation": [47.5, 0, 0]
				},
				"leftleg": {
					"rotation": [5, 0, 0]
				},
				"lowerlleg": {
					"rotation": [70, 0, 0]
				},
				"rightitem": {
					"rotation": [185, 0, 0]
				},
				"leftitem": {
					"rotation": [180, 0, 0]
				}
			}
		}
	}
}