{
	"format_version": "1.8.0",
	"animations": {
		"animation.halberd.stance_0": {
			"loop": true,
			"override_previous_animation": true,
			"bones": {
				"root": {
					"rotation": [0, 15, 0]
				},
				"waist": {
					"rotation": [0, 50, 0]
				},
				"leftArm": {
					"rotation": [-84.70638, -12.19908, -2.74715]
				},
				"lowerlarm": {
					"rotation": [-22.5, 0, 0]
				},
				"rightArm": {
					"rotation": [-2.02237, -50.45399, 27.29992]
				},
				"lowerrarm": {
					"rotation": [-52.5, 0, 0]
				}
			}
		},
		"animation.halberd.attack_combo0_0": {
			"loop": "hold_on_last_frame",
			"animation_length": 0.68,
			"override_previous_animation": true,
			"bones": {
				"root": {
					"rotation": {
						"0.0": [0, 15, 0],
						"0.2": [0, -20, 0],
						"0.4": [0, -47.5, 0],
						"0.48": [0, 52.5, 0],
						"0.64": [0, 77.5, 0]
					}
				},
				"waist": {
					"rotation": {
						"0.0": [0, 50, 0],
						"0.2": [0, -30, 0],
						"0.32": [-9, -40, 0],
						"0.4": [-12, -40, 0],
						"0.48": [14.31424, 37.29475, 6.1401],
						"0.64": [21.20213, 49.10711, 11.78695]
					}
				},
				"leftArm": {
					"rotation": {
						"0.0": [-84.70638, -12.19908, -2.74715],
						"0.2": [-90.78333, -39.55589, -5.91457],
						"0.32": [-90.67816, -27.05689, -6.10494],
						"0.4": [-90.67816, -27.05689, -6.10494],
						"0.48": [-86.15184, 0.37611, -4.11078],
						"0.64": [-70.15184, 0.37611, -4.11078]
					}
				},
				"lowerlarm": {
					"rotation": {
						"0.0": [-22.5, 0, 0],
						"0.4": [-22.5, 0, 0],
						"0.48": [0, 0, 0],
						"0.64": [-47.5, 0, 0]
					}
				},
				"rightArm": {
					"rotation": {
						"0.0": [-2.02237, -50.45399, 27.29992],
						"0.2": [-36.74403, -20.28237, 73.18713],
						"0.32": [-11.74403, -20.28237, 73.18713],
						"0.4": [-11.74403, -20.28237, 73.18713],
						"0.48": [-41.36612, -3.22707, 93.34617],
						"0.64": [-5.89745, 6.72055, 92.32221]
					}
				},
				"lowerrarm": {
					"rotation": {
						"0.0": [-52.5, 0, 0],
						"0.2": [-52.5, 0, 0],
						"0.32": [-75, 0, 0],
						"0.4": [-75, 0, 0],
						"0.48": [-42.5, 0, 0],
						"0.64": [-73.5, 0, 0]
					}
				}
			}
		},
		"animation.halberd.inbetween_combo0_0": {
			"loop": "hold_on_last_frame",
			"override_previous_animation": true,
			"bones": {
				"root": {
					"rotation": [0, 77.5, 0]
				},
				"waist": {
					"rotation": [21.20213, 49.10711, 11.78695]
				},
				"leftArm": {
					"rotation": [-70.15184, 0.37611, -4.11078]
				},
				"lowerlarm": {
					"rotation": [-47.5, 0, 0]
				},
				"rightArm": {
					"rotation": [-5.89745, 6.72055, 92.32221]
				},
				"lowerrarm": {
					"rotation": [-73.5, 0, 0]
				}
			}
		},
		"animation.halberd.attack_combo0_1": {
			"loop": "hold_on_last_frame",
			"animation_length": 0.52,
			"override_previous_animation": true,
			"bones": {
				"root": {
					"rotation": {
						"0.0": [0, 77.5, 0],
						"0.16": [0, 140, 0],
						"0.4": [0, 400, 0],
						"0.48": [0, 465, 0]
					}
				},
				"waist": {
					"rotation": {
						"0.0": [21.20213, 49.10711, 11.78695],
						"0.16": [-11.61689, -45.44768, 6.64396],
						"0.4": [21.32443, 46.30308, 14.96268]
					}
				},
				"leftArm": {
					"rotation": {
						"0.0": [-70.15184, 0.37611, -4.11078],
						"0.16": [-55.15184, 0.37611, -4.11078],
						"0.4": [-90.15184, 0.37611, -4.11078],
						"0.48": [-79.00764, 8.09109, -17.51378]
					}
				},
				"lowerlarm": {
					"rotation": {
						"0.0": [-47.5, 0, 0],
						"0.16": [-57.5, 0, 0],
						"0.4": [-12.5, 0, 0],
						"0.48": [-40, 0, 0]
					}
				},
				"rightArm": {
					"rotation": {
						"0.0": [-5.89745, 6.72055, 92.32221],
						"0.16": [-18.26701, -0.39982, 94.68324],
						"0.4": [-28.39745, 6.72055, 92.32221],
						"0.48": [-3.28065, 4.52009, 93.51459]
					}
				},
				"lowerrarm": {
					"rotation": {
						"0.0": [-73.5, 0, 0],
						"0.16": [-66, 0, 0],
						"0.4": [-56, 0, 0],
						"0.48": [-73.5, 0, 0]
					}
				}
			}
		},
		"animation.halberd.inbetween_combo0_1": {
			"loop": "hold_on_last_frame",
			"animation_length": 0.52,
			"override_previous_animation": true,
			"bones": {
				"root": {
					"rotation": [0, 465, 0]
				},
				"waist": {
					"rotation": [21.32443, 46.30308, 14.96268]
				},
				"leftArm": {
					"rotation": [-79.00764, 8.09109, -17.51378]
				},
				"lowerlarm": {
					"rotation": [-40, 0, 0]
				},
				"rightArm": {
					"rotation": [-3.28065, 4.52009, 93.51459]
				},
				"lowerrarm": {
					"rotation": [-73.5, 0, 0]
				}
			}
		},
		"animation.halberd.attack_combo0_2": {
			"loop": "hold_on_last_frame",
			"animation_length": 0.36,
			"override_previous_animation": true,
			"bones": {
				"root": {
					"rotation": {
						"0.0": [0, 465, 0],
						"0.16": [0, 490, 0],
						"0.28": [0, 392.5, 0]
					},
					"position": {
						"0.0": [0, 0, 0],
						"0.16": [0, 0, 0],
						"0.28": [0, 0, -12],
						"0.36": [0, 0, -23]
					}
				},
				"waist": {
					"rotation": {
						"0.0": [21.32443, 46.30308, 14.96268],
						"0.16": [4.47299, 53.7836, 15.80697],
						"0.28": [21.32443, 46.30308, 14.96268]
					}
				},
				"leftArm": {
					"rotation": {
						"0.0": [-79.00764, 8.09109, -17.51378],
						"0.16": [-16.68666, 13.40899, 20.31047],
						"0.28": [-33.14543, -8.21719, -64.22693]
					}
				},
				"lowerlarm": {
					"rotation": {
						"0.0": [-40, 0, 0],
						"0.16": [-40, 0, 0],
						"0.28": [0, 0, 0]
					}
				},
				"rightArm": {
					"rotation": {
						"0.0": [-3.28065, 4.52009, 93.51459],
						"0.16": [-2.13713, -55.50932, 94.11813],
						"0.28": [-113.26393, -64.8221, 67.11862]
					}
				},
				"lowerrarm": {
					"rotation": {
						"0.0": [-73.5, 0, 0],
						"0.16": [-76, 0, 0],
						"0.28": [-6, 0, 0]
					}
				},
				"rightItem": {
					"rotation": {
						"0.16": [0, 0, 0],
						"0.28": [37.5, 0, 0]
					}
				}
			}
		},
		"animation.halberd.inbetween_combo0_2": {
			"loop": "hold_on_last_frame",
			"animation_length": 0.36,
			"override_previous_animation": true,
			"bones": {
				"root": {
					"rotation": [0, 392.5, 0],
					"position": {
						"0.0": [0, 0, -23],
						"0.36": [0, 0, 0]
					}
				},
				"waist": {
					"rotation": [21.32443, 46.30308, 14.96268]
				},
				"leftArm": {
					"rotation": {
						"0.0": [-33.14543, -8.21719, -64.22693],
						"0.36": [-33.0951, 8.44146, -39.18838]
					}
				},
				"lowerlarm": {
					"rotation": [0, 0, 0]
				},
				"rightArm": {
					"rotation": {
						"0.0": [-113.26393, -64.8221, 67.11862],
						"0.36": [-80.76393, -64.8221, 67.11862]
					}
				},
				"lowerrarm": {
					"rotation": [-6, 0, 0]
				},
				"rightItem": {
					"rotation": {
						"0.0": [37.5, 0, 0],
						"0.36": [10, 0, 0]
					}
				}
			}
		},
		"animation.halberd.attack_combo0_3": {
			"loop": "hold_on_last_frame",
			"animation_length": 0.52,
			"override_previous_animation": true,
			"bones": {
				"root": {
					"rotation": {
						"0.0": [0, 392.5, 0],
						"0.16": [0, 290, 0],
						"0.32": [0, 290, 0],
						"0.4": [0, 420, 0],
						"0.52": [0, 455, 0]
					},
					"position": [0, 0, 0]
				},
				"waist": {
					"rotation": {
						"0.0": [21.32443, 46.30308, 14.96268],
						"0.16": [-7.94858, 0.80119, -0.5907],
						"0.32": [-7.69141, 2.1652, 9.3194],
						"0.4": [33.2224, 17.74094, 17.73404],
						"0.52": [35.49392, 26.00449, 23.81059]
					}
				},
				"leftArm": {
					"rotation": {
						"0.0": [-33.14543, -8.21719, -64.22693],
						"0.16": [-81.14646, -15.03868, -57.76874],
						"0.32": [-81.14646, -15.03868, -57.76874],
						"0.4": [-97.40996, 0.68717, -94.59229]
					}
				},
				"lowerlarm": {
					"rotation": {
						"0.0": [0, 0, 0],
						"0.16": [0, 0, -85],
						"0.32": [0, 0, -85],
						"0.4": [0, 0, -2.5]
					}
				},
				"rightArm": {
					"rotation": {
						"0.0": [-113.26393, -64.8221, 67.11862],
						"0.16": [-74.16824, 49.02281, 84.91247],
						"0.32": [-67.44361, 28.81735, 71.97694],
						"0.4": [-3.84989, -12.30232, 79.12228],
						"0.52": [8.65011, -12.30232, 79.12228]
					}
				},
				"lowerrarm": {
					"rotation": {
						"0.0": [-6, 0, 0],
						"0.16": [-28.5, 0, 0],
						"0.32": [-41, 0, 0],
						"0.4": [-68.5, 0, 0],
						"0.52": [-78.5, 0, 0]
					}
				},
				"rightItem": {
					"rotation": {
						"0.0": [37.5, 0, 0],
						"0.16": [0, 0, 0],
						"0.32": [0, 0, 0]
					}
				}
			}
		},
		"animation.halberd.inbetween_combo0_3": {
			"loop": "hold_on_last_frame",
			"override_previous_animation": true,
			"bones": {
				"root": {
					"rotation": [0, 455, 0],
					"position": [0, 0, 0]
				},
				"waist": {
					"rotation": [35.49392, 26.00449, 23.81059]
				},
				"leftArm": {
					"rotation": [-97.40996, 0.68717, -94.59229]
				},
				"lowerlarm": {
					"rotation": [0, 0, -2.5]
				},
				"rightArm": {
					"rotation": [8.65011, -12.30232, 79.12228]
				},
				"lowerrarm": {
					"rotation": [-78.5, 0, 0]
				},
				"rightItem": {
					"rotation": [0, 0, 0]
				}
			}
		},
		"animation.halberd.attack_combo0_4": {
			"loop": "hold_on_last_frame",
			"animation_length": 0.52,
			"override_previous_animation": true,
			"bones": {
				"root": {
					"rotation": {
						"0.0": [0, 455, 0],
						"0.16": [0, 530, 0],
						"0.36": [0, 760, 0],
						"0.52": [0, 772.5, 0]
					},
					"position": [0, 0, 0]
				},
				"waist": {
					"rotation": {
						"0.0": [35.49392, 26.00449, 23.81059],
						"0.16": [9.44576, -45.76627, 41.68088],
						"0.36": [18.08347, 26.19517, 1.51303],
						"0.52": [13.08347, 26.19517, 1.51303]
					}
				},
				"leftArm": {
					"rotation": {
						"0.0": [-97.40996, 0.68717, -94.59229],
						"0.16": [-109.95949, -4.01358, -92.88731],
						"0.36": [-99.22554, -36.44988, -88.99106],
						"0.52": [-118.25777, -46.29983, -86.68168]
					}
				},
				"lowerlarm": {
					"rotation": {
						"0.0": [0, 0, -2.5],
						"0.36": [0, 0, -15],
						"0.52": [0, 0, -2.5]
					}
				},
				"rightArm": {
					"rotation": {
						"0.0": [8.65011, -12.30232, 79.12228],
						"0.16": [23.21324, 6.07788, 87.05308],
						"0.36": [20.41379, 50.85122, 98.83666],
						"0.52": [40.41379, 50.85122, 98.83666]
					}
				},
				"lowerrarm": {
					"rotation": {
						"0.0": [-78.5, 0, 0],
						"0.16": [-88.5, 0, 0],
						"0.36": [-81, 0, 0],
						"0.52": [-93.5, 0, 0]
					}
				},
				"rightItem": {
					"rotation": {
						"0.0": [0, 0, 0],
						"0.16": [0, -2.5, 25],
						"0.36": [0, 0, 0]
					}
				}
			}
		},
		"animation.halberd.attack_stance0_0": {
			"loop": "hold_on_last_frame",
			"animation_length": 0.52,
			"override_previous_animation": true,
			"bones": {
				"root": {
					"rotation": {
						"0.0": [0, 15, 0],
						"0.12": [0, -10, 0],
						"0.24": [0, 30, 0]
					}
				},
				"waist": {
					"rotation": {
						"0.0": [0, 50, 0],
						"0.12": [0, 2.5, 0],
						"0.24": [35.64393, 27.60233, 28.95804]
					}
				},
				"leftArm": {
					"rotation": {
						"0.0": [-84.70638, -12.19908, -2.74715],
						"0.12": [-83.23437, 40.05291, 2.74002],
						"0.24": [-34.70638, -12.19908, -2.74715]
					},
					"position": [0, -1, -2]
				},
				"lowerlarm": {
					"rotation": {
						"0.0": [-22.5, 0, 0],
						"0.12": [-62.5, 0, 0],
						"0.24": [-12.5, 0, 0]
					}
				},
				"rightArm": {
					"rotation": {
						"0.0": [15.47763, -50.45399, 27.29992],
						"0.12": [-3.24239, -32.63288, 5.91537],
						"0.24": [15.07655, -59.26405, 29.78417]
					}
				},
				"lowerrarm": {
					"rotation": {
						"0.0": [-52.5, 0, 0],
						"0.24": [-32.5, 0, 0]
					}
				},
				"rightItem": {
					"rotation": [-10.03742, -4.92385, 0.87038]
				}
			}
		},
		"animation.halberd.ability_head_splitter": {
			"override_previous_animation": true,
			"animation_length": 0.52,
			"bones": {
				"root": {
					"rotation": {
						"0.0": [0, 15, 0],
						"0.08": [0, -10, 0],
						"0.2": [0, -10, 0],
						"0.28": [0, 20, 0]
					}
				},
				"waist": {
					"rotation": {
						"0.0": [0, -65, 0],
						"0.08": [-36.25873, -58.39167, 40.73592],
						"0.2": [-36.25873, -58.39167, 40.73592],
						"0.28": [43.65052, 15.04529, 23.35626]
					}
				},
				"leftArm": {
					"rotation": {
						"0.0": [-51.27395, -43.58888, 1.5529],
						"0.08": [-51.27395, -43.58888, 1.5529],
						"0.2": [-51.27395, -43.58888, 1.5529],
						"0.28": [-69.66112, 15.23053, 37.68116]
					},
					"position": {
						"0.0": [0, -1, -2],
						"0.08": [0, -1, -2],
						"0.2": [0, -1, -2]
					}
				},
				"lowerlarm": {
					"rotation": {
						"0.0": [-110, 0, 0],
						"0.08": [-110, 0, 0],
						"0.2": [-110, 0, 0],
						"0.28": [-30, 0, 0]
					}
				},
				"rightArm": {
					"rotation": {
						"0.0": [-51.09346, -17.89467, -4.64586],
						"0.08": [-51.09346, -17.89467, -4.64586],
						"0.2": [-51.09346, -17.89467, -4.64586],
						"0.28": [-17.52123, -42.01977, 3.03766]
					}
				},
				"lowerrarm": {
					"rotation": {
						"0.0": [-67.5, 0, 0],
						"0.08": [-67.5, 0, 0],
						"0.2": [-67.5, 0, 0],
						"0.28": [-22.5, 0, 0]
					}
				},
				"rightItem": {
					"rotation": {
						"0.0": [-85.71208, -39.94632, 92.49803],
						"0.08": [-85.71208, -39.94632, 92.49803],
						"0.2": [-85.71208, -39.94632, 92.49803],
						"0.28": [0, 0, 0]
					},
					"position": {
						"0.0": [-7, 0, 0],
						"0.08": [-7, 0, 0],
						"0.2": [-7, 0, 0],
						"0.28": [-1, 0, 0]
					}
				}
			}
		},
		"animation.halberd.ability_ground_lance": {
			"override_previous_animation": true,
			"animation_length": 0.52,
			"bones": {
				"root": {
					"rotation": {
						"0.0": [0, 15, 0],
						"0.08": [0, -10, 0],
						"0.2": [0, -10, 0],
						"0.28": [17.5, 20, 0]
					}
				},
				"waist": {
					"rotation": {
						"0.0": [0, -65, 0],
						"0.08": [-36.25873, -58.39167, 40.73592],
						"0.2": [-36.25873, -58.39167, 40.73592],
						"0.28": [43.65052, 15.04529, 23.35626]
					}
				},
				"leftArm": {
					"rotation": {
						"0.0": [-51.27395, -43.58888, 1.5529],
						"0.08": [-51.27395, -43.58888, 1.5529],
						"0.2": [-51.27395, -43.58888, 1.5529],
						"0.28": [-52.16112, 15.23053, 37.68116]
					},
					"position": {
						"0.0": [0, -1, -2],
						"0.08": [0, -1, -2],
						"0.2": [0, -1, -2]
					}
				},
				"lowerlarm": {
					"rotation": {
						"0.0": [-110, 0, 0],
						"0.08": [-110, 0, 0],
						"0.2": [-110, 0, 0],
						"0.28": [-30, 0, 0]
					}
				},
				"rightArm": {
					"rotation": {
						"0.0": [-51.09346, -17.89467, -4.64586],
						"0.08": [-51.09346, -17.89467, -4.64586],
						"0.2": [-51.09346, -17.89467, -4.64586],
						"0.28": [19.97877, -42.01977, 3.03766]
					}
				},
				"lowerrarm": {
					"rotation": {
						"0.0": [-67.5, 0, 0],
						"0.08": [-67.5, 0, 0],
						"0.2": [-67.5, 0, 0],
						"0.28": [-22.5, 0, 0]
					}
				},
				"rightItem": {
					"rotation": {
						"0.0": [-85.71208, -39.94632, 92.49803],
						"0.08": [-85.71208, -39.94632, 92.49803],
						"0.2": [-85.71208, -39.94632, 92.49803],
						"0.28": [-20, 0, 0]
					},
					"position": {
						"0.0": [-7, 0, 0],
						"0.08": [-7, 0, 0],
						"0.2": [-7, 0, 0],
						"0.28": [-1, 0, 0]
					}
				}
			}
		},
		"animation.halberd.ability_slash": {
			"override_previous_animation": true,
			"loop": "hold_on_last_frame",
			"animation_length": 0.88,
			"bones": {
				"root": {
					"rotation": {
						"0.0": [0, 15, 0],
						"0.4": [0, 15, 0],
						"0.48": [0, 70, 0]
					}
				},
				"waist": {
					"rotation": {
						"0.0": [0, 50, 0],
						"0.2": [-5.3148, -37.4798, 0.54845],
						"0.4": [-5.3148, -37.4798, 0.54845],
						"0.48": [22.94193, 22.33706, -4.42681]
					}
				},
				"leftArm": {
					"rotation": {
						"0.0": [-64.70638, -12.19908, -2.74715],
						"0.2": [-67.5, 0, 0],
						"0.4": [-67.5, 0, 0],
						"0.48": [-96.29298, 37.33289, -3.82607]
					}
				},
				"lowerlarm": {
					"rotation": {
						"0.0": [-22.5, 0, 0],
						"0.2": [-80, 0, 0],
						"0.4": [-80, 0, 0],
						"0.48": [-5, 0, 0]
					}
				},
				"rightArm": {
					"rotation": {
						"0.0": [15.47763, -50.45399, 27.29992],
						"0.2": [-55, 0, 80],
						"0.4": [-55, 0, 80],
						"0.48": [-17.5, 0, 80]
					}
				},
				"lowerrarm": {
					"rotation": {
						"0.0": [-52.5, 0, 0],
						"0.2": [-47.5, 0, 0],
						"0.4": [-47.5, 0, 0],
						"0.48": [-52.5, 0, 0]
					}
				}
			}
		},
		"animation.halberd.stance_4": {
			"loop": true,
			"override_previous_animation": true,
			"bones": {
				"waist": {
					"rotation": [0, -65, 0]
				},
				"leftArm": {
					"rotation": [-51.27395, -43.58888, 1.5529],
					"position": [0, -1, -2]
				},
				"lowerlarm": {
					"rotation": [-110, 0, 0]
				},
				"rightArm": {
					"rotation": [-51.09346, -17.89467, -4.64586]
				},
				"lowerrarm": {
					"rotation": [-67.5, 0, 0]
				},
				"rightItem": {
					"rotation": [-85.71208, -39.94632, 92.49803],
					"position": [-7, 0, 0]
				}
			}
		},
		"animation.halberd.attack_stance4_0": {
			"loop": "hold_on_last_frame",
			"animation_length": 0.52,
			"override_previous_animation": true,
			"bones": {
				"waist": {
					"rotation": {
						"0.0": [0, -65, 0],
						"0.08": [0, -65, 0],
						"0.24": [0, -65, 0],
						"0.32": [0, -50, 0]
					}
				},
				"leftArm": {
					"rotation": {
						"0.0": [-51.27395, -43.58888, 1.5529],
						"0.08": [-71.41674, -53.4056, 28.14169],
						"0.24": [-71.41674, -53.4056, 28.14169],
						"0.32": [-62.02225, 0.54522, -3.4758]
					},
					"position": {
						"0.0": [0, -1, -2],
						"0.08": [0, -1, -2],
						"0.24": [0, -1, -2]
					}
				},
				"lowerlarm": {
					"rotation": {
						"0.0": [-110, 0, 0],
						"0.08": [-110, 0, 0],
						"0.24": [-110, 0, 0]
					}
				},
				"rightArm": {
					"rotation": {
						"0.0": [-51.09346, -17.89467, -4.64586],
						"0.08": [-65.4042, -35.46985, 26.24369],
						"0.24": [-65.4042, -35.46985, 26.24369],
						"0.32": [-47.65634, 3.89628, -22.33884]
					}
				},
				"lowerrarm": {
					"rotation": {
						"0.0": [-67.5, 0, 0],
						"0.08": [-67.5, 0, 0],
						"0.24": [-67.5, 0, 0],
						"0.32": [-67.4807, -2.30959, -0.95723]
					}
				},
				"rightItem": {
					"rotation": {
						"0.0": [-85.71208, -39.94632, 92.49803],
						"0.08": [-79.20351, -44.97282, 104.71561],
						"0.24": [-79.20351, -44.97282, 104.71561],
						"0.32": [-87.57842, -29.73538, 67.75778]
					},
					"position": {
						"0.0": [-7, 0, 0],
						"0.08": [-4, 0, 0],
						"0.24": [-4, 0, 0],
						"0.32": [-8, -6, -1]
					}
				},
				"root": {
					"position": {
						"0.0": [0, 0, 0],
						"0.08": [0, 0, 2.75],
						"0.24": [0, 0, 2.58],
						"0.32": [0, 0, -5]
					}
				}
			}
		},
		"animation.halberd.attack_stance4_1": {
			"loop": "hold_on_last_frame",
			"animation_length": 0.52,
			"override_previous_animation": true,
			"bones": {
				"waist": {
					"rotation": {
						"0.0": [0, -65, 0],
						"0.08": [-32.81658, -59.80983, 36.72517],
						"0.2": [-32.81658, -59.80983, 36.72517],
						"0.28": [30.00784, 70.60342, 2.58856]
					}
				},
				"leftArm": {
					"rotation": {
						"0.0": [-51.27395, -43.58888, 1.5529],
						"0.08": [-82.89295, -59.53997, 62.77093],
						"0.2": [-140.24459, -69.01626, 81.93264],
						"0.28": [-85.95717, -27.17467, 67.05635]
					},
					"position": {
						"0.0": [0, -1, -2],
						"0.2": [0, 0, 0]
					}
				},
				"lowerlarm": {
					"rotation": {
						"0.0": [-110, 0, 0],
						"0.08": [-88.64286, 0, 0],
						"0.2": [-12.85714, 0, 0],
						"0.28": [5, 0, 0]
					}
				},
				"rightArm": {
					"rotation": {
						"0.0": [-51.09346, -17.89467, -4.64586],
						"0.08": [-51.09346, -17.89467, -4.64586],
						"0.2": [-51.09346, -17.89467, -4.64586],
						"0.28": [-43.44318, -50.43617, 63.95823]
					}
				},
				"lowerrarm": {
					"rotation": {
						"0.0": [-67.5, 0, 0],
						"0.28": [-15, 0, 0]
					}
				},
				"rightItem": {
					"rotation": {
						"0.0": [-85.71208, -39.94632, 92.49803],
						"0.08": [-95.71208, -39.94632, 92.49803],
						"0.2": [-95.71208, -39.94632, 92.49803],
						"0.28": [-7.5, 0, 0]
					},
					"position": {
						"0.0": [-7, 0, 0],
						"0.28": [0, 0, 0]
					}
				}
			}
		},
		"animation.halberd.inbetween_stance4_1": {
			"loop": "hold_on_last_frame",
			"override_previous_animation": true,
			"bones": {
				"waist": {
					"rotation": [30.00784, 70.60342, 2.58856]
				},
				"leftArm": {
					"rotation": [-85.95717, -27.17467, 67.05635],
					"position": [0, 0, 0]
				},
				"lowerlarm": {
					"rotation": [5, 0, 0]
				},
				"rightArm": {
					"rotation": [-43.44318, -50.43617, 63.95823]
				},
				"lowerrarm": {
					"rotation": [-15, 0, 0]
				},
				"rightItem": {
					"rotation": [-7.5, 0, 0],
					"position": [0, 0, 0]
				}
			}
		},
		"animation.halberd.attack_stance4_2": {
			"loop": "hold_on_last_frame",
			"animation_length": 0.52,
			"override_previous_animation": true,
			"bones": {
				"waist": {
					"rotation": {
						"0.0": [30.00784, 70.60342, 2.58856],
						"0.16": [30.00784, 70.60342, 2.58856],
						"0.24": [54.59232, 60.24028, 29.43084]
					}
				},
				"leftArm": {
					"rotation": {
						"0.0": [-85.95717, -27.17467, 67.05635],
						"0.16": [-58.45717, -27.17467, 67.05635],
						"0.24": [-113.45717, -27.17467, 67.05635]
					},
					"position": {
						"0.0": [0, -1, -2],
						"0.16": [0, 0, 1]
					}
				},
				"lowerlarm": {
					"rotation": {
						"0.0": [5, 0, 0],
						"0.16": [4.62111, -1.91134, 22.42287]
					}
				},
				"rightArm": {
					"rotation": {
						"0.0": [-43.44318, -50.43617, 63.95823],
						"0.16": [-5.94318, -50.43617, 63.95823],
						"0.24": [-63.44318, -50.43617, 63.95823]
					}
				},
				"lowerrarm": {
					"rotation": {
						"0.0": [-15, 0, 0],
						"0.16": [-52.5, 0, 0],
						"0.24": [-7.5, 0, 0]
					}
				},
				"rightItem": {
					"rotation": [-7.5, 0, 0],
					"position": [0, 0, 0]
				},
				"root": {
					"position": {
						"0.0": [0, 0, 0],
						"0.16": [0, 0, 10],
						"0.24": [0, 0, -6]
					}
				}
			}
		},
		"animation.halberd.inbetween_stance4_2": {
			"loop": "hold_on_last_frame",
			"animation_length": 0.52,
			"override_previous_animation": true,
			"bones": {
				"waist": {
					"rotation": [54.59232, 60.24028, 29.43084]
				},
				"leftArm": {
					"rotation": [-113.45717, -27.17467, 67.05635],
					"position": [0, 0, 1]
				},
				"lowerlarm": {
					"rotation": [5, 0, 0]
				},
				"rightArm": {
					"rotation": [-63.44318, -50.43617, 63.95823]
				},
				"lowerrarm": {
					"rotation": [-7.5, 0, 0]
				},
				"rightItem": {
					"rotation": [-7.5, 0, 0],
					"position": [0, 0, 0]
				},
				"root": {
					"position": [0, 0, 0]
				}
			}
		},
		"animation.halberd.attack_stance4_3": {
			"loop": "hold_on_last_frame",
			"animation_length": 0.52,
			"override_previous_animation": true,
			"bones": {
				"waist": {
					"rotation": {
						"0.0": [54.59232, 60.24028, 29.43084],
						"0.12": [0, -85, 0],
						"0.24": [0, -85, 0],
						"0.32": [30.00784, 70.60342, 2.58856]
					}
				},
				"leftArm": {
					"rotation": {
						"0.0": [-113.45717, -27.17467, 67.05635],
						"0.12": [-147.29722, 63.00719, 69.88194],
						"0.24": [-147.29722, 63.00719, 69.88194],
						"0.32": [-85.95717, -27.17467, 67.05635]
					},
					"position": {
						"0.0": [0, -1, -2],
						"0.12": [0, 0, 0],
						"0.24": [0, 0, 0]
					}
				},
				"lowerlarm": {
					"rotation": {
						"0.0": [5, 0, 0],
						"0.12": [22.5, 0, 0],
						"0.24": [22.5, 0, 0],
						"0.32": [5, 0, 0]
					}
				},
				"rightArm": {
					"rotation": {
						"0.0": [-63.44318, -50.43617, 63.95823],
						"0.12": [-33.35047, 45.00694, 85.17375],
						"0.24": [-33.35047, 45.00694, 85.17375],
						"0.32": [-43.44318, -50.43617, 63.95823]
					}
				},
				"lowerrarm": {
					"rotation": {
						"0.0": [-7.5, 0, 0],
						"0.12": [-47.5, 0, 0],
						"0.24": [-47.5, 0, 0],
						"0.32": [-15, 0, 0]
					}
				},
				"rightItem": {
					"rotation": {
						"0.0": [-7.5, 0, 0],
						"0.32": [-7.5, 0, 0]
					},
					"position": {
						"0.0": [0, 0, 0],
						"0.32": [0, 0, 0]
					}
				},
				"root": {
					"position": [0, 0, 1]
				}
			}
		},
		"animation.halberd.unsheathe": {
			"loop": "hold_on_last_frame",
			"animation_length": 1.12,
			"override_previous_animation": true,
			"bones": {
				"waist": {
					"rotation": {
						"0.52": [0, 0, 0],
						"0.72": [0, 50, 0]
					}
				},
				"leftArm": {
					"rotation": {
						"0.52": [0, 0, 0],
						"0.72": [-84.70638, -12.19908, -2.74715]
					},
					"position": [0, 0, 0]
				},
				"lowerlarm": {
					"rotation": {
						"0.52": [0, 0, 0],
						"0.72": [-22.5, 0, 0]
					}
				},
				"rightArm": {
					"rotation": {
						"0.0": [0, 0, 0],
						"0.24": [-137.81374, 17.38772, -18.2489],
						"0.52": [4.26482, 17.09854, 5.32286],
						"0.72": [-2.02237, -50.45399, 27.29992]
					}
				},
				"lowerrarm": {
					"rotation": {
						"0.0": [0, 0, 0],
						"0.24": [-97.5, 0, 0],
						"0.52": [-20, 0, 0],
						"0.72": [-52.5, 0, 0]
					}
				},
				"rightItem": {
					"rotation": {
						"0.28": [0, 0, 90],
						"0.52": [0, 0, 0]
					},
					"position": {
						"0.28": [1, 0, 0],
						"0.52": [0, 0, 0]
					},
					"scale": {
						"0.0": [0, 0, 0],
						"0.24": [0, 0, 0],
						"0.28": [1, 1, 1]
					}
				},
				"root": {
					"rotation": {
						"0.52": [0, 0, 0],
						"0.72": [0, 15, 0]
					},
					"position": [0, -1, 0]
				},
				"halberd_back": {
					"scale": {
						"0.0": [1, 1, 1],
						"0.24": [1, 1, 1],
						"0.28": [0, 0, 0]
					}
				}
			}
		},
		"animation.halberd.attack_test_0": {
			"loop": "hold_on_last_frame",
			"animation_length": 1,
			"override_previous_animation": true,
			"bones": {
				"root": {
					"rotation": {
						"0.0": [0, 15, 0],
						"0.2": [0, -22.5, 0],
						"0.52": [0, -45, 0],
						"0.72": [0, -45, 0],
						"0.8": [4.60489, 67.40709, 6.02117],
						"1.0": [1.77416, 4.97035, 1.92209]
					}
				},
				"waist": {
					"rotation": {
						"0.0": [0, 50, 0],
						"0.2": [12.5, -57.5, 0],
						"0.52": [-13.91293, -81.89698, 0.8605],
						"0.72": [-13.91293, -81.89698, 0.8605],
						"0.8": [-2.2508, 30.34903, -14.05653],
						"1.0": [-3.64819, 57.81595, -16.00764]
					}
				},
				"leftArm": {
					"rotation": {
						"0.0": [-84.70638, -12.19908, -2.74715],
						"0.2": [-104.70638, -12.19908, -2.74715],
						"0.52": [-74.36709, -0.09617, -5.89695],
						"0.72": [-59.36709, -0.09617, -5.89695],
						"0.8": [-51.81595, 11.85987, 37.61474],
						"1.0": [-102.6794, 24.07789, 34.8323]
					},
					"position": [0, -1, -2]
				},
				"lowerlarm": {
					"rotation": {
						"0.0": [-22.5, 0, 0],
						"0.2": [-15, 0, 0]
					}
				},
				"rightArm": {
					"rotation": {
						"0.0": [15.47763, -50.45399, 27.29992],
						"0.2": [-21.51002, -8.21089, 66.22873],
						"0.8": [-10.95719, -15.06313, 107.24625],
						"1.0": [-51.73636, -14.52677, 53.79234]
					}
				},
				"lowerrarm": {
					"rotation": {
						"0.0": [-52.5, 0, 0],
						"0.2": [-52.5, 0, 0],
						"0.8": [-52.5, 0, 0],
						"1.0": [-22.5, 0, 0]
					}
				},
				"rightItem": {
					"rotation": {
						"0.0": [-10.03742, -4.92385, 0.87038],
						"0.2": [0, 0, 0]
					},
					"position": {
						"0.0": [0, 0, 0],
						"0.2": [1, 0, 0]
					}
				}
			}
		},
		"animation.halberd.attack_test_0_faster": {
			"loop": "hold_on_last_frame",
			"animation_length": 1,
			"override_previous_animation": true,
			"bones": {
				"root": {
					"rotation": {
						"0.0": [0, 15, 0],
						"0.12": [0, -22.5, 0],
						"0.28": [0, -45, 0],
						"0.48": [0, -45, 0],
						"0.56": [4.60489, 67.40709, 6.02117],
						"0.76": [1.77416, 4.97035, 1.92209]
					}
				},
				"waist": {
					"rotation": {
						"0.0": [0, 50, 0],
						"0.12": [12.5, -57.5, 0],
						"0.28": [-13.91293, -81.89698, 0.8605],
						"0.48": [-13.91293, -81.89698, 0.8605],
						"0.56": [-2.2508, 30.34903, -14.05653],
						"0.76": [-3.64819, 57.81595, -16.00764]
					}
				},
				"leftArm": {
					"rotation": {
						"0.0": [-84.70638, -12.19908, -2.74715],
						"0.12": [-104.70638, -12.19908, -2.74715],
						"0.28": [-74.36709, -0.09617, -5.89695],
						"0.48": [-59.36709, -0.09617, -5.89695],
						"0.56": [-51.81595, 11.85987, 37.61474],
						"0.76": [-102.6794, 24.07789, 34.8323]
					},
					"position": [0, -1, -2]
				},
				"lowerlarm": {
					"rotation": {
						"0.0": [-22.5, 0, 0],
						"0.12": [-15, 0, 0]
					}
				},
				"rightArm": {
					"rotation": {
						"0.0": [15.47763, -50.45399, 27.29992],
						"0.12": [-21.51002, -8.21089, 66.22873],
						"0.56": [-10.95719, -15.06313, 107.24625],
						"0.76": [-51.73636, -14.52677, 53.79234]
					}
				},
				"lowerrarm": {
					"rotation": {
						"0.0": [-52.5, 0, 0],
						"0.12": [-52.5, 0, 0],
						"0.56": [-52.5, 0, 0],
						"0.76": [-22.5, 0, 0]
					}
				},
				"rightItem": {
					"rotation": {
						"0.0": [-10.03742, -4.92385, 0.87038],
						"0.12": [0, 0, 0]
					},
					"position": {
						"0.0": [0, 0, 0],
						"0.12": [1, 0, 0]
					}
				}
			}
		},
		"animation.halberd.attack_test_1": {
			"loop": "hold_on_last_frame",
			"animation_length": 1.04,
			"override_previous_animation": true,
			"bones": {
				"root": {
					"rotation": {
						"0.0": [0, 15, 0],
						"0.2": [0, -22.5, 0],
						"0.52": [0, -22.5, 0],
						"0.64": [0, 42.5, 0]
					}
				},
				"waist": {
					"rotation": {
						"0.0": [0, 50, 0],
						"0.2": [12.5, -57.5, 0],
						"0.52": [-3.48297, -58.29579, 18.81962],
						"0.64": [27.16971, 29.42143, 13.38709],
						"1.0": [20.50736, 29.69636, 9.81889]
					}
				},
				"leftArm": {
					"rotation": {
						"0.0": [-84.70638, -12.19908, -2.74715],
						"0.2": [-149.70638, -12.19908, -2.74715],
						"0.52": [-166.48227, -27.12228, 31.06313],
						"0.64": [-73.18083, -44.02846, 25.45294],
						"1.0": [-43.18083, -44.02846, 25.45294]
					},
					"position": {
						"0.0": [0, -1, -2],
						"0.64": [0, 0, -2]
					}
				},
				"lowerlarm": {
					"rotation": {
						"0.0": [-22.5, 0, 0],
						"0.2": [-15, 0, 0]
					}
				},
				"rightArm": {
					"rotation": {
						"0.0": [15.47763, -50.45399, 27.29992],
						"0.2": [-28.07325, 60.64611, 99.58695],
						"0.52": [-55.96579, 67.37226, 82.51586],
						"0.64": [2.50898, -63.87948, 36.52832],
						"1.0": [12.50898, -63.87948, 36.52832]
					}
				},
				"lowerrarm": {
					"rotation": {
						"0.0": [-52.5, 0, 0],
						"0.2": [-45, 0, 0]
					}
				},
				"rightItem": {
					"rotation": {
						"0.0": [-10.03742, -4.92385, 0.87038],
						"0.2": [0, 0, 0]
					},
					"position": {
						"0.0": [0, 0, 0],
						"0.2": [1, 0, 0]
					}
				}
			}
		},
		"animation.halberd.attack_test_1_faster": {
			"loop": "hold_on_last_frame",
			"animation_length": 0.68,
			"override_previous_animation": true,
			"bones": {
				"root": {
					"rotation": {
						"0.0": [0, 15, 0],
						"0.12": [0, -22.5, 0],
						"0.32": [0, -22.5, 0],
						"0.44": [0, 42.5, 0]
					}
				},
				"waist": {
					"rotation": {
						"0.0": [0, 50, 0],
						"0.12": [12.5, -57.5, 0],
						"0.32": [-3.48297, -58.29579, 18.81962],
						"0.44": [27.16971, 29.42143, 13.38709],
						"0.68": [20.50736, 29.69636, 9.81889]
					}
				},
				"leftArm": {
					"rotation": {
						"0.0": [-84.70638, -12.19908, -2.74715],
						"0.12": [-149.70638, -12.19908, -2.74715],
						"0.32": [-166.48227, -27.12228, 31.06313],
						"0.44": [-73.18083, -44.02846, 25.45294],
						"0.68": [-43.18083, -44.02846, 25.45294]
					},
					"position": {
						"0.0": [0, -1, -2],
						"0.44": [0, 0, -2]
					}
				},
				"lowerlarm": {
					"rotation": {
						"0.0": [-22.5, 0, 0],
						"0.12": [-15, 0, 0]
					}
				},
				"rightArm": {
					"rotation": {
						"0.0": [15.47763, -50.45399, 27.29992],
						"0.12": [-28.07325, 60.64611, 99.58695],
						"0.32": [-55.96579, 67.37226, 82.51586],
						"0.44": [2.50898, -63.87948, 36.52832],
						"0.68": [12.50898, -63.87948, 36.52832]
					}
				},
				"lowerrarm": {
					"rotation": {
						"0.0": [-52.5, 0, 0],
						"0.12": [-45, 0, 0]
					}
				},
				"rightItem": {
					"rotation": {
						"0.0": [-10.03742, -4.92385, 0.87038],
						"0.12": [0, 0, 0]
					},
					"position": {
						"0.0": [0, 0, 0],
						"0.12": [1, 0, 0]
					}
				}
			}
		},
		"animation.halberd.no_back": {
			"loop": true,
			"override_previous_animation": true,
			"bones": {
				"halberd_back": {
					"scale": 0
				}
			}
		},
		"animation.halberd.block": {
			"loop": true,
			"override_previous_animation": true,
			"bones": {
				"waist": {
					"rotation": [5.08814, 1.91962, 0.48086]
				},
				"leftArm": {
					"rotation": [-102.5, 0, 0]
				},
				"lowerlarm": {
					"rotation": [-15, 0, 0]
				},
				"rightArm": {
					"rotation": [-56.85007, 17.75321, 92.20338]
				},
				"lowerrarm": {
					"rotation": [-32.5, 0, 0]
				},
				"rightItem": {
					"position": [0, 0, -2]
				}
			}
		},
		"animation.halberd.sneak": {
			"loop": true,
			"override_previous_animation": true,
			"bones": {
				"waist": {
					"rotation": [24.11802, 17.3282, 2.11489]
				},
				"leftArm": {
					"rotation": [-94.0162, -35.33335, 60.86958]
				},
				"lowerlarm": {
					"rotation": [-100, 0, 0]
				},
				"rightArm": {
					"rotation": [-92.50746, 2.15199, 89.4644],
					"position": [0, 0, 0]
				},
				"lowerrarm": {
					"rotation": [-22.5, 0, 0]
				},
				"root": {
					"rotation": [0, -22.5, 0],
					"position": [0, -3, 0]
				},
				"trail": {
					"scale": 0
				},
				"leftleg": {
					"rotation": [0.41455, 5.9882, -10.52684]
				},
				"lowerlleg": {
					"rotation": [65, 0, 0]
				},
				"rightleg": {
					"rotation": [-64.08775, 14.11685, 1.29795]
				},
				"lowerrleg": {
					"rotation": [57.5, 0, 0]
				}
			}
		},
		"animation.halberd.sneak_move": {
			"loop": true,
			"animation_length": 1.04,
			"override_previous_animation": true,
			"bones": {
				"waist": {
					"rotation": {
						"0.0": [23.20594, -0.69565, -0.34976],
						"0.52": [18.20594, -0.69565, -0.34976],
						"1.04": [23.20594, -0.69565, -0.34976]
					}
				},
				"leftArm": {
					"rotation": {
						"0.0": [-94.0162, -35.33335, 60.86958],
						"1.04": [-94.0162, -35.33335, 60.86958]
					}
				},
				"lowerlarm": {
					"rotation": {
						"0.0": [-100, 0, 0],
						"1.04": [-100, 0, 0]
					}
				},
				"rightArm": {
					"rotation": {
						"0.0": [-92.50746, 2.15199, 89.4644],
						"0.52": [-87.51662, -5.34083, 89.79302],
						"1.04": [-92.50746, 2.15199, 89.4644]
					},
					"position": {
						"0.0": [0, 0, 0],
						"1.04": [0, 0, 0]
					}
				},
				"lowerrarm": {
					"rotation": {
						"0.0": [-22.5, 0, 0],
						"0.52": [-27.5, 0, 0],
						"1.04": [-22.5, 0, 0]
					}
				},
				"root": {
					"rotation": [0, 0, 0],
					"position": {
						"0.0": [0, -3, 0],
						"0.28": [0, -1, 0],
						"0.52": [0, -2, 0],
						"0.8": [0, -1, 0],
						"1.04": [0, -3, 0]
					}
				},
				"trail": {
					"scale": 0
				},
				"leftleg": {
					"rotation": {
						"0.0": [5, 0, 0],
						"0.28": [-70.77, 0, 0],
						"0.52": [-47.5, 0, 0],
						"1.04": [5, 0, 0]
					}
				},
				"lowerlleg": {
					"rotation": {
						"0.0": [70, 0, 0],
						"0.52": [47.5, 0, 0],
						"1.04": [70, 0, 0]
					}
				},
				"rightleg": {
					"rotation": {
						"0.0": [-47.5, 0, 0],
						"0.52": [-2.5, 0, 0],
						"0.8": [-56.73, 0, 0],
						"1.04": [-47.5, 0, 0]
					}
				},
				"lowerrleg": {
					"rotation": {
						"0.0": [47.5, 0, 0],
						"0.52": [60, 0, 0],
						"1.04": [47.5, 0, 0]
					}
				}
			}
		},
		"animation.halberd.move": {
			"loop": true,
			"animation_length": 1.04,
			"override_previous_animation": true,
			"bones": {
				"root": {
					"rotation": {
						"0.0": [-2.5, 0, 0],
						"0.28": [0, 0, 0],
						"0.52": [-2.5, 0, 0],
						"0.8": [2.5, 0, 0],
						"1.04": [-2.5, 0, 0]
					},
					"position": {
						"0.0": [0, -1, 0],
						"0.28": [0, 0, 0],
						"0.52": [0, -1, 0],
						"0.8": [0, 0, 0],
						"1.04": [0, -1, 0]
					}
				},
				"waist": {
					"rotation": {
						"0.0": [0, 50, 0],
						"0.52": [0, 50, 0],
						"1.04": [0, 50, 0]
					}
				},
				"leftArm": {
					"rotation": {
						"0.0": [-84.70638, -12.19908, -2.74715],
						"0.52": [-84.70638, -12.19908, -2.74715],
						"1.04": [-84.70638, -12.19908, -2.74715]
					}
				},
				"lowerlarm": {
					"rotation": {
						"0.0": [-47.05, 0, 0],
						"0.52": [-67.05, 0, 0],
						"1.04": [-47.05, 0, 0]
					}
				},
				"rightArm": {
					"rotation": {
						"0.0": [-25.08354, -55.21044, 43.02324],
						"0.52": [-39.32817, -39.12343, 55.00528],
						"1.04": [-25.08354, -55.21044, 43.02324]
					}
				},
				"lowerrarm": {
					"rotation": {
						"0.0": [-52.5, 0, 0],
						"0.52": [-52.5, 0, 0],
						"1.04": [-52.5, 0, 0]
					}
				},
				"rightleg": {
					"rotation": {
						"0.0": [35, 0, 0],
						"0.52": [-32.5, 0, 0],
						"1.04": [35, 0, 0]
					}
				},
				"lowerrleg": {
					"rotation": {
						"0.0": [15, 0, 0],
						"0.28": [58.08, 0, 0],
						"0.52": [30, 0, 0],
						"0.8": [0.96, 0, 0],
						"1.04": [15, 0, 0]
					}
				},
				"leftleg": {
					"rotation": {
						"0.0": [-27.5, 0, 0],
						"0.24": [-10.96, 0, 0],
						"0.52": [30, 0, 0],
						"0.8": [-15.96, 0, 0],
						"1.04": [-27.5, 0, 0]
					}
				},
				"lowerlleg": {
					"rotation": {
						"0.0": [27.5, 0, 0],
						"0.24": [0.96, 0, 0],
						"0.52": [2.5, 0, 0],
						"0.8": [58.08, 0, 0],
						"1.04": [27.5, 0, 0]
					}
				}
			}
		},
		"animation.halberd.sprint": {
			"loop": true,
			"animation_length": 0.64,
			"override_previous_animation": true,
			"bones": {
				"root": {
					"rotation": {
						"0.0": [-2.5, 0, 0],
						"0.16": [0, 0, 0],
						"0.32": [-2.5, 0, 0],
						"0.48": [2.5, 0, 0],
						"0.64": [-2.5, 0, 0]
					},
					"position": {
						"0.0": [0, -1, 0],
						"0.16": [0, 0, 0],
						"0.32": [0, -1, 0],
						"0.48": [0, 0, 0],
						"0.64": [0, -1, 0]
					}
				},
				"waist": {
					"rotation": {
						"0.0": [37.5, -7.5, 0],
						"0.32": [35.83, 5, 0],
						"0.64": [37.5, -7.5, 0]
					}
				},
				"leftArm": {
					"rotation": {
						"0.0": [-92.68803, -3.1622, 1.80423],
						"0.32": [-80.18803, -3.1622, 1.80423],
						"0.64": [-92.68803, -3.1622, 1.80423]
					}
				},
				"lowerlarm": {
					"rotation": {
						"0.0": [-60, 0, 0],
						"0.32": [-62.5, 0, 0],
						"0.64": [-60, 0, 0]
					}
				},
				"rightArm": {
					"rotation": {
						"0.0": [-46.36843, 18.83776, 78.72759],
						"0.32": [-31.91295, 11.80501, 86.10478],
						"0.64": [-46.36843, 18.83776, 78.72759]
					}
				},
				"lowerrarm": {
					"rotation": {
						"0.0": [-45, 0, 0],
						"0.32": [-50, 0, 0],
						"0.64": [-45, 0, 0]
					}
				},
				"rightleg": {
					"rotation": {
						"0.0": [35, 0, 0],
						"0.32": [-32.5, 0, 0],
						"0.64": [35, 0, 0]
					}
				},
				"lowerrleg": {
					"rotation": {
						"0.0": [15, 0, 0],
						"0.16": [58.08, 0, 0],
						"0.32": [30, 0, 0],
						"0.48": [0.96, 0, 0],
						"0.64": [15, 0, 0]
					}
				},
				"leftleg": {
					"rotation": {
						"0.0": [-27.5, 0, 0],
						"0.16": [-10.96, 0, 0],
						"0.32": [30, 0, 0],
						"0.48": [-15.96, 0, 0],
						"0.64": [-27.5, 0, 0]
					}
				},
				"lowerlleg": {
					"rotation": {
						"0.0": [27.5, 0, 0],
						"0.16": [0.96, 0, 0],
						"0.32": [2.5, 0, 0],
						"0.48": [58.08, 0, 0],
						"0.64": [27.5, 0, 0]
					}
				},
				"rightItem": {
					"rotation": {
						"0.0": [0, 0, 0],
						"0.32": [-5, 0, 0],
						"0.64": [0, 0, 0]
					}
				}
			}
		},
		"animation.weapon.sheath": {
			"animation_length": 0.84,
			"bones": {
				"rightArm": {
					"rotation": {
						"0.0": [14.87739, -1.93597, 7.24721],
						"0.28": [-134.35653, 78.48479, 8.11459],
						"0.84": [14.87739, -1.93597, 7.24721]
					}
				},
				"lowerrarm": {
					"rotation": {
						"0.0": [0, 0, 0],
						"0.28": [-112.5, 0, 0],
						"0.84": [0, 0, 0]
					}
				}
			}
		}
	}
}