{
	"format_version": "1.8.0",
	"animations": {
		"animation.spear.stance_0": {
			"loop": true,
			"override_previous_animation": true,
			"bones": {
				"root": {
					"rotation": [0, 37.5, 0],
					"position": [0, -1, 0]
				},
				"waist": {
					"rotation": [12.5, 27.5, 0]
				},
				"leftArm": {
					"rotation": [-42.5, 0, 0]
				},
				"lowerlarm": {
					"rotation": [-15, 0, 0]
				},
				"rightArm": {
					"rotation": [-15.96311, -60.97335, 43.59641]
				},
				"lowerrarm": {
					"rotation": [-32.5, 0, 0]
				},
				"rightItem": {
					"position": [0, 0, -2]
				},
				"rightleg": {
					"rotation": [0, 0, 0]
				},
				"lowerrleg": {
					"rotation": [25, 0, 0]
				},
				"leftleg": {
					"rotation": [-33.25446, -30.31935, -3.75705]
				},
				"lowerlleg": {
					"rotation": [35, 0, 0]
				}
			}
		},
		"animation.spear.attack_slash": {
			"loop": "hold_on_last_frame",
			"animation_length": 0.12,
			"override_previous_animation": true,
			"bones": {
				"root": {
					"rotation": {
						"0.0": [0, 37.5, 0],
						"0.12": [0.44067, 9.99038, 2.53852]
					}
				},
				"waist": {
					"rotation": {
						"0.0": [12.5, 27.5, 0],
						"0.12": [11.06914, 0.55627, -5.73603]
					}
				},
				"leftArm": {
					"rotation": {
						"0.0": [-42.5, 0, 0],
						"0.12": [-101.00966, 24.59477, -4.62934]
					}
				},
				"lowerlarm": {
					"rotation": {
						"0.0": [-15, 0, 0],
						"0.12": [-47.5, 0, 0]
					}
				},
				"rightArm": {
					"rotation": {
						"0.0": [-15.96311, -60.97335, 43.59641],
						"0.12": [-60.01929, -38.30292, 19.97879]
					}
				},
				"lowerrarm": {
					"rotation": [-32.5, 0, 0]
				},
				"rightItem": {
					"position": [0, 0, -2]
				},
				"rightleg": {
					"rotation": {
						"0.0": [-12.5, 0, 20],
						"0.12": [-21.93845, -3.73171, 2.89033]
					}
				},
				"lowerrleg": {
					"rotation": {
						"0.0": [10, 0, 0],
						"0.12": [22.5, 0, 0]
					}
				},
				"leftleg": {
					"rotation": {
						"0.0": [2.5, 0, -22.5],
						"0.12": [23.97594, -7.30111, -6.5523]
					}
				},
				"lowerlleg": {
					"rotation": [7.5, 0, 0]
				}
			}
		},
		"animation.spear.attack_slash2": {
			"loop": "hold_on_last_frame",
			"animation_length": 0.56,
			"override_previous_animation": true,
			"bones": {
				"root": {
					"rotation": {
						"0.0": [0.44067, 9.99038, 2.53852],
						"0.12": [5, 47.5, 0],
						"0.28": [5, 47.5, 0],
						"0.36": [4.7113, 52.50896, -0.35788]
					},
					"position": {
						"0.0": [0, 0, 0],
						"0.12": [0, 0, 0],
						"0.28": [0, 0, 0],
						"0.36": [0, 0, 3]
					}
				},
				"waist": {
					"rotation": {
						"0.0": [11.06914, 0.55627, -5.73603],
						"0.12": [29.8219, 37.63428, 26.68571],
						"0.28": [29.8219, 37.63428, 26.68571],
						"0.36": [23.02866, 29.80534, 1.10227]
					}
				},
				"leftArm": {
					"rotation": {
						"0.0": [-101.00966, 24.59477, -4.62934],
						"0.12": [-42.25489, 5.05904, 5.54401],
						"0.28": [-42.25489, 5.05904, 5.54401],
						"0.36": [-35.7367, 15.18892, 13.16783]
					}
				},
				"lowerlarm": {
					"rotation": {
						"0.0": [-47.5, 0, 0],
						"0.12": [-15, 0, 0],
						"0.28": [-15, 0, 0],
						"0.36": [-30, 0, 0]
					}
				},
				"rightArm": {
					"rotation": {
						"0.0": [-60.01929, -38.30292, 19.97879],
						"0.12": [-3.46311, -60.97335, 43.59641],
						"0.28": [-3.46311, -60.97335, 43.59641],
						"0.36": [14.03689, -60.97335, 43.59641]
					}
				},
				"lowerrarm": {
					"rotation": {
						"0.12": [-42.5, 0, 0],
						"0.28": [-42.5, 0, 0],
						"0.36": [-57.51808, 1.70025, -1.85881]
					}
				},
				"rightitem": {
					"position": {
						"0.0": [0, 0, -2],
						"0.12": [0, 0, -5],
						"0.28": [0, 0, -5],
						"0.36": [0, 0, 1]
					}
				},
				"rightleg": {
					"rotation": {
						"0.0": [-21.93845, -3.73171, 2.89033],
						"0.12": [9.91615, 1.29876, 12.61267],
						"0.28": [9.91615, 1.29876, 12.61267],
						"0.36": [-12.5, 0, 20]
					}
				},
				"lowerrleg": {
					"rotation": {
						"0.0": [22.5, 0, 0],
						"0.12": [10, 0, 0],
						"0.28": [10, 0, 0],
						"0.36": [10, 0, 0]
					}
				},
				"leftleg": {
					"rotation": {
						"0.0": [23.97594, -7.30111, -6.5523],
						"0.12": [-44.69157, 3.81024, -13.24751],
						"0.28": [-44.69157, 3.81024, -13.24751],
						"0.36": [2.5, 0, -22.5]
					},
					"position": {
						"0.0": [0, 0, 0],
						"0.12": [0, -2, 0],
						"0.28": [0, -2, 0],
						"0.36": [0, 0, 0]
					}
				},
				"lowerlleg": {
					"rotation": {
						"0.12": [35, 0, 0],
						"0.28": [35, 0, 0],
						"0.36": [7.5, 0, 0]
					}
				}
			}
		},
		"animation.spear.attack_0": {
			"loop": "hold_on_last_frame",
			"animation_length": 0.12,
			"override_previous_animation": true,
			"bones": {
				"root": {
					"rotation": {
						"0.0": [0, 37.5, 0],
						"0.12": [4.7113, 52.50896, -0.35788]
					},
					"position": {
						"0.0": [0, 0, 0],
						"0.12": [0, 0, 3]
					}
				},
				"waist": {
					"rotation": {
						"0.0": [12.5, 27.5, 0],
						"0.12": [23.02866, 29.80534, 1.10227]
					}
				},
				"leftArm": {
					"rotation": {
						"0.0": [-42.5, 0, 0],
						"0.12": [-35.7367, 15.18892, 13.16783]
					}
				},
				"lowerlarm": {
					"rotation": {
						"0.0": [-15, 0, 0],
						"0.12": [-30, 0, 0]
					}
				},
				"rightArm": {
					"rotation": {
						"0.0": [-15.96311, -60.97335, 43.59641],
						"0.12": [14.03689, -60.97335, 43.59641]
					}
				},
				"lowerrarm": {
					"rotation": {
						"0.0": [-32.5, 0, 0],
						"0.12": [-57.51808, 1.70025, -1.85881]
					}
				},
				"rightitem": {
					"position": {
						"0.0": [0, 0, -2],
						"0.12": [0, 0, 1]
					}
				},
				"rightleg": {
					"rotation": [-12.5, 0, 20]
				},
				"lowerrleg": {
					"rotation": [10, 0, 0]
				},
				"leftleg": {
					"rotation": [2.5, 0, -22.5]
				},
				"lowerlleg": {
					"rotation": [7.5, 0, 0]
				}
			}
		},
		"animation.spear.attack_multiple": {
			"loop": "hold_on_last_frame",
			"animation_length": 1.2,
			"override_previous_animation": true,
			"bones": {
				"root": {
					"rotation": {
						"0.0": [4.7113, 52.50896, -0.35788],
						"0.24": [4.7113, 52.50896, -0.35788],
						"0.48": [4.7113, 52.50896, -0.35788],
						"0.72": [4.7113, 52.50896, -0.35788],
						"0.96": [4.7113, 52.50896, -0.35788],
						"1.12": [4.7113, 52.50896, -0.35788]
					},
					"position": {
						"0.0": [0, 0, 3],
						"0.12": [0, 0, -2],
						"0.24": [0, 0, 3],
						"0.36": [0, 0, -3],
						"0.48": [0, 0, 3],
						"0.6": [0, 0, -3],
						"0.72": [0, 0, 3],
						"0.84": [0, 0, -3],
						"0.96": [0, 0, 8],
						"1.12": [0, 0, 8],
						"1.2": [0, 0, -8]
					}
				},
				"waist": {
					"rotation": {
						"0.0": [23.02866, 29.80534, 1.10227],
						"0.12": [19.86984, -2.91632, -11.88116],
						"0.24": [23.02866, 29.80534, 1.10227],
						"0.36": [21.25286, 20.53829, -3.05765],
						"0.48": [23.02866, 29.80534, 1.10227],
						"0.6": [19.86984, -2.91632, -11.88116],
						"0.72": [23.02866, 29.80534, 1.10227],
						"0.84": [0.98914, 37.26886, -18.0459],
						"0.96": [23.02866, 29.80534, 1.10227],
						"1.12": [23.02866, 29.80534, 1.10227],
						"1.2": [33.65734, 24.66209, 23.59051]
					}
				},
				"leftArm": {
					"rotation": {
						"0.0": [-35.7367, 15.18892, 13.16783],
						"0.12": [-38.32197, -3.14874, -10.81535],
						"0.24": [-35.7367, 15.18892, 13.16783],
						"0.36": [-38.18733, -4.69679, -12.78307],
						"0.48": [-35.7367, 15.18892, 13.16783],
						"0.6": [-38.18733, -4.69679, -12.78307],
						"0.72": [-35.7367, 15.18892, 13.16783],
						"0.84": [-38.18733, -4.69679, -12.78307],
						"0.96": [-35.7367, 15.18892, 13.16783],
						"1.12": [-35.7367, 15.18892, 13.16783],
						"1.2": [-42.28339, -28.29849, -43.20634]
					}
				},
				"lowerlarm": {
					"rotation": {
						"0.0": [-30, 0, 0],
						"1.2": [-52.5, 0, 0]
					}
				},
				"rightArm": {
					"rotation": {
						"0.0": [14.03689, -60.97335, 43.59641],
						"0.12": [-23.46311, -60.97335, 43.59641],
						"0.24": [14.03689, -60.97335, 43.59641],
						"0.36": [-20.96311, -60.97335, 43.59641],
						"0.48": [14.03689, -60.97335, 43.59641],
						"0.6": [-20.96311, -60.97335, 43.59641],
						"0.72": [14.03689, -60.97335, 43.59641],
						"0.84": [-20.96311, -60.97335, 43.59641],
						"0.96": [14.03689, -60.97335, 43.59641],
						"1.12": [14.03689, -60.97335, 43.59641],
						"1.2": [-73.46311, -60.97335, 43.59641]
					}
				},
				"lowerrarm": {
					"rotation": {
						"0.0": [-57.51808, 1.70025, -1.85881],
						"0.12": [-27.51808, 1.70025, -1.85881],
						"0.24": [-57.51808, 1.70025, -1.85881],
						"0.36": [-35.01808, 1.70025, -1.85881],
						"0.48": [-57.51808, 1.70025, -1.85881],
						"0.6": [-35.01808, 1.70025, -1.85881],
						"0.72": [-57.51808, 1.70025, -1.85881],
						"0.84": [-35.01808, 1.70025, -1.85881],
						"0.96": [-57.51808, 1.70025, -1.85881],
						"1.12": [-57.51808, 1.70025, -1.85881],
						"1.2": [-2.51808, 1.70025, -1.85881]
					}
				},
				"rightItem": {
					"position": {
						"0.0": [0, 0, 1],
						"0.12": [0, 0, -7],
						"0.24": [0, 0, 1],
						"0.36": [0, 0, -8],
						"0.48": [0, 0, 1],
						"0.6": [0, 0, -8],
						"0.72": [0, 0, 1],
						"0.84": [0, 0, -8],
						"0.96": [0, 0, 1],
						"1.12": [0, 0, 1],
						"1.2": [0, 0, -8]
					}
				},
				"rightleg": {
					"rotation": [-12.5, 0, 20]
				},
				"lowerrleg": {
					"rotation": [10, 0, 0]
				},
				"leftleg": {
					"rotation": [2.5, 0, -22.5]
				},
				"lowerlleg": {
					"rotation": [7.5, 0, 0]
				}
			}
		},
		"animation.spear.ability_lunge": {
			"loop": "hold_on_last_frame",
			"animation_length": 0.6,
			"override_previous_animation": true,
			"bones": {
				"root": {
					"rotation": {
						"0.0": [0, 37.5, 0],
						"0.12": [4.7113, 52.50896, -0.35788],
						"0.28": [4.7113, 52.50896, -0.35788],
						"0.56": [0, 37.5, 0]
					},
					"position": {
						"0.0": [0, 0, 0],
						"0.12": [0, 0, 8],
						"0.28": [0, 0, 8],
						"0.36": [0, 0, -8],
						"0.48": [0, 0, -8],
						"0.56": [0, 0, 0]
					}
				},
				"waist": {
					"rotation": {
						"0.0": [12.5, 27.5, 0],
						"0.12": [23.02866, 29.80534, 1.10227],
						"0.28": [23.02866, 29.80534, 1.10227],
						"0.36": [33.65734, 24.66209, 23.59051],
						"0.48": [33.65734, 24.66209, 23.59051],
						"0.56": [12.5, 27.5, 0]
					}
				},
				"leftArm": {
					"rotation": {
						"0.0": [-42.5, 0, 0],
						"0.12": [-35.7367, 15.18892, 13.16783],
						"0.28": [-35.7367, 15.18892, 13.16783],
						"0.36": [-42.28339, -28.29849, -43.20634],
						"0.48": [-42.28339, -28.29849, -43.20634],
						"0.56": [-42.5, 0, 0]
					}
				},
				"lowerlarm": {
					"rotation": {
						"0.0": [-15, 0, 0],
						"0.12": [-30, 0, 0],
						"0.28": [-30, 0, 0],
						"0.36": [-52.5, 0, 0],
						"0.48": [-52.5, 0, 0],
						"0.56": [-15, 0, 0]
					}
				},
				"rightArm": {
					"rotation": {
						"0.0": [-15.96311, -60.97335, 43.59641],
						"0.12": [14.03689, -60.97335, 43.59641],
						"0.28": [14.03689, -60.97335, 43.59641],
						"0.36": [-73.46311, -60.97335, 43.59641],
						"0.48": [-73.46311, -60.97335, 43.59641],
						"0.56": [-15.96311, -60.97335, 43.59641]
					}
				},
				"lowerrarm": {
					"rotation": {
						"0.0": [-32.5, 0, 0],
						"0.12": [-57.51808, 1.70025, -1.85881],
						"0.28": [-57.51808, 1.70025, -1.85881],
						"0.36": [-2.51808, 1.70025, -1.85881],
						"0.48": [-2.51808, 1.70025, -1.85881],
						"0.56": [-32.5, 0, 0]
					}
				},
				"rightitem": {
					"position": {
						"0.0": [0, 0, -2],
						"0.12": [0, 0, 1],
						"0.28": [0, 0, 1],
						"0.36": [0, 0, -8],
						"0.48": [0, 0, -8],
						"0.56": [0, 0, -2]
					}
				},
				"rightleg": {
					"rotation": {
						"0.0": [-12.5, 0, 20],
						"0.28": [-12.5, 0, 20],
						"0.36": [0, 0, 20],
						"0.48": [0, 0, 20],
						"0.56": [-12.5, 0, 20]
					}
				},
				"lowerrleg": {
					"rotation": {
						"0.0": [10, 0, 0],
						"0.28": [10, 0, 0],
						"0.56": [10, 0, 0]
					}
				},
				"leftleg": {
					"rotation": {
						"0.0": [2.5, 0, -22.5],
						"0.28": [2.5, 0, -22.5],
						"0.36": [-25, 0, -22.5],
						"0.48": [-25, 0, -22.5],
						"0.56": [2.5, 0, -22.5]
					}
				},
				"lowerlleg": {
					"rotation": {
						"0.0": [7.5, 0, 0],
						"0.28": [7.5, 0, 0],
						"0.36": [25, 0, 0],
						"0.48": [25, 0, 0],
						"0.56": [7.5, 0, 0]
					}
				}
			}
		},
		"animation.spear.ability_lunge1": {
			"loop": "hold_on_last_frame",
			"animation_length": 0.6,
			"override_previous_animation": true,
			"bones": {
				"root": {
					"rotation": {
						"0.0": [0, 37.5, 0],
						"0.12": [4.7113, 52.50896, -0.35788],
						"0.28": [4.7113, 52.50896, -0.35788],
						"0.56": [0, 37.5, 0]
					},
					"position": {
						"0.0": [0, 0, 0],
						"0.12": [0, 0, 8],
						"0.28": [0, 0, 8],
						"0.36": [0, 0, -8],
						"0.48": [0, 0, -8],
						"0.56": [0, 0, 0]
					}
				},
				"waist": {
					"rotation": {
						"0.0": [12.5, 27.5, 0],
						"0.12": [23.02866, 29.80534, 1.10227],
						"0.28": [23.02866, 29.80534, 1.10227],
						"0.36": [33.65734, 24.66209, 23.59051],
						"0.48": [33.65734, 24.66209, 23.59051],
						"0.56": [12.5, 27.5, 0]
					}
				},
				"leftArm": {
					"rotation": {
						"0.0": [-42.5, 0, 0],
						"0.12": [-85.7367, 15.18892, 13.16783],
						"0.28": [-85.7367, 15.18892, 13.16783],
						"0.36": [-84.78339, -28.29849, -43.20634],
						"0.48": [-84.78339, -28.29849, -43.20634],
						"0.56": [-42.5, 0, 0]
					}
				},
				"lowerlarm": {
					"rotation": {
						"0.0": [-15, 0, 0],
						"0.12": [-30, 0, 0],
						"0.28": [-30, 0, 0],
						"0.36": [-52.5, 0, 0],
						"0.48": [-52.5, 0, 0],
						"0.56": [-15, 0, 0]
					}
				},
				"rightArm": {
					"rotation": {
						"0.0": [-15.96311, -60.97335, 43.59641],
						"0.12": [-18.02884, 16.40614, 103.1104],
						"0.28": [-18.02884, 16.40614, 103.1104],
						"0.36": [-73.78236, 21.42545, 80.53805],
						"0.48": [-73.78236, 21.42545, 80.53805],
						"0.56": [-15.96311, -60.97335, 43.59641]
					}
				},
				"lowerrarm": {
					"rotation": {
						"0.0": [-32.5, 0, 0],
						"0.12": [-57.51808, 1.70025, -1.85881],
						"0.28": [-57.51808, 1.70025, -1.85881],
						"0.36": [-25.01808, 1.70025, -1.85881],
						"0.48": [-25.01808, 1.70025, -1.85881],
						"0.56": [-32.5, 0, 0]
					}
				},
				"rightitem": {
					"position": {
						"0.0": [0, 0, -2],
						"0.12": [0, 0, 1],
						"0.28": [0, 0, 1],
						"0.36": [0, 0, -8],
						"0.48": [0, 0, -8],
						"0.56": [0, 0, -2]
					}
				},
				"rightleg": {
					"rotation": {
						"0.0": [-12.5, 0, 20],
						"0.28": [-12.5, 0, 20],
						"0.36": [0, 0, 20],
						"0.48": [0, 0, 20],
						"0.56": [-12.5, 0, 20]
					}
				},
				"lowerrleg": {
					"rotation": {
						"0.0": [10, 0, 0],
						"0.28": [10, 0, 0],
						"0.56": [10, 0, 0]
					}
				},
				"leftleg": {
					"rotation": {
						"0.0": [2.5, 0, -22.5],
						"0.28": [2.5, 0, -22.5],
						"0.36": [-25, 0, -22.5],
						"0.48": [-25, 0, -22.5],
						"0.56": [2.5, 0, -22.5]
					}
				},
				"lowerlleg": {
					"rotation": {
						"0.0": [7.5, 0, 0],
						"0.28": [7.5, 0, 0],
						"0.36": [25, 0, 0],
						"0.48": [25, 0, 0],
						"0.56": [7.5, 0, 0]
					}
				}
			}
		},
		"animation.spear.attack_1": {
			"loop": "hold_on_last_frame",
			"animation_length": 0.32,
			"override_previous_animation": true,
			"bones": {
				"root": {
					"rotation": {
						"0.0": [4.7113, 52.50896, -0.35788],
						"0.12": [3.50101, 35.05223, -2.08679]
					},
					"position": {
						"0.0": [0, 0, 3],
						"0.12": [0, 0, -1]
					}
				},
				"waist": {
					"rotation": {
						"0.0": [23.02866, 29.80534, 1.10227],
						"0.12": [10.52866, 29.80534, 1.10227]
					}
				},
				"leftArm": {
					"rotation": {
						"0.0": [-35.7367, 15.18892, 13.16783],
						"0.12": [-47.45903, -9.30018, -18.75028]
					}
				},
				"lowerlarm": {
					"rotation": [-30, 0, 0]
				},
				"rightArm": {
					"rotation": {
						"0.0": [14.03689, -60.97335, 43.59641],
						"0.12": [-43.46311, -60.97335, 43.59641]
					}
				},
				"lowerrarm": {
					"rotation": {
						"0.0": [-57.51808, 1.70025, -1.85881],
						"0.12": [-17.51808, 1.70025, -1.85881]
					}
				},
				"rightitem": {
					"position": [0, 0, 1]
				},
				"rightleg": {
					"rotation": [-12.5, 0, 20]
				},
				"lowerrleg": {
					"rotation": [10, 0, 0]
				},
				"leftleg": {
					"rotation": [2.5, 0, -22.5]
				},
				"lowerlleg": {
					"rotation": [7.5, 0, 0]
				}
			}
		},
		"animation.spear.no_stance": {
			"loop": true,
			"bones": {
				"waist": {
					"rotation": [5, 0, 0]
				},
				"leftArm": {
					"rotation": ["7.4929-((math.cos(query.life_time * 100) * 5) + 5)", 0.10868, "-((math.cos(query.life_time * 100) * 2) + 2)"]
				},
				"lowerlarm": {
					"rotation": ["((math.cos(query.life_time * 100) * 5) -5)", 0, 0]
				},
				"rightArm": {
					"rotation": ["17.6207-((math.cos(query.life_time * 100) * 5) + 5)", 12.45167, 1.10693]
				},
				"lowerrarm": {
					"rotation": ["-10+((math.cos(query.life_time * 100) * 5) -5)", 0, 0]
				},
				"rightItem": {
					"rotation": [0, 0, 0]
				},
				"rightleg": {
					"rotation": [-7.43656, 0.9762, 7.43656]
				},
				"lowerrleg": {
					"rotation": [20, 0, 0]
				},
				"leftleg": {
					"rotation": [-8.79911, -20.96226, -4.10196]
				},
				"lowerlleg": {
					"rotation": [12.48848, 0.54094, -2.44081]
				}
			}
		},
		"animation.spear.ability_air": {
			"loop": "hold_on_last_frame",
			"animation_length": 0.56,
			"bones": {
				"waist": {
					"rotation": {
						"0.0": [12.5, 27.5, 0],
						"0.32": [5, 0, 0]
					}
				},
				"leftArm": {
					"rotation": {
						"0.0": [-42.5, 0, 0],
						"0.32": ["-19.0741-((math.cos(query.life_time * 100) * 5) + 5)", 34.77055, "26.3327-((math.cos(query.life_time * 100) * 2) + 2)"]
					},
					"position": {
						"0.0": [0, 0, -1],
						"0.32": [0, -1, -2]
					}
				},
				"lowerlarm": {
					"rotation": {
						"0.0": [-15, 0, 0],
						"0.32": ["-40+((math.cos(query.life_time * 100) * 5) -5)", 0, 0]
					}
				},
				"rightArm": {
					"rotation": {
						"0.0": [-15.96311, -60.97335, 43.59641],
						"0.32": ["-88.3924-((math.cos(query.life_time * 100) * 2) + 2)", -37.18438, 8.57697]
					}
				},
				"lowerrarm": {
					"rotation": {
						"0.0": [-32.5, 0, 0],
						"0.32": ["-27.5+((math.cos(query.life_time * 100) * 5) -5)", 0, 0]
					}
				},
				"rightitem": {
					"rotation": {
						"0.0": [0, 0, 0],
						"0.32": [-200.16001, 8.64648, -141.74083]
					},
					"position": {
						"0.0": [0, 0, -2],
						"0.32": [0, 1, 2]
					}
				},
				"rightleg": {
					"rotation": {
						"0.0": [-12.5, 0, 20],
						"0.32": [-24.93656, 0.9762, 7.43656]
					}
				},
				"lowerrleg": {
					"rotation": {
						"0.0": [10, 0, 0],
						"0.32": [60, 0, 0]
					}
				},
				"leftleg": {
					"rotation": {
						"0.0": [2.5, 0, -22.5],
						"0.32": [-26.29911, -20.96226, -4.10196]
					}
				},
				"lowerlleg": {
					"rotation": {
						"0.0": [7.5, 0, 0],
						"0.32": [39.98848, 0.54094, -2.44081]
					}
				},
				"root": {
					"rotation": {
						"0.0": [0, 37.5, 0],
						"0.32": [0, 0, 0]
					}
				}
			}
		},
		"animation.spear.ability_air1": {
			"loop": "hold_on_last_frame",
			"animation_length": 0.16,
			"bones": {
				"waist": {
					"rotation": [5, 0, 0]
				},
				"leftArm": {
					"rotation": {
						"0.0": ["-19.0741-((math.cos(query.life_time * 100) * 5) + 5)", 34.77055, "26.3327-((math.cos(query.life_time * 100) * 2) + 2)"],
						"0.08": ["-21.5741-((math.cos(query.life_time * 100) * 5) + 5)", 34.77055, "26.3327-((math.cos(query.life_time * 100) * 2) + 2)"]
					},
					"position": [0, -1, -2]
				},
				"lowerlarm": {
					"rotation": {
						"0.0": ["-40+((math.cos(query.life_time * 100) * 5) -5)", 0, 0],
						"0.08": ["-15+((math.cos(query.life_time * 100) * 5) -5)", 0, 0]
					}
				},
				"rightArm": {
					"rotation": {
						"0.0": ["-88.3924-((math.cos(query.life_time * 100) * 2) + 2)", -37.18438, 8.57697],
						"0.08": ["-55.8924-((math.cos(query.life_time * 100) * 2) + 2)", -37.18438, 8.57697]
					}
				},
				"lowerrarm": {
					"rotation": {
						"0.0": ["-27.5+((math.cos(query.life_time * 100) * 5) -5)", 0, 0],
						"0.08": ["-67.5+((math.cos(query.life_time * 100) * 5) -5)", 0, 0]
					}
				},
				"rightitem": {
					"rotation": [-200.16001, 8.64648, -141.74083],
					"position": {
						"0.0": [0, 1, 2],
						"0.08": [0, -1, -4]
					}
				},
				"rightleg": {
					"rotation": {
						"0.0": [-24.93656, 0.9762, 7.43656],
						"0.08": [-2.43656, 0.9762, 7.43656]
					}
				},
				"lowerrleg": {
					"rotation": {
						"0.0": [60, 0, 0],
						"0.08": [30, 0, 0]
					}
				},
				"leftleg": {
					"rotation": {
						"0.0": [-26.29911, -20.96226, -4.10196],
						"0.08": [-6.29911, -20.96226, -4.10196]
					}
				},
				"lowerlleg": {
					"rotation": {
						"0.0": [39.98848, 0.54094, -2.44081],
						"0.08": [4.98848, 0.54094, -2.44081]
					}
				},
				"root": {
					"rotation": [0, 0, 0],
					"position": {
						"0.0": [0, 7, 0],
						"0.08": [0, -1, 0]
					}
				}
			}
		},
		"animation.spear.remilia_stance": {
			"loop": true,
			"bones": {
				"root": {
					"rotation": [0, 5, 0]
				},
				"waist": {
					"rotation": [-2.5, "12.5+((math.cos(query.life_time * 100) * 2) -2)", 0]
				},
				"leftArm": {
					"rotation": ["14.7822+((math.cos(query.life_time * 100) * 10) -10)", 2.57594, -34.6658]
				},
				"lowerlarm": {
					"rotation": [-7.5, 0, 0]
				},
				"leftItem": {
					"rotation": [70, 0, 0],
					"position": [0, 8, 2]
				},
				"rightArm": {
					"rotation": ["49.7363+((math.cos(query.life_time * 100) * 10) -10)", 39.72567, 35.671]
				},
				"lowerrarm": {
					"rotation": [-42.5, 0, 0]
				},
				"rightItem": {
					"rotation": [62.5, 0, 0],
					"position": [0, 7, 3]
				},
				"rightleg": {
					"rotation": [0, 0, 0]
				},
				"lowerrleg": {
					"rotation": [15, 0, 0]
				},
				"leftleg": {
					"rotation": [-12.48156, -0.64768, -2.41961]
				},
				"lowerlleg": {
					"rotation": [7.5, 0, 0]
				}
			}
		},
		"animation.spear.remilia_stance_flying": {
			"loop": true,
			"bones": {
				"root": {
					"rotation": ["-2.5+((math.cos(query.life_time * 100) * 2.5) 2.5)", 5, 0],
					"position": [0, "-((math.cos(query.life_time * 100) * 1.5) - 1.5)", 0]
				},
				"waist": {
					"rotation": [-2.5, "12.5+((math.cos(query.life_time * 100) * 2) -2)", 0]
				},
				"leftArm": {
					"rotation": ["14.7822+((math.cos(query.life_time * 100) * 10) -10)", 2.57594, -34.6658]
				},
				"lowerlarm": {
					"rotation": [-7.5, 0, 0]
				},
				"leftItem": {
					"rotation": [70, 0, 0],
					"position": [0, 8, 2]
				},
				"rightArm": {
					"rotation": ["49.7363+((math.cos(query.life_time * 100) * 10) -10)", 39.72567, 35.671]
				},
				"lowerrarm": {
					"rotation": [-42.5, 0, 0]
				},
				"rightItem": {
					"rotation": [62.5, 0, 0],
					"position": [0, 7, 3]
				},
				"rightleg": {
					"rotation": ["12.3964+((math.cos(query.life_time * 100) * 2) -2)", 1.61888, -7.32417]
				},
				"lowerrleg": {
					"rotation": ["15+((math.cos(query.life_time * 100) * 2) -2)", 0, 0]
				},
				"leftleg": {
					"rotation": ["-12.6193+((math.cos(query.life_time * 100) * 2) -2)", "-2.5448+((math.cos(query.life_time * 100) * 2) -2)", "0.5644+((math.cos(query.life_time * 100) * 2) 2)"]
				},
				"lowerlleg": {
					"rotation": [15, 0, 0]
				}
			}
		},
		"animation.spear.stance_1": {
			"loop": true,
			"override_previous_animation": true,
			"bones": {
				"waist": {
					"rotation": [0, 0, 0]
				},
				"leftArm": {
					"rotation": [22.5, 0, -20]
				},
				"lowerlarm": {
					"rotation": [-32.5, 0, 0]
				},
				"rightArm": {
					"rotation": [22.19157, -3.81024, 9.25249]
				},
				"lowerrarm": {
					"rotation": [-25, 0, 0]
				},
				"rightItem": {
					"rotation": [0, 0, 0]
				}
			}
		},
		"animation.spear.attack_stance_1_0": {
			"loop": "hold_on_last_frame",
			"animation_length": 0.72,
			"override_previous_animation": true,
			"bones": {
				"waist": {
					"rotation": {
						"0.0": [0, 0, 0],
						"0.12": [14.56419, 39.88886, 2.81449],
						"0.36": [21.96772, 56.65135, 10.43849],
						"0.44": [9.79427, -19.42287, -7.14578],
						"0.72": [9.26231, -4.62735, -4.61409]
					}
				},
				"leftArm": {
					"rotation": [-27.5, 0, -20]
				},
				"lowerlarm": {
					"rotation": [-32.5, 0, 0]
				},
				"rightArm": {
					"rotation": {
						"0.0": [22.19157, -3.81024, 9.25249],
						"0.12": [-5.92988, -0.40971, 100.62574],
						"0.36": [44.07012, -0.40971, 100.62574],
						"0.44": [-48.42988, -0.40971, 100.62574],
						"0.72": [-20.92988, -0.40971, 100.62574]
					}
				},
				"lowerrarm": {
					"rotation": {
						"0.0": [-25, 0, 0],
						"0.36": [-115, 0, 0],
						"0.44": [-20, 0, 0],
						"0.72": [-57.5, 0, 0]
					}
				},
				"rightItem": {
					"rotation": {
						"0.0": [0, 0, 0],
						"0.36": [26.59, 0, 0],
						"0.44": [71.59, 0, 0]
					},
					"position": [0, 0, -1]
				}
			}
		},
		"animation.spear.attack_stance_1_1": {
			"loop": "hold_on_last_frame",
			"animation_length": 0.96,
			"override_previous_animation": true,
			"bones": {
				"waist": {
					"rotation": {
						"0.0": [0, 0, 0],
						"0.16": [38.48349, -47.92209, -25.7084],
						"0.44": [49.8735, -56.9484, -40.00582],
						"0.52": [-1.27225, 35.45102, 2.51764],
						"0.84": [-1.10611, 20.4542, 2.86905]
					}
				},
				"leftArm": {
					"rotation": {
						"0.0": [-27.5, 0, -20],
						"0.16": [50, 0, -20],
						"0.44": [67.5, 0, -20],
						"0.52": [-42.5, 0, -20]
					}
				},
				"lowerlarm": {
					"rotation": [-32.5, 0, 0]
				},
				"rightArm": {
					"rotation": {
						"0.0": [22.19157, -3.81024, 9.25249],
						"0.16": [-87.8297, 12.51004, 98.90758],
						"0.44": [-87.8297, 12.51004, 98.90758],
						"0.52": [7.89608, 25.07292, 84.20847],
						"0.84": [-20.29357, 5.18164, 95.56664]
					}
				},
				"lowerrarm": {
					"rotation": {
						"0.0": [-25, 0, 0],
						"0.16": [-12.5, 0, 0],
						"0.44": [-15, 0, 0],
						"0.52": [-42.5, 0, 0],
						"0.84": [-60, 0, 0]
					}
				},
				"rightItem": {
					"rotation": {
						"0.0": [0, 0, 0],
						"0.44": [0, 0, 0],
						"0.52": [60, 0, 0]
					}
				}
			}
		},
		"animation.spear_style2.spear_attack1": {
			"loop": "hold_on_last_frame",
			"animation_length": 0.6,
			"bones": {
				"root": {
					"position": {
						"0.0": [0, 0, 0],
						"0.24": [0, -1, 0],
						"0.44": [0, -1, 0],
						"0.52": [0, -2, 0]
					}
				},
				"leftleg": {
					"rotation": {
						"0.0": [0, 0, 0],
						"0.24": [25, 0, 0],
						"0.44": [25, 0, 0]
					}
				},
				"lowerlleg": {
					"rotation": {
						"0.0": [0, 0, 0],
						"0.24": [3.25, 0, 0],
						"0.44": [3.25, 0, 0],
						"0.52": [22.5, 0, 0]
					}
				},
				"rightleg": {
					"rotation": {
						"0.0": [0, 0, 0],
						"0.24": [-32.5, 0, 0],
						"0.44": [-32.5, 0, 0],
						"0.52": [-50, 0, 0]
					}
				},
				"lowerrleg": {
					"rotation": {
						"0.0": [0, 0, 0],
						"0.24": [22.5, 0, 0],
						"0.44": [22.5, 0, 0],
						"0.52": [45, 0, 0]
					}
				},
				"waist": {
					"rotation": {
						"0.0": [0, 0, 0],
						"0.24": [12.5, -30, 0],
						"0.44": [12.5, -30, 0],
						"0.52": [12.5, 25, 0]
					}
				},
				"leftArm": {
					"rotation": {
						"0.0": [0, 0, 0],
						"0.24": [12.5, 0, -20],
						"0.44": [12.5, 0, -20],
						"0.52": [-10, 0, -20]
					}
				},
				"lowerlarm": {
					"rotation": {
						"0.0": [0, 0, 0],
						"0.24": [-15, 0, 0],
						"0.44": [-15, 0, 0],
						"0.52": [-30, 0, 0]
					}
				},
				"rightArm": {
					"rotation": {
						"0.0": [0, 0, 0],
						"0.24": [-65, 0, 72.5],
						"0.44": [-65, 0, 72.5],
						"0.52": [90, -15, 72.5]
					}
				},
				"lowerrarm": {
					"rotation": {
						"0.0": [0, 0, 0],
						"0.24": [-42.5, 0, 0],
						"0.44": [-42.5, 0, 0]
					}
				}
			}
		},
		"animation.spear_style2.strike2": {
			"loop": "hold_on_last_frame",
			"animation_length": 0.52,
			"bones": {
				"root": {
					"position": {
						"0.0": [0, 0, 0],
						"0.24": [0, -0.5, 0],
						"0.44": [0, -0.5, 0],
						"0.52": [0, -1.5, 0]
					}
				},
				"leftleg": {
					"rotation": {
						"0.0": [0, 0, 0],
						"0.24": [-27.5, 0, 0],
						"0.44": [-27.5, 0, 0],
						"0.52": [-40, 0, 0]
					}
				},
				"lowerlleg": {
					"rotation": {
						"0.0": [0, 0, 0],
						"0.24": [25, 0, 0],
						"0.44": [25, 0, 0],
						"0.52": [32.5, 0, 0]
					}
				},
				"rightleg": {
					"rotation": {
						"0.0": [0, 0, 0],
						"0.24": [20, 0, 0],
						"0.44": [20, 0, 0],
						"0.52": [32.5, 0, 0]
					}
				},
				"lowerrleg": {
					"rotation": {
						"0.0": [0, 0, 0],
						"0.24": [12.5, 0, 0],
						"0.44": [12.5, 0, 0],
						"0.52": [15, 0, 0]
					}
				},
				"waist": {
					"rotation": {
						"0.0": [0, 0, 0],
						"0.24": [-5, 30, 0],
						"0.44": [-5, 30, 0],
						"0.52": [15, -50, 0]
					}
				},
				"leftArm": {
					"rotation": {
						"0.0": [0, 0, 0],
						"0.24": [21.81511, 6.60067, -51.54283],
						"0.44": [21.81511, 6.60067, -51.54283]
					}
				},
				"lowerlarm": {
					"rotation": {
						"0.0": [0, 0, 0],
						"0.24": [-32.5, 0, 0],
						"0.44": [-32.5, 0, 0]
					}
				},
				"rightArm": {
					"rotation": {
						"0.0": [0, 0, 0],
						"0.24": [-192.5, 0, -87.5],
						"0.44": [-192.5, 0, -87.5],
						"0.52": [-62.5, 0, -90]
					}
				},
				"lowerrarm": {
					"rotation": {
						"0.0": [0, 0, 0],
						"0.24": [-42.5, 0, 0],
						"0.44": [-42.5, 0, 0],
						"0.52": [-2.5, 0, 0]
					}
				}
			}
		},
		"animation.spear_style2.strike3": {
			"loop": "hold_on_last_frame",
			"animation_length": 0.52,
			"bones": {
				"root": {
					"position": {
						"0.0": [0, 0, 0],
						"0.24": [0, -0.5, 0],
						"0.4": [0, -0.5, 0],
						"0.48": [0, -1.5, 0]
					}
				},
				"leftleg": {
					"rotation": {
						"0.0": [0, 0, 0],
						"0.24": [-27.5, 0, 0],
						"0.4": [-27.5, 0, 0],
						"0.48": [-40, 0, 0]
					}
				},
				"lowerlleg": {
					"rotation": {
						"0.0": [0, 0, 0],
						"0.24": [25, 0, 0],
						"0.4": [25, 0, 0],
						"0.48": [50, 0, 0]
					}
				},
				"rightleg": {
					"rotation": {
						"0.0": [0, 0, 0],
						"0.24": [20, 0, 0],
						"0.4": [20, 0, 0],
						"0.48": [25, 0, 0]
					}
				},
				"lowerrleg": {
					"rotation": {
						"0.0": [0, 0, 0],
						"0.24": [12.5, 0, 0],
						"0.4": [12.5, 0, 0],
						"0.48": [17.5, 0, 0]
					}
				},
				"waist": {
					"rotation": {
						"0.0": [0, 0, 0],
						"0.24": [-5, 30, 0],
						"0.4": [-5, 30, 0],
						"0.48": [10, -17.5, 0]
					}
				},
				"leftArm": {
					"rotation": {
						"0.0": [0, 0, 0],
						"0.24": [21.81511, 6.60067, -51.54283],
						"0.4": [21.81511, 6.60067, -51.54283],
						"0.48": [71.82, 6.6, -51.54]
					}
				},
				"lowerlarm": {
					"rotation": {
						"0.0": [0, 0, 0],
						"0.24": [-32.5, 0, 0],
						"0.4": [-32.5, 0, 0]
					}
				},
				"rightArm": {
					"rotation": {
						"0.0": [0, 0, 0],
						"0.24": [77.5, 0, 0],
						"0.4": [77.5, 0, 0],
						"0.48": [-55, 0, 0]
					}
				},
				"lowerrarm": {
					"rotation": {
						"0.0": [0, 0, 0],
						"0.24": [-62.5, 0, 0],
						"0.4": [-62.5, 0, 0],
						"0.48": [-12.5, 0, 0]
					}
				},
				"rightitem": {
					"rotation": {
						"0.24": [0, 0, 0],
						"0.4": [0, 0, 0],
						"0.48": [57.5, 0, 0]
					}
				}
			}
		},
		"animation.spear_style2.hold": {
			"loop": true,
			"animation_length": 1.04,
			"bones": {
				"root": {
					"position": {
						"0.0": [0, 0, 0],
						"0.52": [0, -1, 0],
						"1.04": [0, 0, 0]
					}
				},
				"leftleg": {
					"rotation": {
						"0.0": [-12.5, 0, -10],
						"0.52": [-30, 0, -7.5],
						"1.04": [-12.5, 0, -10]
					}
				},
				"lowerlleg": {
					"rotation": {
						"0.0": [10, 0, 0],
						"0.52": [22.5, 0, 0],
						"1.04": [10, 0, 0]
					}
				},
				"rightleg": {
					"rotation": {
						"0.0": [5, 0, 5],
						"0.52": [7.5, 0, 5],
						"1.04": [5, 0, 5]
					}
				},
				"lowerrleg": {
					"rotation": {
						"0.0": [7.5, 0, 0],
						"0.52": [27.5, 0, 0],
						"1.04": [7.5, 0, 0]
					}
				},
				"waist": {
					"rotation": {
						"0.0": [7.5, 22.5, 0],
						"0.52": [7.5, 15.38, 0],
						"1.04": [7.5, 22.5, 0]
					}
				},
				"leftArm": {
					"rotation": {
						"0.0": [-77.5, 20, -27.5],
						"0.52": [-65, 20, -27.5],
						"1.04": [-77.5, 20, -27.5]
					}
				},
				"lowerlarm": {
					"rotation": {
						"0.0": [-72.5, 0, 0],
						"1.04": [-72.5, 0, 0]
					}
				},
				"rightArm": {
					"rotation": {
						"0.0": [22.5, 0, 10],
						"0.52": [32.5, 0, 10],
						"1.04": [22.5, 0, 10]
					}
				},
				"lowerrarm": {
					"rotation": {
						"0.0": [-22.5, 0, 0],
						"0.52": [-27.5, 0, 0],
						"1.04": [-22.5, 0, 0]
					}
				}
			}
		},
		"animation.spear_style2.run": {
			"loop": true,
			"animation_length": 0.64,
			"bones": {
				"root": {
					"rotation": {
						"0.0": [-5, 0, 0],
						"0.16": [0, 0, 0],
						"0.32": [-2.5, 0, 0],
						"0.48": [2.5, 0, 0],
						"0.64": [-5, 0, 0]
					},
					"position": {
						"0.0": [0, -1, 0],
						"0.16": [0, 0, 0],
						"0.32": [0, -1, 0],
						"0.48": [0, 0, 0],
						"0.64": [0, -1, 0]
					}
				},
				"leftleg": {
					"rotation": {
						"0.0": [-27.5, 0, 0],
						"0.16": [-10.96, 0, 0],
						"0.32": [30, 0, 0],
						"0.48": [-15.96, 0, 0],
						"0.64": [-27.5, 0, 0]
					}
				},
				"lowerlleg": {
					"rotation": {
						"0.0": [27.5, 0, 0],
						"0.16": [0.96, 0, 0],
						"0.32": [2.5, 0, 0],
						"0.48": [58.08, 0, 0],
						"0.64": [27.5, 0, 0]
					}
				},
				"rightleg": {
					"rotation": {
						"0.0": [35, 0, 0],
						"0.16": [-25.58, 0, 0],
						"0.32": [-32.5, 0, 0],
						"0.48": [-32.5, 0, 0],
						"0.64": [35, 0, 0]
					}
				},
				"lowerrleg": {
					"rotation": {
						"0.0": [15, 0, 0],
						"0.16": [58.08, 0, 0],
						"0.32": [30, 0, 0],
						"0.48": [0.96, 0, 0],
						"0.64": [15, 0, 0]
					}
				},
				"waist": {
					"rotation": {
						"0.0": [29.83021, 35, 0],
						"0.32": [32.5, 35, 0],
						"0.64": [29.83021, 35, 0]
					}
				},
				"leftArm": {
					"rotation": {
						"0.0": [56.99918, -7.41082, -29.61934],
						"0.32": [-52.5, 0, -20],
						"0.64": [56.99918, -7.41082, -29.61934]
					}
				},
				"lowerlarm": {
					"rotation": {
						"0.0": [-22.5, 0, 0],
						"0.32": [-65, 0, 0],
						"0.64": [-22.5, 0, 0]
					}
				},
				"rightArm": {
					"rotation": {
						"0.0": [30, 0, 0],
						"0.32": [55, 0, 0],
						"0.64": [30, 0, 0]
					}
				},
				"lowerrarm": {
					"rotation": {
						"0.0": [-40, 0, 0],
						"0.32": [-55, 0, 0],
						"0.64": [-40, 0, 0]
					}
				}
			}
		},
		"animation.spear.back_none": {
			"loop": true,
			"override_previous_animation": true,
			"bones": {
				"spear_back": {
					"scale": 0
				}
			}
		},
		"animation.spear.attack_test_0": {
			"loop": "hold_on_last_frame",
			"animation_length": 1.04,
			"override_previous_animation": true,
			"bones": {
				"root": {
					"rotation": {
						"0.0": [0, 37.5, 0],
						"0.28": [4.7113, 52.50896, -0.35788],
						"0.6": [7.48369, 67.42937, 2.81709],
						"0.72": [3.72583, 39.56383, -0.73022],
						"1.04": [0, 37.5, 0]
					},
					"position": {
						"0.0": [0, 0, 0],
						"0.28": [0, 0, 8],
						"0.6": [0, 0, 8],
						"0.68": [0, 0, -8],
						"0.8": [0, 0, -8],
						"1.04": [0, 0, 0]
					}
				},
				"waist": {
					"rotation": {
						"0.0": [12.5, 27.5, 0],
						"0.28": [23.02866, 29.80534, 1.10227],
						"0.6": [29.00918, 45.57638, 10.7772],
						"0.68": [33.65734, 24.66209, 23.59051],
						"0.8": [33.65734, 24.66209, 23.59051],
						"1.04": [12.5, 27.5, 0]
					}
				},
				"leftArm": {
					"rotation": {
						"0.0": [-42.5, 0, 0],
						"0.28": [-35.7367, 15.18892, 13.16783],
						"0.6": [-44.3108, 26.06465, 24.23178],
						"0.68": [-42.28339, -28.29849, -43.20634],
						"0.8": [-42.28339, -28.29849, -43.20634],
						"1.04": [-42.5, 0, 0]
					}
				},
				"lowerlarm": {
					"rotation": {
						"0.0": [-15, 0, 0],
						"0.28": [-30, 0, 0],
						"0.6": [-2.5, 0, 0],
						"0.68": [-52.5, 0, 0],
						"0.8": [-52.5, 0, 0],
						"1.04": [-15, 0, 0]
					}
				},
				"rightArm": {
					"rotation": {
						"0.0": [-15.96311, -60.97335, 43.59641],
						"0.28": [14.03689, -60.97335, 43.59641],
						"0.6": [29.03689, -60.97335, 43.59641],
						"0.68": [-73.46311, -60.97335, 43.59641],
						"0.8": [-73.46311, -60.97335, 43.59641],
						"1.04": [-15.96311, -60.97335, 43.59641]
					}
				},
				"lowerrarm": {
					"rotation": {
						"0.0": [-32.5, 0, 0],
						"0.28": [-57.51808, 1.70025, -1.85881],
						"0.6": [-67.51808, 1.70025, -1.85881],
						"0.68": [-2.51808, 1.70025, -1.85881],
						"0.8": [-2.51808, 1.70025, -1.85881],
						"1.04": [-32.5, 0, 0]
					}
				},
				"rightItem": {
					"position": {
						"0.0": [0, 0, -2],
						"0.28": [0, 0, 1],
						"0.6": [0, 0, 1],
						"0.68": [0, 0, -8],
						"0.8": [0, 0, -8],
						"1.04": [0, 0, -2]
					}
				},
				"rightleg": {
					"rotation": {
						"0.0": [-12.5, 0, 20],
						"0.6": [-12.5, 0, 20],
						"0.68": [0, 0, 20],
						"0.8": [0, 0, 20],
						"1.04": [-12.5, 0, 20]
					}
				},
				"lowerrleg": {
					"rotation": {
						"0.0": [10, 0, 0],
						"0.6": [10, 0, 0],
						"1.04": [10, 0, 0]
					}
				},
				"leftleg": {
					"rotation": {
						"0.0": [2.5, 0, -22.5],
						"0.6": [2.5, 0, -22.5],
						"0.68": [-25, 0, -22.5],
						"0.8": [-25, 0, -22.5],
						"1.04": [2.5, 0, -22.5]
					}
				},
				"lowerlleg": {
					"rotation": {
						"0.0": [7.5, 0, 0],
						"0.6": [7.5, 0, 0],
						"0.68": [25, 0, 0],
						"0.8": [25, 0, 0],
						"1.04": [7.5, 0, 0]
					}
				}
			}
		},
		"animation.spear.attack_test_0_faster": {
			"loop": "hold_on_last_frame",
			"animation_length": 1.04,
			"override_previous_animation": true,
			"bones": {
				"root": {
					"rotation": {
						"0.0": [0, 37.5, 0],
						"0.08": [4.7113, 52.50896, -0.35788],
						"0.28": [7.48369, 67.42937, 2.81709],
						"0.4": [3.72583, 39.56383, -0.73022],
						"0.72": [0, 37.5, 0]
					},
					"position": {
						"0.0": [0, 0, 0],
						"0.08": [0, 0, 8],
						"0.28": [0, 0, 8],
						"0.36": [0, 0, -8],
						"0.48": [0, 0, -8],
						"0.72": [0, 0, 0]
					}
				},
				"waist": {
					"rotation": {
						"0.0": [12.5, 27.5, 0],
						"0.08": [23.02866, 29.80534, 1.10227],
						"0.28": [29.00918, 45.57638, 10.7772],
						"0.36": [33.65734, 24.66209, 23.59051],
						"0.48": [33.65734, 24.66209, 23.59051],
						"0.72": [12.5, 27.5, 0]
					}
				},
				"leftArm": {
					"rotation": {
						"0.0": [-42.5, 0, 0],
						"0.08": [-35.7367, 15.18892, 13.16783],
						"0.28": [-44.3108, 26.06465, 24.23178],
						"0.36": [-42.28339, -28.29849, -43.20634],
						"0.48": [-42.28339, -28.29849, -43.20634],
						"0.72": [-42.5, 0, 0]
					}
				},
				"lowerlarm": {
					"rotation": {
						"0.0": [-15, 0, 0],
						"0.08": [-30, 0, 0],
						"0.28": [-2.5, 0, 0],
						"0.36": [-52.5, 0, 0],
						"0.48": [-52.5, 0, 0],
						"0.72": [-15, 0, 0]
					}
				},
				"rightArm": {
					"rotation": {
						"0.0": [-15.96311, -60.97335, 43.59641],
						"0.08": [14.03689, -60.97335, 43.59641],
						"0.28": [29.03689, -60.97335, 43.59641],
						"0.36": [-73.46311, -60.97335, 43.59641],
						"0.48": [-73.46311, -60.97335, 43.59641],
						"0.72": [-15.96311, -60.97335, 43.59641]
					}
				},
				"lowerrarm": {
					"rotation": {
						"0.0": [-32.5, 0, 0],
						"0.08": [-57.51808, 1.70025, -1.85881],
						"0.28": [-67.51808, 1.70025, -1.85881],
						"0.36": [-2.51808, 1.70025, -1.85881],
						"0.48": [-2.51808, 1.70025, -1.85881],
						"0.72": [-32.5, 0, 0]
					}
				},
				"rightItem": {
					"position": {
						"0.0": [0, 0, -2],
						"0.08": [0, 0, 1],
						"0.28": [0, 0, 1],
						"0.36": [0, 0, -8],
						"0.48": [0, 0, -8],
						"0.72": [0, 0, -2]
					}
				},
				"rightleg": {
					"rotation": {
						"0.0": [-12.5, 0, 20],
						"0.28": [-12.5, 0, 20],
						"0.36": [0, 0, 20],
						"0.48": [0, 0, 20],
						"0.72": [-12.5, 0, 20]
					}
				},
				"lowerrleg": {
					"rotation": {
						"0.0": [10, 0, 0],
						"0.28": [10, 0, 0],
						"0.72": [10, 0, 0]
					}
				},
				"leftleg": {
					"rotation": {
						"0.0": [2.5, 0, -22.5],
						"0.28": [2.5, 0, -22.5],
						"0.36": [-25, 0, -22.5],
						"0.48": [-25, 0, -22.5],
						"0.72": [2.5, 0, -22.5]
					}
				},
				"lowerlleg": {
					"rotation": {
						"0.0": [7.5, 0, 0],
						"0.28": [7.5, 0, 0],
						"0.36": [25, 0, 0],
						"0.48": [25, 0, 0],
						"0.72": [7.5, 0, 0]
					}
				}
			}
		},
		"animation.spear.attack_test_none": {
			"loop": "hold_on_last_frame",
			"animation_length": 1.04,
			"override_previous_animation": true,
			"bones": {
				"root": {
					"rotation": {
						"0.0": [0, 37.5, 0],
						"0.28": [0.44067, 9.99038, 2.53852],
						"0.6": [0.44067, 9.99038, 2.53852],
						"0.68": [5, 47.5, 0],
						"0.96": [5, 47.5, 0]
					},
					"position": {
						"0.0": [0, 0, 0],
						"0.6": [0, 0, 0],
						"0.68": [0, 0, 0],
						"0.96": [0, 0, 0]
					}
				},
				"waist": {
					"rotation": {
						"0.0": [12.5, 27.5, 0],
						"0.28": [11.06914, 0.55627, -5.73603],
						"0.6": [11.06914, 0.55627, -5.73603],
						"0.68": [29.8219, 37.63428, 26.68571],
						"0.96": [29.8219, 37.63428, 26.68571]
					}
				},
				"leftArm": {
					"rotation": {
						"0.0": [-42.5, 0, 0],
						"0.28": [-101.00966, 24.59477, -4.62934],
						"0.6": [-101.00966, 24.59477, -4.62934],
						"0.68": [-42.25489, 5.05904, 5.54401],
						"0.96": [-42.25489, 5.05904, 5.54401]
					}
				},
				"lowerlarm": {
					"rotation": {
						"0.0": [-15, 0, 0],
						"0.28": [-47.5, 0, 0],
						"0.6": [-47.5, 0, 0],
						"0.68": [-15, 0, 0],
						"0.96": [-15, 0, 0]
					}
				},
				"rightArm": {
					"rotation": {
						"0.0": [-15.96311, -60.97335, 43.59641],
						"0.28": [-60.01929, -38.30292, 19.97879],
						"0.6": [-60.01929, -38.30292, 19.97879],
						"0.68": [-3.46311, -60.97335, 43.59641],
						"0.96": [-3.46311, -60.97335, 43.59641]
					}
				},
				"lowerrarm": {
					"rotation": {
						"0.0": [-32.5, 0, 0],
						"0.6": [-32.5, 0, 0],
						"0.68": [-42.5, 0, 0],
						"0.96": [-42.5, 0, 0]
					}
				},
				"rightItem": {
					"position": {
						"0.0": [0, 0, -2],
						"0.6": [0, 0, -2],
						"0.68": [0, 0, -5],
						"0.96": [0, 0, -5]
					}
				},
				"rightleg": {
					"rotation": {
						"0.0": [-12.5, 0, 20],
						"0.28": [-21.93845, -3.73171, 2.89033],
						"0.6": [-21.93845, -3.73171, 2.89033],
						"0.68": [9.91615, 1.29876, 12.61267],
						"0.96": [9.91615, 1.29876, 12.61267]
					}
				},
				"lowerrleg": {
					"rotation": {
						"0.0": [10, 0, 0],
						"0.28": [22.5, 0, 0],
						"0.6": [22.5, 0, 0],
						"0.68": [10, 0, 0],
						"0.96": [10, 0, 0]
					}
				},
				"leftleg": {
					"rotation": {
						"0.0": [2.5, 0, -22.5],
						"0.28": [23.97594, -7.30111, -6.5523],
						"0.6": [23.97594, -7.30111, -6.5523],
						"0.68": [-44.69157, 3.81024, -13.24751],
						"0.96": [-44.69157, 3.81024, -13.24751]
					},
					"position": {
						"0.6": [0, 0, 0],
						"0.68": [0, -2, 0],
						"0.96": [0, -2, 0]
					}
				},
				"lowerlleg": {
					"rotation": {
						"0.0": [7.5, 0, 0],
						"0.6": [7.5, 0, 0],
						"0.68": [35, 0, 0],
						"0.96": [35, 0, 0]
					}
				}
			}
		},
		"animation.spear.back_unsheathe": {
			"loop": "hold_on_last_frame",
			"animation_length": 1.12,
			"override_previous_animation": true,
			"bones": {
				"leftleg": {
					"rotation": {
						"0.52": [0, 0, 0],
						"0.68": [-33.25446, -30.31935, -3.75705]
					}
				},
				"lowerlleg": {
					"rotation": {
						"0.52": [0, 0, 0],
						"0.68": [35, 0, 0]
					}
				},
				"rightleg": {
					"rotation": {
						"0.52": [0, 0, 0],
						"0.68": [0, 0, 0]
					}
				},
				"lowerrleg": {
					"rotation": {
						"0.52": [0, 0, 0],
						"0.68": [25, 0, 0]
					}
				},
				"waist": {
					"rotation": {
						"0.52": [0, 0, 0],
						"0.68": [12.5, 27.5, 0]
					}
				},
				"leftArm": {
					"rotation": {
						"0.52": [0, 0, 0],
						"0.68": [-42.5, 0, 0]
					}
				},
				"lowerlarm": {
					"rotation": {
						"0.52": [0, 0, 0],
						"0.68": [-15, 0, 0]
					}
				},
				"rightArm": {
					"rotation": {
						"0.0": [0, 0, 0],
						"0.24": [-137.81374, 17.38772, -18.2489],
						"0.52": [4.26482, 17.09854, 5.32286],
						"0.68": [-15.96311, -60.97335, 43.59641]
					}
				},
				"lowerrarm": {
					"rotation": {
						"0.0": [0, 0, 0],
						"0.24": [-97.5, 0, 0],
						"0.52": [-20, 0, 0],
						"0.68": [-32.5, 0, 0]
					}
				},
				"rightItem": {
					"rotation": {
						"0.28": [0, 0, 90],
						"0.52": [0, 0, 0]
					},
					"position": {
						"0.28": [1, 0, 0],
						"0.52": [0, 0, 0],
						"0.68": [0, 0, -2]
					},
					"scale": {
						"0.0": [0, 0, 0],
						"0.24": [0, 0, 0],
						"0.28": [1, 1, 1]
					}
				},
				"root": {
					"rotation": {
						"0.52": [0, 0, 0],
						"0.68": [0, 37.5, 0]
					},
					"position": [0, -1, 0]
				},
				"spear_back": {
					"scale": {
						"0.0": [1, 1, 1],
						"0.24": [1, 1, 1],
						"0.28": [0, 0, 0]
					}
				}
			}
		},
		"animation.spear.stance_move": {
			"loop": true,
			"animation_length": 1.04,
			"override_previous_animation": true,
			"bones": {
				"waist": {
					"rotation": {
						"0.0": [5, 27.5, 0],
						"0.52": [17.5, 27.5, 0],
						"1.04": [5, 27.5, 0]
					}
				},
				"leftArm": {
					"rotation": {
						"0.0": [-37.5, 0, 0],
						"0.52": [-52.5, 0, 0],
						"1.04": [-37.5, 0, 0]
					}
				},
				"lowerlarm": {
					"rotation": {
						"0.0": [-27.5, 0, 0],
						"0.52": [-5, 0, 0],
						"1.04": [-27.5, 0, 0]
					}
				},
				"rightArm": {
					"rotation": {
						"0.0": [-8.3222, -66.92563, 34.86334],
						"0.52": [-15.96311, -60.97335, 43.59641],
						"1.04": [-8.3222, -66.92563, 34.86334]
					}
				},
				"lowerrarm": {
					"rotation": {
						"0.0": [-35, 0, 0],
						"0.52": [-32.5, 0, 0],
						"1.04": [-35, 0, 0]
					}
				},
				"rightleg": {
					"rotation": {
						"0.0": [35, 0, 0],
						"0.52": [-32.5, 0, 0],
						"1.04": [35, 0, 0]
					}
				},
				"lowerrleg": {
					"rotation": {
						"0.0": [15, 0, 0],
						"0.28": [58.08, 0, 0],
						"0.52": [30, 0, 0],
						"0.8": [0.96, 0, 0],
						"1.04": [15, 0, 0]
					}
				},
				"leftleg": {
					"rotation": {
						"0.0": [-27.5, 0, 0],
						"0.24": [-10.96, 0, 0],
						"0.52": [30, 0, 0],
						"0.8": [-15.96, 0, 0],
						"1.04": [-27.5, 0, 0]
					}
				},
				"lowerlleg": {
					"rotation": {
						"0.0": [27.5, 0, 0],
						"0.24": [0.96, 0, 0],
						"0.52": [2.5, 0, 0],
						"0.8": [58.08, 0, 0],
						"1.04": [27.5, 0, 0]
					}
				},
				"root": {
					"rotation": {
						"0.0": [-2.5, 0, 0],
						"0.28": [0, 0, 0],
						"0.52": [-2.5, 0, 0],
						"0.8": [2.5, 0, 0],
						"1.04": [-2.5, 0, 0]
					},
					"position": {
						"0.0": [0, -1, 0],
						"0.28": [0, 0, 0],
						"0.52": [0, -1, 0],
						"0.8": [0, 0, 0],
						"1.04": [0, -1, 0]
					}
				},
				"rightItem": {
					"position": {
						"0.0": [0, 0, -2],
						"0.52": [0, 0, -2],
						"1.04": [0, 0, -2]
					}
				}
			}
		},
		"animation.spear.stance_blocking_shield": {
			"loop": true,
			"override_previous_animation": true,
			"bones": {
				"root": {
					"rotation": [0, 37.5, 0],
					"position": [0, -1, 0]
				},
				"waist": {
					"rotation": [11.47909, 15.27011, -2.78341]
				},
				"leftArm": {
					"rotation": [-31.68416, 28.46296, -16.39211]
				},
				"lowerlarm": {
					"rotation": [-75, 0, 0]
				},
				"rightArm": {
					"rotation": [-14.83017, -13.72241, 86.37251]
				},
				"lowerrarm": {
					"rotation": [-32.5, 0, 0]
				},
				"rightItem": {
					"position": [0, 0, -2]
				},
				"rightleg": {
					"rotation": [0, 0, 0]
				},
				"lowerrleg": {
					"rotation": [25, 0, 0]
				},
				"leftleg": {
					"rotation": [-33.25446, -30.31935, -3.75705]
				},
				"lowerlleg": {
					"rotation": [35, 0, 0]
				}
			}
		},
		"animation.spear.stance_blocking_shield_move": {
			"loop": true,
			"animation_length": 1.04,
			"override_previous_animation": true,
			"bones": {
				"root": {
					"rotation": {
						"0.0": [-2.5, 0, 0],
						"0.24": [0, 0, 0],
						"0.48": [-2.5, 0, 0],
						"0.76": [2.5, 0, 0],
						"1.0": [-2.5, 0, 0]
					},
					"position": {
						"0.0": [0, -1, 0],
						"0.24": [0, 0, 0],
						"0.48": [0, -1, 0],
						"0.76": [0, 0, 0],
						"1.0": [0, -1, 0]
					}
				},
				"waist": {
					"rotation": {
						"0.0": [11.47909, 15.27011, -2.78341],
						"0.52": [11.80162, 20.16742, -1.72465],
						"1.04": [11.47909, 15.27011, -2.78341]
					}
				},
				"leftArm": {
					"rotation": {
						"0.0": [-39.93585, 62.62903, -30.06154],
						"0.52": [-46.49418, 59.19857, -37.56042],
						"1.04": [-39.93585, 62.62903, -30.06154]
					}
				},
				"lowerlarm": {
					"rotation": [-75, 0, 0]
				},
				"rightArm": {
					"rotation": {
						"0.0": [51.86926, -0.04096, 75.35385],
						"0.52": [73.03549, -13.72241, 86.37251],
						"1.04": [51.86926, -0.04096, 75.35385]
					}
				},
				"lowerrarm": {
					"rotation": {
						"0.0": [-72.5, 0, 0],
						"0.52": [-82.5, 0, 0],
						"1.04": [-72.5, 0, 0]
					}
				},
				"rightItem": {
					"position": [0, 0, -2]
				},
				"rightleg": {
					"rotation": {
						"0.0": [35, 0, 0],
						"0.52": [-32.5, 0, 0],
						"1.04": [35, 0, 0]
					}
				},
				"lowerrleg": {
					"rotation": {
						"0.0": [15, 0, 0],
						"0.28": [58.08, 0, 0],
						"0.52": [30, 0, 0],
						"0.8": [0.96, 0, 0],
						"1.04": [15, 0, 0]
					}
				},
				"leftleg": {
					"rotation": {
						"0.0": [-27.5, 0, 0],
						"0.24": [-10.96, 0, 0],
						"0.52": [30, 0, 0],
						"0.8": [-15.96, 0, 0],
						"1.04": [-27.5, 0, 0]
					}
				},
				"lowerlleg": {
					"rotation": {
						"0.0": [27.5, 0, 0],
						"0.24": [0.96, 0, 0],
						"0.52": [2.5, 0, 0],
						"0.8": [58.08, 0, 0],
						"1.04": [27.5, 0, 0]
					}
				}
			}
		},
		"animation.spear.stance_blocking_shield_move_hoplite": {
			"loop": true,
			"animation_length": 1.04,
			"override_previous_animation": true,
			"bones": {
				"root": {
					"rotation": {
						"0.0": [-2.5, 0, 0],
						"0.24": [0, 0, 0],
						"0.48": [-2.5, 0, 0],
						"0.76": [2.5, 0, 0],
						"1.0": [-2.5, 0, 0]
					},
					"position": {
						"0.0": [0, -1, 0],
						"0.24": [0, 0, 0],
						"0.48": [0, -1, 0],
						"0.76": [0, 0, 0],
						"1.0": [0, -1, 0]
					}
				},
				"waist": {
					"rotation": {
						"0.0": [11.47909, 15.27011, -2.78341],
						"0.52": [11.80162, 20.16742, -1.72465],
						"1.04": [11.47909, 15.27011, -2.78341]
					}
				},
				"leftArm": {
					"rotation": {
						"0.0": [-39.93585, 62.62903, -30.06154],
						"0.52": [-46.49418, 59.19857, -37.56042],
						"1.04": [-39.93585, 62.62903, -30.06154]
					}
				},
				"lowerlarm": {
					"rotation": [-75, 0, 0]
				},
				"rightArm": {
					"rotation": {
						"0.0": [61.78466, -10.08671, 4.48994],
						"0.52": [87.01683, -19.58404, 7.67026],
						"1.04": [61.78466, -10.08671, 4.48994]
					}
				},
				"lowerrarm": {
					"rotation": {
						"0.0": [-72.5, 0, 0],
						"0.52": [-82.5, 0, 0],
						"1.04": [-72.5, 0, 0]
					}
				},
				"rightItem": {
					"position": [0, 0, -2]
				},
				"rightleg": {
					"rotation": {
						"0.0": [35, 0, 0],
						"0.52": [-32.5, 0, 0],
						"1.04": [35, 0, 0]
					}
				},
				"lowerrleg": {
					"rotation": {
						"0.0": [15, 0, 0],
						"0.28": [58.08, 0, 0],
						"0.52": [30, 0, 0],
						"0.8": [0.96, 0, 0],
						"1.04": [15, 0, 0]
					}
				},
				"leftleg": {
					"rotation": {
						"0.0": [-27.5, 0, 0],
						"0.24": [-10.96, 0, 0],
						"0.52": [30, 0, 0],
						"0.8": [-15.96, 0, 0],
						"1.04": [-27.5, 0, 0]
					}
				},
				"lowerlleg": {
					"rotation": {
						"0.0": [27.5, 0, 0],
						"0.24": [0.96, 0, 0],
						"0.52": [2.5, 0, 0],
						"0.8": [58.08, 0, 0],
						"1.04": [27.5, 0, 0]
					}
				}
			}
		},
		"animation.spear.stance_blocking_shield_attack": {
			"loop": "hold_on_last_frame",
			"animation_length": 1.04,
			"override_previous_animation": true,
			"bones": {
				"root": {
					"rotation": {
						"0.0": [0, 37.5, 0],
						"0.16": [0, 45, 0],
						"0.44": [0, 50, 0],
						"0.52": [0, 37.5, 0]
					},
					"position": [0, -1, 0]
				},
				"waist": {
					"rotation": {
						"0.0": [11.47909, 15.27011, -2.78341],
						"0.16": [13.52225, 34.80827, 1.97181],
						"0.44": [14.99055, 42.07852, 4.32845],
						"0.52": [8.59973, -27.7608, -3.13201],
						"0.84": [7.67803, -7.95761, -0.17195]
					}
				},
				"leftArm": {
					"rotation": {
						"0.0": [-31.68416, 28.46296, -16.39211],
						"0.16": [-27.86082, 8.86042, -4.65468],
						"0.44": [-22.79093, -5.89935, -1.97252],
						"0.52": [-60.83184, 53.89161, -39.36608]
					}
				},
				"lowerlarm": {
					"rotation": [-75, 0, 0]
				},
				"rightArm": {
					"rotation": {
						"0.0": [-14.83017, -13.72241, 86.37251],
						"0.16": [25.16983, -13.72241, 86.37251],
						"0.44": [42.66983, -13.72241, 86.37251],
						"0.52": [-82.33017, -13.72241, 86.37251],
						"0.84": [-44.83017, -13.72241, 86.37251]
					}
				},
				"lowerrarm": {
					"rotation": {
						"0.0": [-32.5, 0, 0],
						"0.16": [-77.5, 0, 0],
						"0.44": [-102.5, 0, 0],
						"0.52": [-12.5, 0, 0],
						"0.84": [-45, 0, 0]
					}
				},
				"rightItem": {
					"rotation": {
						"0.0": [0, 0, 0],
						"0.44": [0, 0, 0],
						"0.52": [80, 0, 0],
						"0.84": [60, 0, 0]
					},
					"position": [0, 0, -2]
				}
			}
		},
		"animation.spear.stance_blocking_shield_attack_down": {
			"loop": "hold_on_last_frame",
			"animation_length": 1.04,
			"override_previous_animation": true,
			"bones": {
				"root": {
					"rotation": {
						"0.0": [0, 37.5, 0],
						"0.16": [0, 45, 0],
						"0.44": [0, 50, 0],
						"0.52": [0, 37.5, 0]
					},
					"position": [0, -1, 0]
				},
				"waist": {
					"rotation": {
						"0.0": [11.47909, 15.27011, -2.78341],
						"0.16": [13.52225, 34.80827, 1.97181],
						"0.44": [14.99055, 42.07852, 4.32845],
						"0.52": [8.59973, -27.7608, -3.13201],
						"0.84": [7.67803, -7.95761, -0.17195]
					}
				},
				"leftArm": {
					"rotation": {
						"0.0": [-31.68416, 28.46296, -16.39211],
						"0.16": [-27.86082, 8.86042, -4.65468],
						"0.44": [-22.79093, -5.89935, -1.97252],
						"0.52": [-60.83184, 53.89161, -39.36608]
					}
				},
				"lowerlarm": {
					"rotation": [-75, 0, 0]
				},
				"rightArm": {
					"rotation": {
						"0.0": [-14.83017, -13.72241, 86.37251],
						"0.16": [12.11029, -22.2665, 61.55746],
						"0.44": [40.50325, -18.217, 83.68718],
						"0.52": [-82.01855, 20.9714, 91.07505],
						"0.84": [-50.74975, 20.6748, 74.09587]
					}
				},
				"lowerrarm": {
					"rotation": {
						"0.0": [-32.5, 0, 0],
						"0.16": [-77.5, 0, 0],
						"0.44": [-102.5, 0, 0],
						"0.52": [-12.5, 0, 0],
						"0.84": [-45, 0, 0]
					}
				},
				"rightItem": {
					"rotation": {
						"0.0": [0, 0, 0],
						"0.44": [0, 0, 0],
						"0.52": [80, 0, 0],
						"0.84": [60, 0, 0]
					},
					"position": [0, 0, -2]
				}
			}
		},
		"animation.spear.ability_throw": {
			"loop": "hold_on_last_frame",
			"animation_length": 0.72,
			"override_previous_animation": true,
			"bones": {
				"root": {
					"rotation": {
						"0.0": [0, 37.5, 0],
						"0.16": [0, -15, 0],
						"0.72": [0, -15, 0]
					},
					"position": [0, -1, 0]
				},
				"waist": {
					"rotation": {
						"0.0": [12.5, 27.5, 0],
						"0.16": [11.62738, 17.71948, -2.26126],
						"0.72": [-2.73498, 47.0733, 4.00741]
					}
				},
				"leftArm": {
					"rotation": {
						"0.0": [-42.5, 0, 0],
						"0.16": [-9.40804, -3.40487, -19.71975]
					}
				},
				"lowerlarm": {
					"rotation": [-15, 0, 0]
				},
				"rightArm": {
					"rotation": {
						"0.0": [-15.96311, -60.97335, 43.59641],
						"0.16": [-5.56003, -10.79124, 18.212],
						"0.72": [-214.23923, -19.47599, 2.24593]
					}
				},
				"lowerrarm": {
					"rotation": [-32.5, 0, 0]
				},
				"rightItem": {
					"rotation": {
						"0.0": [0, 0, 0],
						"0.16": [175, 0, 0]
					},
					"position": [0, 0, -2],
					"scale": 1
				},
				"rightleg": {
					"rotation": {
						"0.0": [0, 0, 0],
						"0.16": [5, 27.5, 0],
						"0.72": [0, 27.5, 0]
					}
				},
				"lowerrleg": {
					"rotation": {
						"0.0": [25, 0, 0],
						"0.72": [0, 0, 0]
					}
				},
				"leftleg": {
					"rotation": {
						"0.0": [-33.25446, -30.31935, -3.75705],
						"0.16": [-25.49471, 6.3555, 0.09157],
						"0.72": [-2.99471, 6.3555, 0.09157]
					}
				},
				"lowerlleg": {
					"rotation": {
						"0.0": [35, 0, 0],
						"0.16": [7.5, 0, 0]
					}
				}
			}
		},
		"animation.spear.ability_throw2": {
			"loop": true,
			"animation_length": 0.52,
			"override_previous_animation": true,
			"bones": {
				"root": {
					"rotation": {
						"0.0": [0, -15, 0],
						"0.24": [0, -40, 0]
					},
					"position": [0, -1, 0]
				},
				"waist": {
					"rotation": {
						"0.0": [-2.73498, 47.0733, 4.00741],
						"0.24": [8.23666, 5.16556, 3.52537]
					}
				},
				"leftArm": {
					"rotation": [-42.5, 0, 0]
				},
				"lowerlarm": {
					"rotation": [-15, 0, 0]
				},
				"rightArm": {
					"rotation": {
						"0.0": [-214.23923, -19.47599, 2.24593],
						"0.24": [4.58835, 9.15694, 10.64396]
					}
				},
				"lowerrarm": {
					"rotation": [-32.5, 0, 0]
				},
				"rightItem": {
					"rotation": [0, 0, 0],
					"position": [0, 0, -2],
					"scale": {
						"0.0": [1, 1, 1],
						"0.24": [0, 0, 0]
					}
				},
				"rightleg": {
					"rotation": [0, 27.5, 0]
				},
				"lowerrleg": {
					"rotation": [0, 0, 0]
				},
				"leftleg": {
					"rotation": [-2.99471, 6.3555, 0.09157]
				},
				"lowerlleg": {
					"rotation": [35, 0, 0]
				}
			}
		},
		"animation.spear.sneak": {
			"loop": true,
			"override_previous_animation": true,
			"bones": {
				"waist": {
					"rotation": [0, 15, 0]
				},
				"leftArm": {
					"rotation": [60, 0, 0]
				},
				"lowerlarm": {
					"rotation": [-52.5, 0, 0]
				},
				"rightArm": {
					"rotation": [-69.76051, 2.80258, 6.25312]
				},
				"lowerrarm": {
					"rotation": [-22.5, 0, 0]
				},
				"root": {
					"rotation": [0, -22.5, 0],
					"position": [0, -3, 0]
				},
				"trail": {
					"scale": 0
				},
				"leftleg": {
					"rotation": [0.41455, 5.9882, -10.52684]
				},
				"lowerlleg": {
					"rotation": [65, 0, 0]
				},
				"rightleg": {
					"rotation": [-64.08775, 14.11685, 1.29795]
				},
				"lowerrleg": {
					"rotation": [57.5, 0, 0]
				},
				"rightItem": {
					"position": [0, 0, 17]
				}
			}
		},
		"animation.spear.sneak_move": {
			"loop": true,
			"animation_length": 1.04,
			"override_previous_animation": true,
			"bones": {
				"waist": {
					"rotation": {
						"0.0": [26.10529, 1.82108, 0.27827],
						"0.52": [26.12159, -2.66909, -1.92198],
						"1.04": [26.10529, 1.82108, 0.27827]
					}
				},
				"leftArm": {
					"rotation": {
						"0.0": [30, 0, 0],
						"0.52": [-20, 0, 0],
						"1.04": [30, 0, 0]
					}
				},
				"lowerlarm": {
					"rotation": [-52.5, 0, 0]
				},
				"rightArm": {
					"rotation": {
						"0.0": [37.5, 0, 0],
						"0.52": [39.72943, 10.79961, 1.97291],
						"1.04": [37.5, 0, 0]
					}
				},
				"lowerrarm": {
					"rotation": {
						"0.0": [-45, 0, 0],
						"1.04": [-45, 0, 0]
					}
				},
				"root": {
					"rotation": [0, 0, 0],
					"position": {
						"0.0": [0, -3, 0],
						"0.28": [0, -1, 0],
						"0.52": [0, -2, 0],
						"0.8": [0, -1, 0],
						"1.04": [0, -3, 0]
					}
				},
				"trail": {
					"scale": 0
				},
				"leftleg": {
					"rotation": {
						"0.0": [5, 0, 0],
						"0.28": [-70.77, 0, 0],
						"0.52": [-47.5, 0, 0],
						"1.04": [5, 0, 0]
					}
				},
				"lowerlleg": {
					"rotation": {
						"0.0": [70, 0, 0],
						"0.52": [47.5, 0, 0],
						"1.04": [70, 0, 0]
					}
				},
				"rightleg": {
					"rotation": {
						"0.0": [-47.5, 0, 0],
						"0.52": [-2.5, 0, 0],
						"0.8": [-56.73, 0, 0],
						"1.04": [-47.5, 0, 0]
					}
				},
				"lowerrleg": {
					"rotation": {
						"0.0": [47.5, 0, 0],
						"0.52": [60, 0, 0],
						"1.04": [47.5, 0, 0]
					}
				}
			}
		},
		"animation.spear.sprint": {
			"loop": true,
			"animation_length": 0.64,
			"override_previous_animation": true,
			"bones": {
				"root": {
					"rotation": {
						"0.0": [-2.5, 0, 0],
						"0.16": [0, 0, 0],
						"0.32": [-2.5, 0, 0],
						"0.48": [2.5, 0, 0],
						"0.64": [-2.5, 0, 0]
					},
					"position": {
						"0.0": [0, -1, 0],
						"0.16": [0, 0, 0],
						"0.32": [0, -1, 0],
						"0.48": [0, 0, 0],
						"0.64": [0, -1, 0]
					}
				},
				"waist": {
					"rotation": [23.35884, 61.03918, 14.85568]
				},
				"leftArm": {
					"rotation": [-42.5, 0, 0]
				},
				"lowerlarm": {
					"rotation": [-15, 0, 0]
				},
				"rightArm": {
					"rotation": [-15.96311, -60.97335, 43.59641]
				},
				"lowerrarm": {
					"rotation": [-32.5, 0, 0]
				},
				"rightleg": {
					"rotation": {
						"0.0": [35, 0, 0],
						"0.32": [-32.5, 0, 0],
						"0.64": [35, 0, 0]
					}
				},
				"lowerrleg": {
					"rotation": {
						"0.0": [15, 0, 0],
						"0.16": [58.08, 0, 0],
						"0.32": [30, 0, 0],
						"0.48": [0.96, 0, 0],
						"0.64": [15, 0, 0]
					}
				},
				"leftleg": {
					"rotation": {
						"0.0": [-27.5, 0, 0],
						"0.16": [-10.96, 0, 0],
						"0.32": [30, 0, 0],
						"0.48": [-15.96, 0, 0],
						"0.64": [-27.5, 0, 0]
					}
				},
				"lowerlleg": {
					"rotation": {
						"0.0": [27.5, 0, 0],
						"0.16": [0.96, 0, 0],
						"0.32": [2.5, 0, 0],
						"0.48": [58.08, 0, 0],
						"0.64": [27.5, 0, 0]
					}
				},
				"rightItem": {
					"rotation": [0, 0, 0]
				}
			}
		}
	}
}