{
	"format_version": "1.8.0",
	"animations": {
		"animation.custom.move_legs": {
			"loop": true,
			"animation_length": 1.04,
			"override_previous_animation": true,
			"bones": {
				"rightleg": {
					"rotation": {
						"0.0": [35, 0, 0],
						"0.52": [-32.5, 0, 0],
						"1.04": [35, 0, 0]
					}
				},
				"lowerrleg": {
					"rotation": {
						"0.0": [15, 0, 0],
						"0.28": [58.08, 0, 0],
						"0.52": [30, 0, 0],
						"0.8": [0.96, 0, 0],
						"1.04": [15, 0, 0]
					}
				},
				"leftleg": {
					"rotation": {
						"0.0": [-27.5, 0, 0],
						"0.24": [-10.96, 0, 0],
						"0.52": [30, 0, 0],
						"0.8": [-15.96, 0, 0],
						"1.04": [-27.5, 0, 0]
					}
				},
				"lowerlleg": {
					"rotation": {
						"0.0": [27.5, 0, 0],
						"0.24": [0.96, 0, 0],
						"0.52": [2.5, 0, 0],
						"0.8": [58.08, 0, 0],
						"1.04": [27.5, 0, 0]
					}
				},
				"root": {
					"rotation": {
						"0.0": [-2.5, 0, 0],
						"0.28": [0, 0, 0],
						"0.52": [-2.5, 0, 0],
						"0.8": [2.5, 0, 0],
						"1.04": [-2.5, 0, 0]
					},
					"position": {
						"0.0": [0, -1, -1],
						"0.28": [0, 0, 0],
						"0.52": [0, -1, -1],
						"0.8": [0, 0, 0],
						"1.04": [0, -1, -1]
					}
				},
				"waist": {
					"rotation": {
						"0.0": [0, 12.5, 0],
						"0.52": [0, -12.5, 0],
						"1.04": [0, 12.5, 0]
					}
				}
			}
		},
		"animation.custom.move_arms": {
			"loop": true,
			"animation_length": 1.04,
			"override_previous_animation": true,
			"bones": {
				"leftArm": {
					"rotation": {
						"0.0": [-27.5, 0, 0],
						"0.52": [50, 0, -7.5],
						"1.04": [-27.5, 0, 0]
					}
				},
				"lowerlarm": {
					"rotation": {
						"0.0": [-20, 0, 0],
						"0.52": [-45, 0, 0],
						"1.04": [-20, 0, 0]
					}
				},
				"rightArm": {
					"rotation": {
						"0.0": [40, 0, 0],
						"0.52": [-30, 0, 7.5],
						"1.04": [40, 0, 0]
					}
				},
				"lowerrarm": {
					"rotation": {
						"0.0": [-5, 0, 0],
						"0.52": [-40, 0, 0],
						"1.04": [-5, 0, 0]
					}
				},
				"main": {
					"position": {
						"0.0": [0, -2, 0],
						"0.52": [0, 0, 0],
						"1.04": [0, -2, 0]
					}
				}
			}
		},
		"animation.custom.sneak_with_move": {
			"loop": true,
			"animation_length": 1.04,
			"override_previous_animation": true,
			"bones": {
				"waist": {
					"rotation": {
						"0.0": [17.5, 0, 0],
						"1.04": [17.5, 0, 0]
					}
				},
				"leftArm": {
					"rotation": {
						"0.0": [-10, 0, 0],
						"0.52": [2.4905, 0.21782, -4.99527],
						"1.04": [-10, 0, 0]
					}
				},
				"rightArm": {
					"rotation": {
						"0.0": [5, 0, 0],
						"0.52": [-4.98107, 0.43523, 4.98107],
						"1.04": [5, 0, 0]
					}
				},
				"root": {
					"position": {
						"0.0": [0, -3, 0],
						"0.28": [0, -1, 0],
						"0.52": [0, -2, 0],
						"0.8": [0, -1, 0],
						"1.04": [0, -3, 0]
					}
				},
				"leftleg": {
					"rotation": {
						"0.0": [5, 0, 0],
						"0.28": [-70.77, 0, 0],
						"0.52": [-47.5, 0, 0],
						"1.04": [5, 0, 0]
					}
				},
				"lowerlleg": {
					"rotation": {
						"0.0": [70, 0, 0],
						"0.52": [47.5, 0, 0],
						"1.04": [70, 0, 0]
					}
				},
				"rightleg": {
					"rotation": {
						"0.0": [-47.5, 0, 0],
						"0.52": [-2.5, 0, 0],
						"0.8": [-56.73, 0, 0],
						"1.04": [-47.5, 0, 0]
					}
				},
				"lowerrleg": {
					"rotation": {
						"0.0": [47.5, 0, 0],
						"0.52": [60, 0, 0],
						"1.04": [47.5, 0, 0]
					}
				},
				"lowerlarm": {
					"rotation": {
						"0.0": [-17.5, 0, 0],
						"1.04": [-17.5, 0, 0]
					}
				},
				"lowerrarm": {
					"rotation": {
						"0.0": [-27.5, 0, 0],
						"1.04": [-27.5, 0, 0]
					}
				}
			}
		},
		"animation.custom.sneak": {
			"loop": true,
			"override_previous_animation": true,
			"bones": {
				"waist": {
					"rotation": [17.5, 0, 0]
				},
				"leftArm": {
					"rotation": [0, 0, 0]
				},
				"rightArm": {
					"rotation": [-10, 0, 0]
				},
				"root": {
					"position": [0, -3, 0]
				},
				"lowerlarm": {
					"rotation": [-17.5, 0, 0]
				},
				"lowerrarm": {
					"rotation": [-17.5, 0, 0]
				},
				"rightleg": {
					"rotation": [-47.5, 0, 0]
				},
				"lowerrleg": {
					"rotation": [47.5, 0, 0]
				},
				"leftleg": {
					"rotation": [5, 0, 0]
				},
				"lowerlleg": {
					"rotation": [70, 0, 0]
				}
			}
		},
		"animation.custom.move_sprint": {
			"loop": true,
			"animation_length": 0.64,
			"override_previous_animation": true,
			"bones": {
				"waist": {
					"rotation": {
						"0.0": [32.0432, -11.94351, -2.70074],
						"0.16": [3.75, -5, 0],
						"0.32": [27.28999, 25.524, 5.80961],
						"0.48": [3.86, -4.32, 0],
						"0.64": [32.0432, -11.94351, -2.70074]
					}
				},
				"rightleg": {
					"rotation": {
						"0.0": [50, 0, 0],
						"0.16": [-68.75, 0, 0],
						"0.32": [-28.82862, 5.17148, 1.1626],
						"0.48": [-3.75, 0, 0],
						"0.64": [50, 0, 0]
					}
				},
				"lowerrleg": {
					"rotation": {
						"0.0": [32.5, 0, 0],
						"0.16": [48.08, 0, 0],
						"0.32": [32.645, 0, 0],
						"0.48": [0.96, 0, 0],
						"0.64": [32.5, 0, 0]
					}
				},
				"leftleg": {
					"rotation": {
						"0.0": [-44.22094, -6.70833, -2.13931],
						"0.16": [-0.96, 0, 0],
						"0.32": [42.5, 0, 0],
						"0.48": [-63.46, 0, 0],
						"0.64": [-44.22094, -6.70833, -2.13931]
					}
				},
				"lowerlleg": {
					"rotation": {
						"0.0": [45, 0, 0],
						"0.16": [0.96, 0, 0],
						"0.32": [20, 0, 0],
						"0.48": [42.27, 0, 0],
						"0.64": [47.5, 0, 0]
					}
				},
				"leftArm": {
					"rotation": {
						"0.0": [95, 0, 0],
						"0.16": [19.86981, 1.24976, -12.44115],
						"0.32": [-44.61295, -14.12467, -3.98593],
						"0.48": [19.86981, 1.24976, -12.44115],
						"0.64": [95, 0, 0]
					}
				},
				"lowerlarm": {
					"rotation": {
						"0.0": [-17.5, 0, 0],
						"0.16": [-37.5, 0, 0],
						"0.32": [-57.5, 0, 0],
						"0.48": [-68.18, 0, 0],
						"0.64": [-17.5, 0, 0]
					}
				},
				"rightArm": {
					"rotation": {
						"0.0": [-44.00703, 10.54529, 10.72858],
						"0.32": [90, 0, 7.5],
						"0.64": [-44.00703, 10.54529, 10.72858]
					}
				},
				"lowerrarm": {
					"rotation": {
						"0.0": [-42.5, 0, 0],
						"0.16": [-57.5, 0, 0],
						"0.32": [-12.5, 0, 0],
						"0.48": [-40.45, 0, 0],
						"0.64": [-42.5, 0, 0]
					}
				},
				"root": {
					"rotation": {
						"0.0": [-2.52154, 7.49282, -0.32902],
						"0.16": [15, 0, 0],
						"0.32": [-2.52154, -7.49282, 0.32902],
						"0.48": [12.5, 0, 0],
						"0.64": [-2.52154, 7.49282, -0.32902]
					},
					"position": {
						"0.0": [0, -2, 0],
						"0.16": [0, -1, 0],
						"0.32": [0, -2, 0],
						"0.48": [0, 0, 0],
						"0.64": [0, -2, 0]
					}
				}
			}
		},
		"animation.custom.attack": {
			"loop": "hold_on_last_frame",
			"animation_length": 0.6,
			"override_previous_animation": true,
			"bones": {
				"waist": {
					"rotation": {
						"0.0": [-7.5, 0, 0],
						"0.16": [-7.5, 27.5, 0],
						"0.32": [-10.8807, 37.40489, -1.63505],
						"0.4": [15, -17.5, 0]
					}
				},
				"rightleg": {
					"rotation": [-2.5, 0, 5]
				},
				"lowerrleg": {
					"rotation": [15, 0, 0]
				},
				"leftleg": {
					"rotation": [-7.5, 0, -7.5]
				},
				"lowerlleg": {
					"rotation": [10, 0, 0]
				},
				"leftArm": {
					"rotation": {
						"0.0": [0, 0, 0],
						"0.16": [0, 0, -7.5],
						"0.32": [0, 0, -7.5],
						"0.4": [15, 0, -17.5]
					}
				},
				"lowerlarm": {
					"rotation": {
						"0.16": [-10, 0, 0],
						"0.32": [-10, 0, 0],
						"0.4": [-17.5, 0, 0]
					}
				},
				"rightArm": {
					"rotation": {
						"0.0": [42.5, 0, 15],
						"0.16": [-150, 0, -12.5],
						"0.32": [-210, 0, -12.5],
						"0.4": [-55, 0, -37.5],
						"0.52": [-51.66388, -5.13358, -59.84221]
					}
				},
				"lowerrarm": {
					"rotation": {
						"0.0": [-7.5, 0, 0],
						"0.16": [-60, 0, 0],
						"0.32": [-60, 0, 0],
						"0.4": [0, 0, 0]
					}
				},
				"root": {
					"rotation": {
						"0.4": [0, 0, 0],
						"0.52": [0, -17.5, 0]
					}
				}
			}
		},
		"animation.custom.attack2": {
			"loop": "hold_on_last_frame",
			"animation_length": 0.72,
			"override_previous_animation": true,
			"bones": {
				"waist": {
					"rotation": {
						"0.0": [16.90873, -31.9304, -4.52707],
						"0.12": [22.97796, -50.77909, -13.57849],
						"0.4": [22.97796, -50.77909, -13.57849],
						"0.48": [14.47788, 9.12812, 6.95226],
						"0.72": [16.30104, 28.42713, 12.53199]
					}
				},
				"rightleg": {
					"rotation": [-2.5, 0, 5]
				},
				"lowerrleg": {
					"rotation": [15, 0, 0]
				},
				"leftleg": {
					"rotation": [-7.5, 0, -7.5]
				},
				"lowerlleg": {
					"rotation": [10, 0, 0]
				},
				"leftArm": {
					"rotation": {
						"0.0": [15, 0, -17.5],
						"0.12": [32.5, 0, -17.5]
					}
				},
				"lowerlarm": {
					"rotation": [-17.5, 0, 0]
				},
				"rightArm": {
					"rotation": {
						"0.0": [-55, 0, -37.5],
						"0.12": [-117.30492, -22.79919, 105.60757],
						"0.4": [-117.30492, -22.79919, 105.60757],
						"0.48": [32.69508, -22.79919, 105.60757],
						"0.72": [47.69508, -22.79919, 105.60757]
					}
				},
				"lowerrarm": {
					"rotation": {
						"0.0": [0, 0, 0],
						"0.12": [-27.5, 0, 0],
						"0.72": [-5, 0, 0]
					}
				},
				"root": {
					"rotation": {
						"0.0": [0, 0, 0],
						"0.12": [0, 0, 0],
						"0.4": [0, -20, 0],
						"0.48": [0, 17.5, 0],
						"0.72": [0, 22.5, 0]
					}
				}
			}
		},
		"animation.custom.attack_fist_right1": {
			"animation_length": 0.44,
			"override_previous_animation": true,
			"bones": {
				"waist": {
					"rotation": {
						"0.0": [-7.5, 20, 0],
						"0.12": [-7.5, 20, 0],
						"0.2": [7.5, -35, 0]
					}
				},
				"leftArm": {
					"rotation": {
						"0.0": [-42.5, -17.5, 0],
						"0.12": [-42.5, -17.5, 0],
						"0.2": [35, 0, 0]
					}
				},
				"lowerlarm": {
					"rotation": {
						"0.0": [-62.5, 0, 0],
						"0.12": [-62.5, 0, 0],
						"0.2": [-45, 0, 0]
					}
				},
				"rightArm": {
					"rotation": {
						"0.0": [42.5, 0, 40],
						"0.12": [42.5, 0, 40],
						"0.2": [-55, 0, 72.5]
					}
				},
				"lowerrarm": {
					"rotation": {
						"0.0": [-57.5, 0, 0],
						"0.12": [-57.5, 0, 0],
						"0.2": [-5, 0, 0]
					}
				},
				"rightleg": {
					"rotation": {
						"0.0": [-7.5, 0, 7.5],
						"0.12": [-7.5, 0, 7.5]
					}
				},
				"lowerrleg": {
					"rotation": {
						"0.0": [12.5, 0, 0],
						"0.12": [12.5, 0, 0]
					}
				},
				"leftleg": {
					"rotation": {
						"0.0": [-2.5, 0, -5],
						"0.12": [-2.5, 0, -5]
					}
				},
				"lowerlleg": {
					"rotation": {
						"0.0": [20, 0, 0],
						"0.12": [20, 0, 0]
					}
				}
			}
		},
		"animation.custom.attack_fist_right2": {
			"animation_length": 0.44,
			"override_previous_animation": true,
			"bones": {
				"waist": {
					"rotation": {
						"0.0": [-7.5, 37.5, 0],
						"0.16": [-7.5, 37.5, 0],
						"0.24": [7.5, -37.5, 0]
					}
				},
				"leftArm": {
					"rotation": {
						"0.0": [-42.5, -35, -37.5],
						"0.16": [-42.5, -35, -37.5],
						"0.24": [40, -17.5, -27.5]
					}
				},
				"lowerlarm": {
					"rotation": {
						"0.0": [-62.5, 0, 0],
						"0.16": [-62.5, 0, 0],
						"0.24": [-30, 0, 0]
					}
				},
				"rightArm": {
					"rotation": {
						"0.0": [55, 0, 40],
						"0.16": [55, 0, 40],
						"0.24": [-67.5, 0, 40]
					}
				},
				"lowerrarm": {
					"rotation": {
						"0.0": [-22.5, 0, 0],
						"0.16": [-22.5, 0, 0],
						"0.24": [-55, 0, 0]
					}
				},
				"rightleg": {
					"rotation": {
						"0.0": [-7.5, 0, 7.5],
						"0.16": [-7.5, 0, 7.5]
					}
				},
				"lowerrleg": {
					"rotation": {
						"0.0": [12.5, 0, 0],
						"0.16": [12.5, 0, 0]
					}
				},
				"leftleg": {
					"rotation": {
						"0.0": [-2.5, 0, -5],
						"0.16": [-2.5, 0, -5]
					}
				},
				"lowerlleg": {
					"rotation": {
						"0.0": [20, 0, 0],
						"0.16": [20, 0, 0]
					}
				}
			}
		},
		"animation.custom.attack_fist_left1": {
			"animation_length": 0.44,
			"override_previous_animation": true,
			"bones": {
				"waist": {
					"rotation": {
						"0.0": [-7.5, -27.5, 0],
						"0.16": [-7.5, -27.5, 0],
						"0.24": [12.5, 30, 0]
					}
				},
				"leftArm": {
					"rotation": {
						"0.0": [57.5, 0, -37.5],
						"0.16": [57.5, 0, -37.5],
						"0.24": [-80, 5, -97.5]
					}
				},
				"lowerlarm": {
					"rotation": {
						"0.0": [-65, 0, 0],
						"0.16": [-65, 0, 0],
						"0.24": [-12.5, 0, 0]
					}
				},
				"rightArm": {
					"rotation": {
						"0.0": [-42.5, 15, 0],
						"0.16": [-42.5, 15, 0],
						"0.24": [25, 0, 0]
					}
				},
				"lowerrarm": {
					"rotation": {
						"0.0": [-45, 0, 0],
						"0.16": [-45, 0, 0],
						"0.24": [-70, 0, 0]
					}
				},
				"rightleg": {
					"rotation": {
						"0.0": [-7.5, 0, 7.5],
						"0.16": [-7.5, 0, 7.5]
					}
				},
				"lowerrleg": {
					"rotation": {
						"0.0": [12.5, 0, 0],
						"0.16": [12.5, 0, 0]
					}
				},
				"leftleg": {
					"rotation": {
						"0.0": [-2.5, 0, -5],
						"0.16": [-2.5, 0, -5]
					}
				},
				"lowerlleg": {
					"rotation": {
						"0.0": [20, 0, 0],
						"0.16": [20, 0, 0]
					}
				}
			}
		},
		"animation.custom.attack_fist_left2": {
			"animation_length": 0.44,
			"override_previous_animation": true,
			"bones": {
				"waist": {
					"rotation": {
						"0.0": [-7.5, -27.5, 0],
						"0.16": [-7.5, -27.5, 0],
						"0.24": [15, 47.5, 0]
					}
				},
				"leftArm": {
					"rotation": {
						"0.0": [70, 0, -37.5],
						"0.16": [70, 0, -37.5],
						"0.24": [-62.5, 5, -22.5]
					}
				},
				"lowerlarm": {
					"rotation": {
						"0.0": [-37.5, 0, 0],
						"0.16": [-37.5, 0, 0],
						"0.24": [-65, 0, 0]
					}
				},
				"rightArm": {
					"rotation": {
						"0.0": [-37.5, 47.5, 12.5],
						"0.16": [-37.5, 47.5, 12.5],
						"0.24": [62.5, 0, 0]
					}
				},
				"lowerrarm": {
					"rotation": {
						"0.0": [-57.5, 0, 0],
						"0.16": [-57.5, 0, 0],
						"0.24": [-35, 0, 0]
					}
				},
				"rightleg": {
					"rotation": {
						"0.0": [-7.5, 0, 7.5],
						"0.16": [-7.5, 0, 7.5]
					}
				},
				"lowerrleg": {
					"rotation": {
						"0.0": [12.5, 0, 0],
						"0.16": [12.5, 0, 0]
					}
				},
				"leftleg": {
					"rotation": {
						"0.0": [-2.5, 0, -5],
						"0.16": [-2.5, 0, -5]
					}
				},
				"lowerlleg": {
					"rotation": {
						"0.0": [20, 0, 0],
						"0.16": [20, 0, 0]
					}
				},
				"body": {
					"rotation": {
						"0.0": [0, -25, 0],
						"0.16": [0, -25, 0]
					}
				}
			}
		},
		"animation.custom.on_air_attack": {
			"animation_length": 0.56,
			"override_previous_animation": true,
			"bones": {
				"waist": {
					"rotation": {
						"0.0": [-15, 47.5, 0],
						"0.24": [-15, 47.5, 0],
						"0.32": [46.43, -37.5, 0]
					}
				},
				"leftArm": {
					"rotation": {
						"0.0": [-17.5, -10, -50],
						"0.24": [-17.5, -10, -50],
						"0.32": [45, -17.5, -40]
					}
				},
				"lowerlarm": {
					"rotation": {
						"0.0": [-25, 0, 0],
						"0.24": [-25, 0, 0],
						"0.32": [-20, 0, 0]
					}
				},
				"rightArm": {
					"rotation": {
						"0.0": [37.5, 0, 97.5],
						"0.24": [37.5, 0, 97.5],
						"0.32": [-75.36, -2.14, 97.5]
					}
				},
				"lowerrarm": {
					"rotation": {
						"0.0": [-52.5, 0, 0],
						"0.24": [-52.5, 0, 0],
						"0.32": [-6.07, 0, 0]
					}
				},
				"rightleg": {
					"rotation": {
						"0.0": [30, 0, 10],
						"0.24": [30, 0, 10],
						"0.32": [-7.5, 0, 10]
					}
				},
				"lowerrleg": {
					"rotation": {
						"0.0": [30, 0, 0],
						"0.24": [30, 0, 0],
						"0.32": [22.5, 0, 0]
					}
				},
				"leftleg": {
					"rotation": {
						"0.0": [-35, 0, -15],
						"0.24": [-35, 0, -15],
						"0.32": [-10, 0, -15]
					}
				},
				"lowerlleg": {
					"rotation": {
						"0.0": [30, 0, 0],
						"0.24": [30, 0, 0],
						"0.32": [22.5, 0, 0]
					}
				}
			}
		},
		"animation.custom.on_air_attack_smash": {
			"animation_length": 0.52,
			"override_previous_animation": true,
			"bones": {
				"waist": {
					"rotation": {
						"0.0": [-35, 0, 0],
						"0.12": [-35, 0, 0],
						"0.28": [45, 0, 0]
					}
				},
				"leftArm": {
					"rotation": {
						"0.0": [-115, 0, -40],
						"0.12": [-115, 0, -40],
						"0.28": [-55, 30, 15]
					},
					"position": [0, 0, -1]
				},
				"lowerlarm": {
					"rotation": {
						"0.0": [-37.5, 0, 0],
						"0.12": [-37.5, 0, 0],
						"0.28": [-32.5, 0, 0]
					}
				},
				"rightArm": {
					"rotation": {
						"0.0": [-107.5, 0, 37.5],
						"0.12": [-107.5, 0, 37.5],
						"0.28": [-60, -25, -27.5]
					},
					"position": [0, 0, -1]
				},
				"lowerrarm": {
					"rotation": {
						"0.0": [-52.5, 0, 0],
						"0.12": [-52.5, 0, 0],
						"0.28": [-12.5, 0, 0]
					}
				},
				"rightleg": {
					"rotation": {
						"0.0": [-5, 0, 10],
						"0.12": [-5, 0, 10],
						"0.28": [7.5, 0, 10],
						"0.44": [-7.5, 0, 10]
					}
				},
				"lowerrleg": {
					"rotation": {
						"0.0": [30, 0, 0],
						"0.12": [30, 0, 0],
						"0.28": [7.5, 0, 0],
						"0.48": [22.5, 0, 0]
					}
				},
				"leftleg": {
					"rotation": {
						"0.0": [-12.5, 0, -15],
						"0.12": [-12.5, 0, -15],
						"0.28": [-20, 0, -15],
						"0.44": [-10, 0, -15]
					}
				},
				"lowerlleg": {
					"rotation": {
						"0.0": [30, 0, 0],
						"0.12": [30, 0, 0],
						"0.28": [30, 0, 0],
						"0.44": [22.5, 0, 0]
					}
				}
			}
		},
		"animation.custom.full_speed_kick_right": {
			"animation_length": 0.52,
			"override_previous_animation": true,
			"bones": {
				"root": {
					"rotation": {
						"0.0": [0, 0, 0],
						"0.12": [2.53793, 0.43399, -17.50933],
						"0.24": [2.98773, 32.0046, 4.07573],
						"0.32": [3.10914, -35.42049, 0.68809]
					},
					"position": {
						"0.0": [0, 0, 0],
						"0.12": [0, -2, 0],
						"0.24": [0, 5, 0],
						"0.32": [0, 5, -8]
					}
				},
				"waist": {
					"rotation": {
						"0.0": [0, 0, 0],
						"0.12": [17.5, 0, 12.5]
					}
				},
				"rightleg": {
					"rotation": {
						"0.0": [0, 0, 0],
						"0.12": [-52.30287, 19.0576, 23.62459],
						"0.24": [32.69713, 19.0576, 23.62459],
						"0.32": [-74.37122, -27.87594, 47.93478]
					}
				},
				"lowerrleg": {
					"rotation": {
						"0.0": [0, 0, 0],
						"0.12": [55, 0, 0],
						"0.24": [65, 0, 0],
						"0.32": [12.5, 0, 0]
					}
				},
				"leftleg": {
					"rotation": {
						"0.0": [0, 0, 0],
						"0.12": [-46.60619, -17.83524, 6.48596],
						"0.24": [2.28468, -19.83201, -27.8453],
						"0.32": [27.28468, -19.83201, -27.8453]
					}
				},
				"lowerlleg": {
					"rotation": {
						"0.0": [0, 0, 0],
						"0.12": [52.5, 0, 0],
						"0.24": [15, 0, 0],
						"0.32": [0, 0, 0]
					}
				}
			}
		},
		"animation.custom.full_speed_kick_left": {
			"animation_length": 0.52,
			"override_previous_animation": true,
			"bones": {
				"root": {
					"rotation": {
						"0.0": [0, 10, 0],
						"0.12": [2.53793, 0.43399, -17.50933],
						"0.24": [3.72755, -1.13258, -30.11109],
						"0.32": [4.11399, 51.96793, 5.7338]
					},
					"position": {
						"0.0": [0, 0, 0],
						"0.12": [0, -2, 0],
						"0.24": [0, 5, 0],
						"0.32": [0, 5, -6]
					}
				},
				"waist": {
					"rotation": {
						"0.0": [0, 0, 0],
						"0.12": [17.5, 0, 12.5]
					}
				},
				"rightleg": {
					"rotation": {
						"0.0": [0, 0, 0],
						"0.12": [-52.30287, 19.0576, 23.62459],
						"0.24": [-17.30287, 19.0576, 23.62459],
						"0.32": [50.47126, -23.55051, 9.22633]
					}
				},
				"lowerrleg": {
					"rotation": {
						"0.0": [0, 0, 0],
						"0.12": [55, 0, 0],
						"0.24": [22.5, 0, 0],
						"0.32": [12.5, 0, 0]
					}
				},
				"leftleg": {
					"rotation": {
						"0.0": [0, 0, 0],
						"0.12": [-46.60619, -17.83524, 6.48596],
						"0.24": [57.28468, -19.83201, -27.8453],
						"0.32": [-67.27686, 22.20011, -41.19609]
					}
				},
				"lowerlleg": {
					"rotation": {
						"0.0": [0, 0, 0],
						"0.12": [52.5, 0, 0],
						"0.24": [62.5, 0, 0],
						"0.32": [40, 0, 0]
					}
				}
			}
		},
		"animation.custom.full_speed_kick_right1": {
			"animation_length": 0.64,
			"override_previous_animation": true,
			"bones": {
				"root": {
					"rotation": {
						"0.0": [0, -2.5, -15],
						"0.08": [0, 22.5, -5],
						"0.24": [0, 22.5, -5],
						"0.32": [-2.5, -45, 20]
					},
					"position": {
						"0.08": [0, 0, 0],
						"0.24": [0, 0, 0]
					}
				},
				"waist": {
					"rotation": {
						"0.08": [2.5, 0, 12.5],
						"0.24": [2.5, 0, 12.5],
						"0.32": [-20, 0, -5]
					}
				},
				"leftArm": {
					"rotation": {
						"0.08": [30, -20, -20],
						"0.24": [30, -20, -20],
						"0.32": [10, -20, -12.5]
					}
				},
				"lowerlarm": {
					"rotation": {
						"0.08": [-15, 0, 0],
						"0.24": [-15, 0, 0],
						"0.32": [-10, 0, 0]
					}
				},
				"rightArm": {
					"rotation": {
						"0.08": [-5, 2.5, 12.5],
						"0.24": [-5, 2.5, 12.5],
						"0.32": [50, 2.5, 12.5]
					}
				},
				"lowerrarm": {
					"rotation": {
						"0.08": [-12.5, 0, 0],
						"0.24": [-12.5, 0, 0],
						"0.32": [-12.5, 0, 0]
					}
				},
				"rightleg": {
					"rotation": {
						"0.0": [-12.5, 0, 27.5],
						"0.08": [32.5, 0, 27.5],
						"0.24": [32.5, 0, 27.5],
						"0.32": [-68.33, 0, 52.5]
					}
				},
				"lowerrleg": {
					"rotation": {
						"0.0": [15, 0, 0],
						"0.08": [55, 0, 0],
						"0.24": [55, 0, 0],
						"0.32": [32.5, 0, 0]
					}
				},
				"leftleg": {
					"rotation": {
						"0.08": [-2.5, 0, 5],
						"0.24": [-2.5, 0, 5],
						"0.32": [-35, 0, -22.5]
					}
				},
				"lowerlleg": {
					"rotation": {
						"0.08": [5, 0, 0],
						"0.24": [5, 0, 0],
						"0.32": [20, 0, 0]
					}
				}
			}
		},
		"animation.custom.full_speed_kick_right2": {
			"animation_length": 0.52,
			"override_previous_animation": true,
			"bones": {
				"root": {
					"rotation": {
						"0.0": [0, 0, -10],
						"0.08": [0, 22.5, -5],
						"0.24": [0, 22.5, -5],
						"0.32": [0, -45, 27.5]
					},
					"position": {
						"0.08": [0, 0, 0],
						"0.24": [0, 0, 0]
					}
				},
				"waist": {
					"rotation": {
						"0.08": [2.5, 0, 12.5],
						"0.24": [2.5, 0, 12.5],
						"0.32": [-20, 0, 22.5]
					}
				},
				"leftArm": {
					"rotation": {
						"0.08": [30, -20, -20],
						"0.24": [30, -20, -20],
						"0.32": [10, -20, -12.5]
					}
				},
				"lowerlarm": {
					"rotation": {
						"0.08": [-15, 0, 0],
						"0.24": [-15, 0, 0],
						"0.32": [-10, 0, 0]
					}
				},
				"rightArm": {
					"rotation": {
						"0.08": [-5, 2.5, 12.5],
						"0.24": [-5, 2.5, 12.5],
						"0.32": [50, 2.5, 12.5]
					}
				},
				"lowerrarm": {
					"rotation": {
						"0.08": [-12.5, 0, 0],
						"0.24": [-12.5, 0, 0],
						"0.32": [-12.5, 0, 0]
					}
				},
				"rightleg": {
					"rotation": {
						"0.0": [0, 0, 27.5],
						"0.08": [32.5, 0, 27.5],
						"0.24": [32.5, 0, 27.5],
						"0.32": [-80.83, 22.5, 72.5]
					}
				},
				"lowerrleg": {
					"rotation": {
						"0.0": [30, 0, 0],
						"0.08": [55, 0, 0],
						"0.24": [55, 0, 0],
						"0.32": [32.5, 0, 0]
					}
				},
				"leftleg": {
					"rotation": {
						"0.08": [-2.5, 0, 5],
						"0.24": [-2.5, 0, 5],
						"0.32": [-35, 0, -22.5]
					}
				},
				"lowerlleg": {
					"rotation": {
						"0.08": [5, 0, 0],
						"0.24": [5, 0, 0],
						"0.32": [20, 0, 0]
					}
				}
			}
		},
		"animation.custom.full_speed_kick_right_fly": {
			"animation_length": 0.6,
			"override_previous_animation": true,
			"bones": {
				"root": {
					"rotation": {
						"0.0": [0, 22.5, -5],
						"0.08": [-17.5, 2.5, -5],
						"0.2": [-32.5, 2.5, -5],
						"0.28": [20, 2.5, -12.5]
					},
					"position": [0, 0, 0]
				},
				"waist": {
					"rotation": [2.5, 0, 12.5]
				},
				"leftArm": {
					"rotation": {
						"0.0": [30, -20, -20],
						"0.2": [30, -20, -20],
						"0.28": [62.5, -20, -20]
					}
				},
				"lowerlarm": {
					"rotation": {
						"0.0": [-15, 0, 0],
						"0.2": [-15, 0, 0]
					}
				},
				"rightArm": {
					"rotation": {
						"0.0": [-5, 2.5, 12.5],
						"0.2": [-5, 2.5, 12.5],
						"0.28": [37.5, 2.5, 27.5]
					}
				},
				"lowerrarm": {
					"rotation": {
						"0.0": [-12.5, 0, 0],
						"0.2": [-12.5, 0, 0]
					}
				},
				"rightleg": {
					"rotation": {
						"0.0": [32.5, 0, 27.5],
						"0.08": [-110, 0, 27.5],
						"0.2": [-110, 0, 27.5],
						"0.28": [-35, 0, 27.5]
					}
				},
				"lowerrleg": {
					"rotation": {
						"0.0": [55, 0, 0],
						"0.08": [-12.5, 0, 0],
						"0.2": [-12.5, 0, 0],
						"0.28": [10, 0, 0]
					}
				},
				"leftleg": {
					"rotation": {
						"0.0": [-2.5, 0, 5],
						"0.08": [-2.5, 0, 5],
						"0.2": [30, 0, 5],
						"0.28": [-12.5, 0, 5]
					}
				},
				"lowerlleg": {
					"rotation": {
						"0.0": [5, 0, 0],
						"0.08": [5, 0, 0]
					}
				}
			}
		},
		"animation.custom.full_speed_kick_left1": {
			"animation_length": 0.52,
			"override_previous_animation": true,
			"bones": {
				"root": {
					"rotation": {
						"0.0": [0, -22.5, -22.5],
						"0.16": [0, -22.5, -22.5],
						"0.24": [10, 40, -5]
					},
					"position": {
						"0.0": [0, 0, 0],
						"0.16": [0, 0, 0]
					}
				},
				"waist": {
					"rotation": {
						"0.0": [2.5, 15, 30],
						"0.16": [2.5, 15, 30],
						"0.24": [-20, -5, -5]
					}
				},
				"leftArm": {
					"rotation": {
						"0.0": [30, -20, -20],
						"0.16": [30, -20, -20],
						"0.24": [27.5, -20, -12.5]
					}
				},
				"lowerlarm": {
					"rotation": {
						"0.0": [-15, 0, 0],
						"0.16": [-15, 0, 0],
						"0.24": [-5, 0, 0]
					}
				},
				"rightArm": {
					"rotation": {
						"0.0": [-5, 2.5, 12.5],
						"0.16": [-5, 2.5, 12.5],
						"0.24": [15, 2.5, 12.5]
					}
				},
				"lowerrarm": {
					"rotation": {
						"0.0": [-12.5, 0, 0],
						"0.16": [-12.5, 0, 0],
						"0.24": [-12.5, 0, 0]
					}
				},
				"rightleg": {
					"rotation": {
						"0.0": [-17.5, 0, 27.5],
						"0.16": [-17.5, 0, 27.5],
						"0.24": [-37.36, 0, 5.83]
					}
				},
				"lowerrleg": {
					"rotation": {
						"0.0": [20, 0, 0],
						"0.16": [20, 0, 0],
						"0.24": [32.5, 0, 0]
					}
				},
				"leftleg": {
					"rotation": {
						"0.0": [-2.5, 0, 5],
						"0.16": [-2.5, 0, 5],
						"0.24": [-82.08, 0, -55.42]
					}
				},
				"lowerlleg": {
					"rotation": {
						"0.0": [5, 0, 0],
						"0.16": [5, 0, 0],
						"0.24": [30, 0, -2.5]
					}
				}
			}
		},
		"animation.custom.full_speed_kick_left2": {
			"animation_length": 0.52,
			"override_previous_animation": true,
			"bones": {
				"root": {
					"rotation": {
						"0.0": [0, -22.5, -22.5],
						"0.16": [0, -22.5, -22.5],
						"0.24": [10, 40, -5]
					},
					"position": {
						"0.0": [0, 0, 0],
						"0.16": [0, 0, 0]
					}
				},
				"waist": {
					"rotation": {
						"0.0": [2.5, 15, 17.5],
						"0.16": [2.5, 15, 17.5],
						"0.28": [-20, 10, -22.5]
					}
				},
				"leftArm": {
					"rotation": {
						"0.0": [30, -20, -20],
						"0.16": [30, -20, -20],
						"0.24": [67.5, -20, -12.5]
					}
				},
				"lowerlarm": {
					"rotation": {
						"0.0": [-15, 0, 0],
						"0.16": [-15, 0, 0],
						"0.24": [-5, 0, 0]
					}
				},
				"rightArm": {
					"rotation": {
						"0.0": [-5, 2.5, 12.5],
						"0.16": [-5, 2.5, 12.5],
						"0.24": [27.5, 2.5, 12.5]
					}
				},
				"lowerrarm": {
					"rotation": {
						"0.0": [-12.5, 0, 0],
						"0.16": [-12.5, 0, 0],
						"0.24": [-12.5, 0, 0]
					}
				},
				"rightleg": {
					"rotation": {
						"0.0": [-17.5, 0, 27.5],
						"0.16": [-17.5, 0, 27.5],
						"0.24": [-37.36, 0, 5.83]
					}
				},
				"lowerrleg": {
					"rotation": {
						"0.0": [20, 0, 0],
						"0.16": [20, 0, 0],
						"0.24": [32.5, 0, 0]
					}
				},
				"leftleg": {
					"rotation": {
						"0.0": [-2.5, 0, 5],
						"0.16": [-2.5, 0, 5],
						"0.24": [-99.58, -25, -55.42]
					}
				},
				"lowerlleg": {
					"rotation": {
						"0.0": [5, 0, 0],
						"0.16": [5, 0, 0],
						"0.24": [30, 0, -2.5]
					}
				}
			}
		},
		"animation.custom.full_speed_fall": {
			"loop": "hold_on_last_frame",
			"animation_length": 1.56,
			"override_previous_animation": true,
			"bones": {
				"root": {
					"rotation": {
						"0.0": [-105, 0, 0],
						"0.44": [77.5, -170, -17.5],
						"1.24": [77.5, -170, -190],
						"1.56": [172.5, -170, -190]
					},
					"position": {
						"0.0": [0, -3, 0],
						"0.44": [0, -6, 0]
					}
				},
				"waist": {
					"rotation": {
						"0.0": [2.5, 0, 12.5],
						"0.44": [2.5, -7.84, 12.5],
						"0.52": [2.5, -43.63, 12.5],
						"1.04": [2.5, 8.94, 12.5],
						"1.44": [2.5, -32.5, 12.5],
						"1.56": [17.5, 10, 12.5]
					}
				},
				"leftArm": {
					"rotation": {
						"0.0": [30, -20, -42.5],
						"0.52": [47.3, -20, -36.2],
						"1.56": [22.5, -20, -25]
					}
				},
				"lowerlarm": {
					"rotation": {
						"0.0": [-37.5, 0, 0],
						"0.52": [-10, 0, 0],
						"1.56": [-37.5, 0, 0]
					}
				},
				"rightArm": {
					"rotation": {
						"0.0": [22.5, 2.5, 12.5],
						"0.44": [-46.35, -6.92, 12.5],
						"0.52": [-73.4, -9.61, 12.5],
						"1.08": [-45, -15, 12.5],
						"1.56": [12.5, -15, 42.5]
					}
				},
				"lowerrarm": {
					"rotation": {
						"0.0": [-10, 0, 0],
						"0.44": [-52.5, 0, -5],
						"0.52": [-7.5, 0, -5],
						"1.56": [-25, 0, -5]
					}
				},
				"rightleg": {
					"rotation": {
						"0.0": [17.5, 0, 27.5],
						"0.52": [20.37, 0, 27.5],
						"1.08": [-15, 0, 27.5],
						"1.56": [5, 0, 27.5]
					}
				},
				"lowerrleg": {
					"rotation": {
						"0.0": [25, 0, 0],
						"0.52": [41.02, 0, 0],
						"1.08": [20, 0, 0],
						"1.56": [27.5, 0, 0]
					}
				},
				"leftleg": {
					"rotation": {
						"0.0": [10, 0, -12.5],
						"0.44": [10, 0, -12.5],
						"0.52": [-12.5, 0, -12.5],
						"1.08": [5.58, 0, -12.5],
						"1.56": [2.5, 0, -12.5]
					}
				},
				"lowerlleg": {
					"rotation": {
						"0.0": [30, 0, 0],
						"0.44": [30, 0, 0],
						"0.56": [7.5, 0, 0],
						"1.08": [24.1, 0, 0],
						"1.56": [25, 0, 0]
					}
				}
			}
		},
		"animation.custom.full_speed_kick2": {
			"loop": "hold_on_last_frame",
			"animation_length": 0.52,
			"override_previous_animation": true,
			"bones": {
				"root": {
					"rotation": {
						"0.0": [0, 0, 0],
						"0.12": [-76.79749, -53.15089, 96.05149],
						"0.28": [-76.79749, -53.15089, 96.05149],
						"0.36": [-74.85821, -46.56302, 83.17981]
					}
				},
				"leftArm": {
					"rotation": [-49.26926, 13.35981, -15.02126]
				},
				"lowerlarm": {
					"rotation": [-67.5, 0, 0]
				},
				"rightArm": {
					"rotation": [-60.50174, -24.28484, 36.01619]
				},
				"lowerrarm": {
					"rotation": [-77.5, 0, 0]
				},
				"rightleg": {
					"rotation": {
						"0.0": [-97.5, 0, 0],
						"0.12": [-107.5, 0, 0],
						"0.28": [-107.5, 0, 0],
						"0.36": [-10.25103, 14.26008, 53.71433]
					}
				},
				"lowerrleg": {
					"rotation": {
						"0.0": [122.5, 0, 0],
						"0.12": [127.5, 0, 0],
						"0.28": [127.5, 0, 0],
						"0.36": [0, 0, 0]
					}
				},
				"leftleg": {
					"rotation": {
						"0.0": [0, 0, 0],
						"0.12": [0, 0, -40],
						"0.28": [0, 0, -40],
						"0.36": [0, 0, -50]
					}
				}
			}
		},
		"animation.custom.full_speed_land": {
			"loop": "hold_on_last_frame",
			"animation_length": 0.68,
			"override_previous_animation": true,
			"bones": {
				"root": {
					"rotation": [172.5, -170, -190],
					"position": {
						"0.0": [0, 0, 0],
						"0.32": [0, -3, 0],
						"0.68": [0, -1, 0]
					}
				},
				"waist": {
					"rotation": {
						"0.0": [17.5, 10, 12.5],
						"0.32": [37.5, 3.44, 12.5],
						"0.68": [20, 17.5, 12.5]
					}
				},
				"leftArm": {
					"rotation": {
						"0.0": [22.5, -20, -25],
						"0.32": [22.5, -20, -12.5],
						"0.68": [22.5, -20, -5]
					}
				},
				"lowerlarm": {
					"rotation": {
						"0.0": [-37.5, 0, 0],
						"0.68": [-32.5, 0, 0]
					}
				},
				"rightArm": {
					"rotation": {
						"0.0": [12.5, -15, 42.5],
						"0.32": [12.5, -15, 17.5],
						"0.68": [12.5, -15, 10]
					}
				},
				"lowerrarm": {
					"rotation": {
						"0.0": [-25, 0, -5],
						"0.68": [-20, 0, -5]
					}
				},
				"rightleg": {
					"rotation": {
						"0.0": [5, 0, 27.5],
						"0.32": [-40, 0, 17.5],
						"0.68": [-2.5, 0, 17.5]
					}
				},
				"lowerrleg": {
					"rotation": {
						"0.0": [27.5, 0, 0],
						"0.32": [65, 0, 0],
						"0.68": [17.5, 0, 0]
					}
				},
				"leftleg": {
					"rotation": {
						"0.0": [2.5, 0, -12.5],
						"0.32": [-35, 0, 0],
						"0.68": [-5, 0, -2.5]
					}
				},
				"lowerlleg": {
					"rotation": {
						"0.0": [25, 0, 0],
						"0.32": [50, 0, 0],
						"0.68": [17.5, 0, 0]
					}
				}
			}
		},
		"animation.custom.knockback": {
			"loop": "hold_on_last_frame",
			"animation_length": 1.04,
			"override_previous_animation": true,
			"bones": {
				"root": {
					"rotation": [180, -170, -190],
					"position": [0, -2, 0]
				},
				"waist": {
					"rotation": [17.5, 10, 12.5]
				},
				"leftArm": {
					"rotation": {
						"0.0": [22.5, -20, -25],
						"0.32": [45, -20, -25],
						"0.56": [22.5, -20, -25],
						"0.8": [45, -20, -25],
						"0.96": [22.5, -20, -25]
					}
				},
				"lowerlarm": {
					"rotation": {
						"0.0": [-37.5, 0, 0],
						"0.32": [-17.5, 0, 0],
						"0.56": [-37.5, 0, 0],
						"0.8": [-17.5, 0, 0],
						"0.96": [-37.5, 0, 0]
					}
				},
				"rightArm": {
					"rotation": {
						"0.0": [12.5, -15, 42.5],
						"0.32": [30, -15, 42.5],
						"0.56": [12.5, -15, 42.5],
						"0.8": [30, -15, 42.5],
						"0.96": [12.5, -15, 42.5]
					}
				},
				"lowerrarm": {
					"rotation": {
						"0.0": [-25, 0, -5],
						"0.32": [-17.5, 0, -5],
						"0.56": [-25, 0, -5],
						"0.8": [-17.5, 0, -5],
						"0.96": [-25, 0, -5]
					}
				},
				"rightleg": {
					"rotation": {
						"0.0": [-7.5, 0, 27.5],
						"0.32": [-17.5, 0, 27.5],
						"0.56": [-7.5, 0, 27.5],
						"0.8": [-17.5, 0, 27.5],
						"0.96": [-7.5, 0, 27.5]
					}
				},
				"lowerrleg": {
					"rotation": {
						"0.0": [27.5, 0, 0],
						"0.32": [35, 0, 0],
						"0.56": [27.5, 0, 0],
						"0.8": [35, 0, 0],
						"0.96": [27.5, 0, 0]
					}
				},
				"leftleg": {
					"rotation": {
						"0.0": [-10, 0, -12.5],
						"0.32": [-20, 0, -12.5],
						"0.56": [-10, 0, -12.5],
						"0.8": [-20, 0, -12.5],
						"0.96": [-10, 0, -12.5]
					}
				},
				"lowerlleg": {
					"rotation": {
						"0.0": [25, 0, 0],
						"0.32": [35, 0, 0],
						"0.56": [25, 0, 0],
						"0.8": [35, 0, 0],
						"0.96": [25, 0, 0]
					}
				}
			}
		},
		"animation.custom.stun": {
			"loop": "hold_on_last_frame",
			"animation_length": 1.04,
			"override_previous_animation": true,
			"bones": {
				"root": {
					"rotation": [180, -170, -190],
					"position": [0, -2, 0]
				},
				"waist": {
					"rotation": {
						"0.0": [17.5, 10, 12.5],
						"0.2": [40, 10, 12.5],
						"0.36": [-27.5, 10, 12.5],
						"0.48": [10, 10, 12.5]
					}
				},
				"leftArm": {
					"rotation": {
						"0.0": [22.5, -20, -25],
						"0.2": [-50, -20, -25],
						"0.44": [22.5, -20, -25]
					}
				},
				"lowerlarm": {
					"rotation": {
						"0.0": [-37.5, 0, 0],
						"0.2": [-17.5, 0, 0],
						"0.44": [-37.5, 0, 0]
					}
				},
				"rightArm": {
					"rotation": {
						"0.0": [12.5, -15, 42.5],
						"0.2": [-56.9035, -3.11245, 23.11567],
						"0.36": [12.5, -15, 42.5]
					}
				},
				"lowerrarm": {
					"rotation": {
						"0.0": [-25, 0, -5],
						"0.2": [-17.5, 0, -5],
						"0.44": [-25, 0, -5]
					}
				},
				"rightleg": {
					"rotation": {
						"0.0": [-7.5, 0, 27.5],
						"0.2": [-17.5, 0, 27.5],
						"0.44": [-7.5, 0, 27.5]
					}
				},
				"lowerrleg": {
					"rotation": {
						"0.0": [27.5, 0, 0],
						"0.2": [35, 0, 0],
						"0.44": [27.5, 0, 0]
					}
				},
				"leftleg": {
					"rotation": {
						"0.0": [-10, 0, -12.5],
						"0.2": [-20, 0, -12.5],
						"0.44": [-10, 0, -12.5]
					}
				},
				"lowerlleg": {
					"rotation": {
						"0.0": [25, 0, 0],
						"0.2": [35, 0, 0],
						"0.44": [25, 0, 0]
					}
				}
			}
		},
		"animation.custom.dodge": {
			"loop": "hold_on_last_frame",
			"animation_length": 1.04,
			"override_previous_animation": true,
			"bones": {
				"root": {
					"rotation": [180, -170, -190],
					"position": [0, -2, 0]
				},
				"waist": {
					"rotation": [17.5, 10, 12.5]
				},
				"leftArm": {
					"rotation": [-85.22057, 3.91197, -47.91543]
				},
				"lowerlarm": {
					"rotation": [-97.5, 0, 0]
				},
				"rightArm": {
					"rotation": [-94.69672, -11.54216, 62.74852]
				},
				"lowerrarm": {
					"rotation": [-82.5, 0, -5]
				},
				"rightleg": {
					"rotation": [-7.5, 0, 27.5]
				},
				"lowerrleg": {
					"rotation": [27.5, 0, 0]
				},
				"leftleg": {
					"rotation": [-10, 0, -12.5]
				},
				"lowerlleg": {
					"rotation": [25, 0, 0]
				}
			}
		},
		"animation.custom.on_air": {
			"loop": "hold_on_last_frame",
			"animation_length": 4.56,
			"override_previous_animation": true,
			"bones": {
				"root": {
					"rotation": [0, 0, 0],
					"position": [0, 0, 0]
				},
				"leftArm": {
					"rotation": {
						"0.0": [22.5, -20, -25],
						"2.6": [22.5, -20, -117.5],
						"3.12": [11.65956, -13.72686, -131.74969],
						"3.4": [-7.75552, -38.14233, -46.99776],
						"3.76": [-2.37375, -37.68057, -131.84846],
						"4.04": [-7.17871, -16.48183, -66.80045],
						"4.32": [36.65956, -13.72686, -131.74969],
						"4.56": [23.51016, -31.80684, -98.96881]
					}
				},
				"lowerlarm": {
					"rotation": [-37.5, 0, 0]
				},
				"rightArm": {
					"rotation": {
						"0.0": [12.5, -15, 42.5],
						"2.6": [12.5, -15, 117.5],
						"3.12": [24.78803, -11.60549, 138.30022],
						"3.4": [42.28803, -11.60549, 138.30022],
						"3.76": [-9.12961, 32.34391, 61.08777],
						"4.04": [24.78803, -11.60549, 138.30022],
						"4.32": [15.51536, 41.23143, 58.66924],
						"4.56": [39.32295, 20.48923, 102.69118]
					}
				},
				"lowerrarm": {
					"rotation": [-25, 0, -5]
				},
				"rightleg": {
					"rotation": {
						"0.0": [4.88206, 1.08089, 2.54608],
						"2.6": [5, 0, 30]
					}
				},
				"lowerrleg": {
					"rotation": [27.5, 0, 0]
				},
				"leftleg": {
					"rotation": {
						"0.0": [2.44081, -0.54094, -0.01152],
						"2.6": [2.38443, 0.75155, -29.98436]
					}
				},
				"lowerlleg": {
					"rotation": [25, 0, 0]
				}
			}
		},
		"animation.custom.swim": {
			"loop": true,
			"animation_length": 1.24,
			"override_previous_animation": true,
			"bones": {
				"root": {
					"rotation": {
						"0.0": [72.5, 0, 0],
						"0.56": [72.5, 0, 0],
						"1.24": [72.5, 0, 0]
					},
					"position": {
						"0.0": [0, -9, 0],
						"0.56": [0, -9, 0],
						"1.24": [0, -9, 0]
					}
				},
				"waist": {
					"rotation": {
						"0.0": [17.5, 10, 12.5],
						"0.56": [17.5, -10, -12.5],
						"1.24": [17.5, 10, 12.5]
					}
				},
				"leftArm": {
					"rotation": {
						"0.0": [22.5, -20, -25],
						"0.28": [22.5, -20, -142.5],
						"0.44": [-27.5, -20, -155],
						"0.64": [12.5, 15, -42.5]
					}
				},
				"lowerlarm": {
					"rotation": {
						"0.0": [-37.5, 0, 0],
						"0.2": [0, 0, 0],
						"0.44": [-30, 0, 0],
						"0.64": [-37.5, 0, 0]
					}
				},
				"rightArm": {
					"rotation": {
						"0.0": [12.5, -15, 42.5],
						"0.12": [-122.5, -72.5, 147.5],
						"0.44": [12.5, -15, 42.5],
						"0.56": [22.5, 20, 25],
						"0.84": [22.5, 20, 142.5],
						"1.0": [-27.5, 20, 155],
						"1.24": [12.5, -15, 42.5]
					}
				},
				"lowerrarm": {
					"rotation": {
						"0.0": [-25, 0, -5],
						"0.44": [-25, 0, -5],
						"0.56": [-25, 0, 5],
						"1.0": [-25, 0, 5],
						"1.24": [-25, 0, -5]
					}
				},
				"rightleg": {
					"rotation": {
						"0.0": [5, 0, 15],
						"0.4": [43.21, 0, -1.07],
						"0.56": [2.5, 0, -7.5],
						"0.88": [-28.82, 0, 3.09],
						"1.24": [5, 0, 15]
					}
				},
				"lowerrleg": {
					"rotation": {
						"0.0": [27.5, 0, 0],
						"0.56": [27.5, 0, 0]
					}
				},
				"leftleg": {
					"rotation": {
						"0.0": [2.5, 0, 7.5],
						"0.4": [-23.21, 0, -8.57],
						"0.56": [5, 0, -15],
						"0.88": [43.82, 0, -4.41],
						"1.24": [2.5, 0, 7.5]
					}
				},
				"lowerlleg": {
					"rotation": {
						"0.0": [25, 0, 0],
						"0.56": [25, 0, 0]
					}
				}
			}
		},
		"animation.custom.squish": {
			"loop": "hold_on_last_frame",
			"animation_length": 0.6,
			"override_previous_animation": true,
			"bones": {
				"waist": {
					"scale": {
						"0.0": [1, 1, 1],
						"0.24": [1, 0.5, 1],
						"0.52": [1, 1.2, 1],
						"0.6": [1, 1, 1]
					}
				}
			}
		},
		"animation.custom.bob1": {
			"loop": true,
			"animation_length": 2.08,
			"override_previous_animation": true,
			"bones": {
				"root": {
					"position": {
						"0.0": [0, 0, 0],
						"1.04": [0, -1, 0],
						"2.08": [0, 0, 0]
					}
				},
				"leftleg": {
					"rotation": {
						"0.0": [10.00933, 2.462, 0.43439],
						"2.08": [10.00933, 2.462, 0.43439]
					}
				},
				"lowerlleg": {
					"rotation": {
						"0.0": [2.5, 0, 0],
						"1.04": [22.5, 0, 0],
						"2.08": [2.5, 0, 0]
					}
				},
				"rightleg": {
					"rotation": {
						"0.0": [-15, 0, 0],
						"1.04": [-25, 0, 0],
						"2.08": [-15, 0, 0]
					}
				},
				"lowerrleg": {
					"rotation": {
						"0.0": [15, 0, 0],
						"1.04": [25, 0, 0],
						"2.08": [15, 0, 0]
					}
				},
				"waist": {
					"rotation": {
						"0.0": [0, 0, 0],
						"1.04": [5, 0, 0],
						"2.08": [0, 0, 0]
					}
				},
				"leftArm": {
					"rotation": {
						"0.0": [10, 0, -10],
						"1.04": [9.91565, 1.16391, -2.1822],
						"2.08": [10, 0, -10]
					}
				},
				"lowerlarm": {
					"rotation": {
						"0.0": [-17.5, 0, 0],
						"1.04": [-7.5, 0, 0],
						"2.08": [-17.5, 0, 0]
					}
				},
				"rightArm": {
					"rotation": {
						"0.0": [19.43338, -4.36016, 14.36914],
						"1.04": [9.89759, -0.13867, 2.59177],
						"2.08": [19.43338, -4.36016, 14.36914]
					}
				},
				"lowerrarm": {
					"rotation": {
						"0.0": [-32.5, 0, 0],
						"1.04": [-12.5, 0, 0],
						"2.08": [-32.5, 0, 0]
					}
				}
			}
		}
	}
}