{
	"format_version": "1.8.0",
	"animations": {
		"animation.slash.to_left": {
			"animation_length": 1.44,
			"bones": {
				"kotoba0": {
					"scale": {
						"0.2": [0, 0, 0],
						"0.28": [1, 1, 1],
						"0.48": [1, 1, 1],
						"0.56": [1, 1, 0]
					}
				},
				"kotoba3": {
					"scale": {
						"0.12": [0, 0, 0],
						"0.2": [1, 1, 1],
						"0.44": [1, 1, 1],
						"0.52": [1, 1, 0]
					}
				},
				"kotoba4": {
					"scale": {
						"0.08": [0, 0, 0],
						"0.16": [1, 1, 1],
						"0.4": [1, 1, 1],
						"0.48": [1, 1, 0]
					}
				},
				"kotoba5": {
					"scale": {
						"0.04": [0, 0, 0],
						"0.12": [1, 0, 1],
						"0.36": [1, 0, 1],
						"0.44": [1, 0, 0]
					}
				},
				"kotoba7": {
					"scale": {
						"0.0": [1, 0, 0],
						"0.08": [1, 1, 1],
						"0.24": [1, 1, 1],
						"0.32": [1, 0, 0.9],
						"0.4": [0, 0, 0]
					}
				},
				"kotoba1": {
					"scale": {
						"0.24": [0, 0, 0],
						"0.32": [1, 1, 1],
						"0.52": [1, 1, 1],
						"0.6": [1, 1, 0]
					}
				},
				"kotoba2": {
					"scale": {
						"0.28": [0, 0, 0],
						"0.36": [1, 1, 1],
						"0.56": [1, 1, 1],
						"0.64": [1, 1, 0]
					}
				},
				"kotoba6": {
					"scale": {
						"0.32": [0, 0, 0],
						"0.4": [1, 1, 1],
						"0.6": [1, 1, 1],
						"0.68": [0, 0, 0]
					}
				},
				"kotoba8": {
					"scale": {
						"0.36": [0, 0, 0],
						"0.44": [1, 1, 1],
						"0.64": [1, 1, 1],
						"0.72": [0, 0, 0]
					}
				}
			}
		},
		"animation.slash.to_left_stay": {
			"animation_length": 1.44,
			"bones": {
				"kotoba0": {
					"scale": {
						"0.2": [0, 0, 0],
						"0.28": [1, 1, 1]
					}
				},
				"kotoba3": {
					"scale": {
						"0.12": [0, 0, 0],
						"0.2": [1, 1, 1]
					}
				},
				"kotoba4": {
					"scale": {
						"0.08": [0, 0, 0],
						"0.16": [1, 1, 1],
						"0.4": [1, 1, 1]
					}
				},
				"kotoba5": {
					"scale": {
						"0.04": [0, 0, 0],
						"0.12": [1, 0, 1]
					}
				},
				"kotoba7": {
					"scale": {
						"0.0": [1, 0, 0],
						"0.08": [1, 1, 1]
					}
				},
				"kotoba1": {
					"scale": {
						"0.24": [0, 0, 0],
						"0.32": [1, 1, 1]
					}
				},
				"kotoba2": {
					"scale": {
						"0.28": [0, 0, 0],
						"0.36": [1, 1, 1]
					}
				},
				"kotoba6": {
					"scale": {
						"0.32": [0, 0, 0],
						"0.4": [1, 1, 1]
					}
				},
				"kotoba8": {
					"scale": {
						"0.36": [0, 0, 0],
						"0.44": [1, 1, 1]
					}
				}
			}
		},
		"animation.slash.random_0": {
			"loop": true,
			"bones": {
				"slash": {
					"rotation": [0, 0, -122.5]
				}
			}
		},
		"animation.slash.random_1": {
			"loop": true,
			"bones": {
				"slash": {
					"rotation": [0, 0, -55]
				}
			}
		},
		"animation.slash.to_right_stay": {
		    "loop": "hold_on_last_frame",
			"animation_length": 1.44,
			"bones": {
				"kotoba0": {
					"scale": {
						"0.2": [0, 0, 0],
						"0.28": [1, 1, 1]
					}
				},
				"kotoba3": {
					"scale": {
						"0.24": [0, 0, 0],
						"0.32": [1, 1, 1]
					}
				},
				"kotoba4": {
					"scale": {
						"0.28": [0, 0, 0],
						"0.36": [1, 1, 1]
					}
				},
				"kotoba5": {
					"scale": {
						"0.32": [0, 0, 0],
						"0.4": [1, 0, 1]
					}
				},
				"kotoba7": {
					"scale": {
						"0.36": [1, 0, 0],
						"0.44": [1, 1, 1]
					}
				},
				"kotoba1": {
					"scale": {
						"0.12": [0, 0, 0],
						"0.2": [1, 1, 1]
					}
				},
				"kotoba2": {
					"scale": {
						"0.08": [0, 0, 0],
						"0.16": [1, 1, 1]
					}
				},
				"kotoba6": {
					"scale": {
						"0.04": [0, 0, 0],
						"0.12": [1, 1, 1]
					}
				},
				"kotoba8": {
					"scale": {
						"0.0": [0, 0, 0],
						"0.08": [1, 1, 1]
					}
				}
			}
		}
	}
}