{
	"format_version": "1.8.0",
	"animations": {
		"animation.sentry_gun_loaded.stand": {
			"loop": true,
			"animation_length": 0.48,
			"bones": {
				"head": {
					"rotation": {
						"0.0": [0, 0, -1],
						"0.12": [0, 0, 1],
						"0.24": [0, 0, -1],
						"0.36": [0, 0, 1],
						"0.48": [0, 0, -1]
					}
				},
				"Barrel": {
					"rotation": {
						"0.0": [0, 0, 0],
						"0.12": [0, 0, -90],
						"0.24": [0, 0, -180],
						"0.36": [0, 0, -270],
						"0.48": [0, 0, -360]
					}
				}
			}
		}
	}
}