{
	"format_version": "1.8.0",
	"animations": {
		"animation.dbs_shell_pack.first_person_main_hand": {
			"loop": true,
			"bones": {
				"dbs_shell_pack": {
					"rotation": [-98, -120, -45],
					"position": [4, 19, 0],
					"scale": 0.4
				},
				"magazine": {
					"rotation": [112.5, 0, 0],
					"position": [2, -35, -21]
				}
			}
		},
		"animation.dbs_shell_pack.first_person_sneaking_main_hand": {
			"loop": true,
			"bones": {
				"dbs_shell_pack": {
					"rotation": [-98, -120, -45],
					"position": [4, 19, 0],
					"scale": 0.4
				},
				"magazine": {
					"rotation": [112.5, 0, 0],
					"position": [2, -35, -21]
				}
			}
		},
		"animation.dbs_shell_pack.third_person_main_hand": {
			"loop": true,
			"bones": {
				"dbs_shell_pack": {
					"rotation": [-190, 0, -180],
					"position": [-1, 19, -3],
					"scale": 0.2
				}
			}
		},
		"animation.dbs_shell_pack.first_person_off_hand": {
			"loop": true,
			"bones": {
				"dbs_shell_pack": {
					"rotation": [-90, -120, 130],
					"position": [5, 25, 10],
					"scale": 0.4
				},
				"magazine": {
					"rotation": [-254.62381, -28.80781, -82.39852],
					"position": [-16, 36, 34]
				}
			}
		},
		"animation.dbs_shell_pack.first_person_sneaking_off_hand": {
			"loop": true,
			"bones": {
				"dbs_shell_pack": {
					"rotation": [-90, -120, 130],
					"position": [5, 25, 10],
					"scale": 0.4
				},
				"magazine": {
					"rotation": [-254.62381, -28.80781, -82.39852],
					"position": [-16, 36, 34]
				}
			}
		},
		"animation.dbs_shell_pack.third_person_off_hand": {
			"loop": true,
			"bones": {
				"dbs_shell_pack": {
					"rotation": [-190, 0, -180],
					"position": [-1, 19, -3],
					"scale": 0.2
				}
			}
		}
	}
}