{
	"format_version": "1.8.0",
	"animations": {
		"animation.micro_uzi.first_person_main_hand": {
			"loop": true,
			"bones": {
				"micro_uzi": {
					"rotation": [-98, -120, -45],
					"position": [2, 24, 0],
					"scale": 0.3
				}
			}
		},
		"animation.micro_uzi.first_person_sneaking_main_hand": {
			"loop": true,
			"bones": {
				"micro_uzi": {
					"rotation": [-98, -120, -45],
					"position": [2, 24, 0],
					"scale": 0.3
				}
			}
		},
		"animation.micro_uzi.third_person_main_hand": {
			"loop": true,
			"bones": {
				"micro_uzi": {
					"rotation": [-90, 180, 0],
					"position": [0, 21, -4],
					"scale": 0.2
				}
			}
		}
	}
}