{
   "format_version":"1.8.0",
   "animations":{
      "animation.m416.first_person_main_hand":{
         "loop":true,
         "bones":{
            "m416":{
               "position":[
                  5,
                  20,
                  30
               ],
               "rotation":[
                  -90,
                  -120,
                  -45
               ],
               "scale":0.4
            }
         }
      },
      "animation.m416.first_person_sneaking_main_hand":{
         "loop":true,
         "bones":{
            "m416":{
               "position":[
                  5,
                  20,
                  30
               ],
               "rotation":[
                  -90,
                  -120,
                  -45
               ],
               "scale":0.4
            }
         }
      },
      "animation.m416.third_person_main_hand":{
         "loop":true,
         "bones":{
            "m416":{
               "position":[
                  0,
                  20,
                  22
               ],
               "rotation":[
                  90,
                  0,
                  180
               ],
               "scale":0.15
            }
         }
      }
   }
}