{
	"format_version": "1.8.0",
	"animations": {
		"animation.scar_h.first_person_main_hand": {
			"loop": true,
			"bones": {
				"scar_h": {
					"rotation": [-90, -120, -45],
					"position": [5, 20, 30],
					"scale": 0.4
				}
			}
		},
		"animation.scar_h.first_person_sneaking_main_hand": {
			"loop": true,
			"bones": {
				"scar_h": {
					"rotation": [-90, -120, -45],
					"position": [5, 20, 30],
					"scale": 0.4
				}
			}
		},
		"animation.scar_h.third_person_main_hand": {
			"loop": true,
			"bones": {
				"scar_h": {
					"rotation": [-90, 180, 0],
					"position": [1, 20, 22],
					"scale": 0.15
				},
				"Stock": {
					"scale": [1, 1, 1]
				}
			}
		}
	}
}