{
	"format_version": "1.8.0",
	"animations": {
		"animation.crow.walk": {
			"loop": true,
			"animation_length": 0.52,
			"bones": {
				"Crow": {
					"position": {
						"0.0": [0, 3, 0],
						"0.24": [0, 2, 0],
						"0.52": [0, 3, 0]
					}
				},
				"leg1": {
					"rotation": [30, 0, 0]
				},
				"wing1": {
					"rotation": {
						"0.0": [-11, -12, 87],
						"0.24": [0, 0, 0],
						"0.52": [-11, -12, 87]
					}
				},
				"wing2": {
					"rotation": {
						"0.0": [-11, 12, -87],
						"0.24": [0, 0, 0],
						"0.52": [-11, 12, -87]
					}
				},
				"leg2": {
					"rotation": [30, 0, 0]
				}
			}
		},
		"animation.crow.stand": {
			"loop": true,
			"animation_length": 0.52,
			"bones": {
				"wing1": {
					"position": {
						"0.0": [0, -0.5, 0],
						"0.24": [0, 0, 0],
						"0.52": [0, -0.5, 0]
					}
				},
				"wing2": {
					"position": {
						"0.0": [0, -0.5, 0],
						"0.24": [0, 0, 0],
						"0.52": [0, -0.5, 0]
					}
				},
				"tail": {
					"position": {
						"0.0": [0, -0.5, 0],
						"0.24": [0, 0, 0],
						"0.52": [0, -0.5, 0]
					}
				},
				"body": {
					"position": {
						"0.0": [0, -0.5, 0],
						"0.24": [0, 0, 0],
						"0.52": [0, -0.5, 0]
					}
				}
			}
		},
		"animation.crow.attack": {
			"loop": true,
			"animation_length": 0.52,
			"bones": {
				"head": {
					"rotation": {
						"0.0": [65, 0, 0],
						"0.24": [0, 0, 0],
						"0.52": [65, 0, 0]
					}
				}
			}
		}
	}
}