{
   "format_version":"1.10.0",
   "minecraft:client_entity":{
      "description":{
         "identifier":"true:true_zombie_cat",
         "materials":{
            "default":"entity_emissive_alpha"
         },
         "textures":{
            "default":"textures/entity/zombies/cat/zombie_cat"
         },
         "geometry":{
            "default":"geometry.true_zombie_cat"
         },
         "animations":{
            "look_at_target":"animation.common.look_at_target",
            "stand":"animation.zombie_cat.stand",
            "walk":"animation.zombie_cat.walk",
            "animal_zombie_controller":"controller.animation.animal_zombie"
         },
         "scripts":{
            "animate":[
               "animal_zombie_controller"
            ]
         },
         "spawn_egg":{
            "texture":"true_zombie"
         },
         "render_controllers":[
            "controller.render.default"
         ]
      }
   }
}