{
	"format_version": "1.8.0",
	"animations": {
		"animation.generic_humanoid.stand": {
			"loop": true,
			"animation_length": 1,
			"bones": {
				"rightArm": {
					"rotation": {
						"0.0": [-5, 0, 5],
						"0.52": [-5, 0, 0],
						"1.0": [-5, 0, 5]
					}
				},
				"leftArm": {
					"rotation": {
						"0.0": [-5, 0, -5],
						"0.52": [-5, 0, 0],
						"1.0": [-5, 0, -5]
					}
				},
				"body": {
					"position": {
						"0.0": [0, 0.2, 0],
						"0.52": [0, 0, 0],
						"1.0": [0, 0.2, 0]
					}
				},
				"head": {
					"position": {
						"0.0": [0, 0.2, 0],
						"0.52": [0, 0, 0],
						"1.0": [0, 0.2, 0]
					}
				}
			}
		},
		"animation.generic_humanoid.walk": {
			"loop": true,
			"animation_length": 1,
			"bones": {
				"rightArm": {
					"rotation": {
						"0.0": [20, 0, 0],
						"0.24": [0, 0, 0],
						"0.52": [-20, 0, 0],
						"0.76": [0, 0, 0],
						"1.0": [20, 0, 0]
					},
					"position": {
						"0.0": [0, 1, 0],
						"0.24": [0, 0, 0],
						"0.52": [0, 1, 0],
						"0.76": [0, 0, 0],
						"1.0": [0, 1, 0]
					}
				},
				"leftArm": {
					"rotation": {
						"0.0": [-20, 0, 0],
						"0.24": [0, 0, 0],
						"0.52": [20, 0, 0],
						"0.76": [0, 0, 0],
						"1.0": [-20, 0, 0]
					},
					"position": {
						"0.0": [0, 1, 0],
						"0.24": [0, 0, 0],
						"0.52": [0, 1, 0],
						"0.76": [0, 0, 0],
						"1.0": [0, 1, 0]
					}
				},
				"rightLeg": {
					"rotation": {
						"0.0": [-30, 0, 0],
						"0.24": [0, 0, 0],
						"0.52": [30, 0, 0],
						"0.76": [0, 0, 0],
						"1.0": [-30, 0, 0]
					},
					"position": {
						"0.0": [0, 1, 0],
						"0.24": [0, 0, 0],
						"0.52": [0, 1, 0],
						"0.76": [0, 0, 0],
						"1.0": [0, 1, 0]
					}
				},
				"leftLeg": {
					"rotation": {
						"0.0": [30, 0, 0],
						"0.24": [0, 0, 0],
						"0.52": [-30, 0, 0],
						"0.76": [0, 0, 0],
						"1.0": [30, 0, 0]
					},
					"position": {
						"0.0": [0, 1, 0],
						"0.24": [0, 0, 0],
						"0.52": [0, 1, 0],
						"0.76": [0, 0, 0],
						"1.0": [0, 1, 0]
					}
				},
				"body": {
					"position": {
						"0.0": [0, 1, 0],
						"0.24": [0, 0, 0],
						"0.52": [0, 1, 0],
						"0.76": [0, 0, 0],
						"1.0": [0, 1, 0]
					}
				},
				"waist": {
					"position": {
						"0.0": [0, 1, 0],
						"0.24": [0, 0, 0],
						"0.52": [0, 1, 0],
						"0.76": [0, 0, 0],
						"1.0": [0, 1, 0]
					}
				},
				"head": {
					"position": {
						"0.0": [0, 1, 0],
						"0.24": [0, 0, 0],
						"0.52": [0, 1, 0],
						"0.76": [0, 0, 0],
						"1.0": [0, 1, 0]
					}
				},
				"helmet": {
					"position": {
						"0.0": [0, 1, 0],
						"0.24": [0, 0, 0],
						"0.52": [0, 1, 0],
						"0.76": [0, 0, 0],
						"1.0": [0, 1, 0]
					}
				}
			}
		},
		"animation.generic_humanoid.attack": {
			"animation_length": 0.72,
			"bones": {
				"body": {
					"rotation": {
						"0.0": [0, 0, 0],
						"0.28": [0, -7.5, 0],
						"0.36": [0, -7.5, 0],
						"0.72": [0, 0, 0]
					}
				},
				"rightArm": {
					"rotation": {
						"0.0": [0, 0, 0],
						"0.28": [-91.55764, -27.24513, -3.88714],
						"0.36": [-80.2484, -39.58992, -6.25038],
						"0.72": [0, 0, 0]
					}
				},
				"leftArm": {
					"rotation": {
						"0.0": [0, 0, 0],
						"0.28": [10, 0, 0],
						"0.72": [0, 0, 0]
					}
				},
				"leftLeg": {
					"rotation": {
						"0.0": [0, 0, 0],
						"0.28": [12.5, 0, 0],
						"0.72": [0, 0, 0]
					}
				}
			}
		},
		"animation.generic_humanoid.vaccinated": {
			"animation_length": 2,
			"bones": {
				"head": {
					"rotation": {
						"0.0": [0, 0, 0],
						"0.52": [15, 0, 0],
						"1.0": [0, 0, 0],
						"1.52": [15, 0, 0],
						"2.0": [0, 0, 0]
					}
				},
				"rightArm": {
					"rotation": {
						"0.0": [0, 0, 0],
						"0.64": [-90.20569, -22.47741, 1.03509],
						"1.12": [-90.20569, -22.47741, 1.03509],
						"2.0": [0, 0, 0]
					}
				}
			}
		},
		"animation.generic_humanoid.tame": {
			"animation_length": 1.6,
			"override_previous_animation": true,
			"bones": {
				"head": {
					"rotation": {
						"0.0": [0, 0, 0],
						"0.64": [0, 0, -2.5],
						"1.0": [0, 0, -2.5],
						"1.6": [0, 0, 0]
					}
				},
				"rightArm": {
					"rotation": {
						"0.0": [0, 0, 0],
						"0.64": [-145.35349, -13.54636, 7.55806],
						"1.0": [-145.35349, -13.54636, 7.55806],
						"1.6": [0, 0, 0]
					}
				},
				"leftArm": {
					"rotation": {
						"0.0": [0, 0, 0],
						"0.64": [0, 0, -5],
						"1.0": [0, 0, -5],
						"1.6": [0, 0, 0]
					}
				}
			}
		},
		"animation.generic_humanoid.sitting": {
			"loop": true,
			"bones": {
				"rightArm": {
					"rotation": [0, 0, 5]
				},
				"leftArm": {
					"rotation": [0, 0, -5]
				},
				"rightLeg": {
					"rotation": [0, 0, 2.5]
				},
				"leftLeg": {
					"rotation": [0, 0, -2.5]
				}
			}
		}
	}
}