{
	"format_version": "1.8.0",
	"animations": {
		"animation.generic_humanoid_gun.stand": {
			"loop": true,
			"animation_length": 1,
			"bones": {
				"leftArm": {
					"rotation": {
						"0.0": [-5, 0, -5],
						"0.52": [-5, 0, 0],
						"1.0": [-5, 0, -5]
					}
				},
				"body": {
					"position": {
						"0.0": [0, 0.2, 0],
						"0.52": [0, 0, 0],
						"1.0": [0, 0.2, 0]
					}
				},
				"head": {
					"position": {
						"0.0": [0, 0.2, 0],
						"0.52": [0, 0, 0],
						"1.0": [0, 0.2, 0]
					}
				}
			}
		},
		"animation.generic_humanoid_gun.walk": {
			"loop": true,
			"animation_length": 1,
			"bones": {
				"rightArm": {
					"position": {
						"0.0": [0, 1, 0],
						"0.24": [0, 0, 0],
						"0.52": [0, 1, 0],
						"0.76": [0, 0, 0],
						"1.0": [0, 1, 0]
					}
				},
				"leftArm": {
					"rotation": {
						"0.0": [-20, 0, 0],
						"0.24": [0, 0, 0],
						"0.52": [20, 0, 0],
						"0.76": [0, 0, 0],
						"1.0": [-20, 0, 0]
					},
					"position": {
						"0.0": [0, 1, 0],
						"0.24": [0, 0, 0],
						"0.52": [0, 1, 0],
						"0.76": [0, 0, 0],
						"1.0": [0, 1, 0]
					}
				},
				"rightLeg": {
					"rotation": {
						"0.0": [-30, 0, 0],
						"0.24": [0, 0, 0],
						"0.52": [30, 0, 0],
						"0.76": [0, 0, 0],
						"1.0": [-30, 0, 0]
					},
					"position": {
						"0.0": [0, 1, 0],
						"0.24": [0, 0, 0],
						"0.52": [0, 1, 0],
						"0.76": [0, 0, 0],
						"1.0": [0, 1, 0]
					}
				},
				"leftLeg": {
					"rotation": {
						"0.0": [30, 0, 0],
						"0.24": [0, 0, 0],
						"0.52": [-30, 0, 0],
						"0.76": [0, 0, 0],
						"1.0": [30, 0, 0]
					},
					"position": {
						"0.0": [0, 1, 0],
						"0.24": [0, 0, 0],
						"0.52": [0, 1, 0],
						"0.76": [0, 0, 0],
						"1.0": [0, 1, 0]
					}
				},
				"body": {
					"position": {
						"0.0": [0, 1, 0],
						"0.24": [0, 0, 0],
						"0.52": [0, 1, 0],
						"0.76": [0, 0, 0],
						"1.0": [0, 1, 0]
					}
				},
				"waist": {
					"position": {
						"0.0": [0, 1, 0],
						"0.24": [0, 0, 0],
						"0.52": [0, 1, 0],
						"0.76": [0, 0, 0],
						"1.0": [0, 1, 0]
					}
				},
				"head": {
					"position": {
						"0.0": [0, 1, 0],
						"0.24": [0, 0, 0],
						"0.52": [0, 1, 0],
						"0.76": [0, 0, 0],
						"1.0": [0, 1, 0]
					}
				},
				"helmet": {
					"position": {
						"0.0": [0, 1, 0],
						"0.24": [0, 0, 0],
						"0.52": [0, 1, 0],
						"0.76": [0, 0, 0],
						"1.0": [0, 1, 0]
					}
				}
			}
		},
		"animation.generic_humanoid_gun.sitting": {
			"loop": true,
			"animation_length": 1,
			"bones": {
				"body": {
					"position": [0, -12, 0]
				},
				"head": {
					"position": [0, -12, 0]
				},
				"rightArm": {
					"rotation": [30, 0, 0],
					"position": [0, -12, 0]
				},
				"leftArm": {
					"rotation": [0, 0, -5],
					"position": [0, -12, 0]
				},
				"rightLeg": {
					"rotation": [-90, 2.5, 0],
					"position": [0, -10, 0]
				},
				"leftLeg": {
					"rotation": [-90, -2.5, 0],
					"position": [0, -10, 0]
				}
			}
		}
	}
}