{
   "format_version":"1.10.0",
   "animation_controllers":{
      "controller.animation.armless_zombie":{
         "initial_state":"default",
         "states":{
            "default":{
               "animations":[
                  "stand",
                  "look_at_target",
                  {
                     "walk":"query.modified_move_speed"
                  }
               ],
               "blend_transition":0.1,
               "blend_via_shortest_path":true,
               "transitions":[
                  
               ]
            },
            "walk":{
               "animations":[
                  "walk"
               ],
               "blend_transition":0.1,
               "blend_via_shortest_path":true,
               "transitions":[
                  {
                     "walk":"query.modified_move_speed"
                  }
               ]
            }
         }
      }
   }
}