{
	"format_version": "1.8.0",
	"animations": {
		"animation.rpg_26.first_person_main_hand": {
			"loop": true,
			"bones": {
				"rpg_26": {
					"rotation": [-90, -120, -45],
					"position": [5, 20, 30],
					"scale": 0.4
				}
			}
		},
		"animation.rpg_26.first_person_sneaking_main_hand": {
			"loop": true,
			"bones": {
				"rpg_26": {
					"rotation": [-90, -120, -45],
					"position": [5, 20, 30],
					"scale": 0.4
				}
			}
		},
		"animation.rpg_26.third_person_main_hand": {
			"loop": true,
			"bones": {
				"rpg_26": {
					"rotation": [-90, 180, 0],
					"position": [1, 20, 22],
					"scale": 0.15
				},
				"Stock": {
					"scale": [1, 1, 0.3]
				}
			}
		}
	}
}