{
	"format_version": "1.10.0",
	"animation_controllers": {
		"controller.animation.mace.attack": {
			"states": {
				"default": {
					"animations": [
					  {
					    "no_offhand": "v.offhander"
					  }
					],
					"transitions": [
						{
							"unsheathe": "variable.mace"
						},
						{
							"undefault": "!query.is_item_name_any('slot.hotbar',0,'pixel:wooden_mace') && !query.is_item_name_any('slot.hotbar',0,'pixel:stone_mace')&&!query.is_item_name_any('slot.hotbar',0,'pixel:iron_mace')&&!query.is_item_name_any('slot.hotbar',0,'pixel:golden_mace')&&!query.is_item_name_any('slot.hotbar',0,'pixel:diamond_mace')&&!query.is_item_name_any('slot.hotbar',0,'pixel:netherite_mace')"
						}
					]
				},
				"undefault": {
					"transitions": [
						{
							"halberd": "variable.mace"
						},
						{
							"default": "query.is_item_name_any('slot.hotbar',0,'pixel:wooden_mace')||query.is_item_name_any('slot.hotbar',0,'pixel:stone_mace')||query.is_item_name_any('slot.hotbar',0,'pixel:iron_mace')||query.is_item_name_any('slot.hotbar',0,'pixel:golden_mace')||query.is_item_name_any('slot.hotbar',0,'pixel:diamond_mace')||query.is_item_name_any('slot.hotbar',0,'pixel:netherite_mace')"
						}
					]
				},
				"unsheathe": {
					"animations": [
					  "mace_unsheathe"
					],
					"transitions": [
						{
							"mace": "query.all_animations_finished"
						},
						{
							"default": "!variable.mace"
						}
					]
				},
				"mace": {
				    "animations":[
				      {
				        "mace_stance0": "!query.is_moving"
				      },
				      {
				        "mace_move": "!query.is_sprinting && query.is_moving && !query.is_sneaking"
				      },
				      {
				        "mace_sprint": "query.is_sprinting"
				      },
						{
							"sneak": "!query.is_moving && query.is_sneaking"
						},
						{
							"ls_sneak_move": "query.is_moving && query.is_sneaking"
						},
				      "mace_no_back"
				    ],
					"transitions": [
						{
							"attack": "variable.attack_time>0 && variable.random == 0"
						},
						{
							"attack_heavy": "variable.attack_time>0 && variable.random == 1"
						},
						{
							"default": "!variable.mace"
						}
					],
					"blend_transition": 0.1
				},
				"attack_heavy": {
					"animations": [
				        "mace_heavy0",
				        "mace_no_back"
					],
					"transitions": [
						{
							"attack_heavy_1": "query.any_animation_finished"
						},
						{
							"default": "!variable.mace"
						}
					]
				},
				"attack_heavy_1": {
					"animations": [
				        "mace_heavy1",
				        "mace_no_back"
					],
					"transitions": [
						{
							"mace": "query.all_animations_finished"
						},
						{
							"default": "!variable.mace"
						}
					]
				},
				"attack": {
					"animations": [
				        "mace_attack0"
					],
					"transitions": [
						{
							"attack_1": "query.all_animations_finished"
						},
						{
							"default": "!variable.mace"
						}
					]
				},
				"attack_1": {
					"animations": [
				        "mace_attack1",
				        "mace_no_back"
					],
					"transitions": [
						{
							"mace": "query.all_animations_finished"
						},
						{
							"default": "!variable.mace"
						}
					]
				},
				"attack_2": {
					"animations": [
				        "mace_attack2",
				        "mace_no_back"
					],
					"transitions": [
						{
							"mace": "query.all_animations_finished"
						},
						{
							"default": "!variable.mace"
						}
					]
				}
			}
		}
	}
}