{
	"format_version": "1.10.0",
	"animation_controllers": {
		"controller.animation.sword.attack": {
			"states": {
				"default": {
					"transitions": [
						{
							"attack": "variable.attack_time>0"
						}
					],
					"blend_transition": 0.1
				},
				"attack": {
					"animations": [
						"sword_attack"
					],
					"transitions": [
						{
							"attackcombo2": "query.all_animations_finished"
						}
					],
					"blend_transition": 0.1
				},
				"attackcombo2": {
					"transitions": [
						{
							"attack2": "variable.attack_time>0"
						}
					],
					"blend_transition": 0.1
				},
				"attack2": {
					"animations": [
						"sword_attack2"
					],
					"transitions": [
						{
							"attackcombo3": "query.all_animations_finished"
						}
					],
					"blend_transition": 0.1
				},
				"attackcombo3": {
					"transitions": [
						{
							"attack3": "variable.attack_time>0"
						}
					],
					"blend_transition": 0.1
				},
				"attack3": {
					"animations": [
						"sword_attack3"
					],
					"transitions": [
						{
							"default": "query.all_animations_finished"
						}
					],
					"blend_transition": 0.1
				}
			}
		}
	}
}