{
	"format_version": "1.10.0",
	"animation_controllers": {
		"controller.animation.wakizashi.attack": {
			"states": {
				"default": {
					"animations": [
						"katana_sheathed",
					  {
					    "no_offhand": "v.offhander"
					  }
					],
					"transitions": [
						{
							"wakizashi": "variable.katana_wakizashi"
						},
						{
							"wakizashi": "query.is_item_name_any('slot.hotbar',0,'pixel:wooden_katana_wakizashi') && variable.katana_wakizashi||query.is_item_name_any('slot.hotbar',0,'pixel:stone_katana_wakizashi') && variable.katana_wakizashi||query.is_item_name_any('slot.hotbar',0,'pixel:iron_katana_wakizashi') && variable.katana_wakizashi||query.is_item_name_any('slot.hotbar',0,'pixel:golden_katana_wakizashi') && variable.katana_wakizashi||query.is_item_name_any('slot.hotbar',0,'pixel:diamond_katana_wakizashi') && variable.katana_wakizashi||query.is_item_name_any('slot.hotbar',0,'pixel:netherite_katana_wakizashi') && variable.katana_wakizashi||query.is_item_name_any('slot.hotbar',0,'pixel:iron_katana_wakizashi_vltsb') && variable.katana_wakizashi||query.is_item_name_any('slot.hotbar',0,'pixel:golden_katana_wakizashi_vltsb') && variable.katana_wakizashi||query.is_item_name_any('slot.hotbar',0,'pixel:diamond_katana_wakizashi_vltsb') && variable.katana_wakizashi||query.is_item_name_any('slot.hotbar',0,'pixel:netherite_katana_wakizashi_vltsb') && variable.katana_wakizashi||query.is_item_name_any('slot.hotbar',0,'pixel:iron_katana_wakizashi_rndtsb') && variable.katana_wakizashi||query.is_item_name_any('slot.hotbar',0,'pixel:golden_katana_wakizashi_rndtsb') && variable.katana_wakizashi||query.is_item_name_any('slot.hotbar',0,'pixel:diamond_katana_wakizashi_rndtsb') && variable.katana_wakizashi||query.is_item_name_any('slot.hotbar',0,'pixel:netherite_katana_wakizashi_rndtsb') && variable.katana_wakizashi||query.is_item_name_any('slot.hotbar',0,'pixel:iron_katana_wakizashi_rdsmtsb') && variable.katana_wakizashi||query.is_item_name_any('slot.hotbar',0,'pixel:golden_katana_wakizashi_rdsmtsb') && variable.katana_wakizashi||query.is_item_name_any('slot.hotbar',0,'pixel:diamond_katana_wakizashi_rdsmtsb') && variable.katana_wakizashi||query.is_item_name_any('slot.hotbar',0,'pixel:netherite_katana_wakizashi_rdsmtsb') && variable.katana_wakizashi"
						},
						{
							"wakizashi": "query.is_item_name_any('slot.hotbar',1,'pixel:wooden_katana_wakizashi') && variable.katana_wakizashi||query.is_item_name_any('slot.hotbar',1,'pixel:stone_katana_wakizashi') && variable.katana_wakizashi||query.is_item_name_any('slot.hotbar',1,'pixel:iron_katana_wakizashi') && variable.katana_wakizashi||query.is_item_name_any('slot.hotbar',1,'pixel:golden_katana_wakizashi') && variable.katana_wakizashi||query.is_item_name_any('slot.hotbar',1,'pixel:diamond_katana_wakizashi') && variable.katana_wakizashi||query.is_item_name_any('slot.hotbar',1,'pixel:netherite_katana_wakizashi') && variable.katana_wakizashi||query.is_item_name_any('slot.hotbar',1,'pixel:iron_katana_wakizashi_vltsb') && variable.katana_wakizashi||query.is_item_name_any('slot.hotbar',1,'pixel:golden_katana_wakizashi_vltsb') && variable.katana_wakizashi||query.is_item_name_any('slot.hotbar',1,'pixel:diamond_katana_wakizashi_vltsb') && variable.katana_wakizashi||query.is_item_name_any('slot.hotbar',1,'pixel:netherite_katana_wakizashi_vltsb') && variable.katana_wakizashi||query.is_item_name_any('slot.hotbar',1,'pixel:iron_katana_wakizashi_rndtsb') && variable.katana_wakizashi||query.is_item_name_any('slot.hotbar',1,'pixel:golden_katana_wakizashi_rndtsb') && variable.katana_wakizashi||query.is_item_name_any('slot.hotbar',1,'pixel:diamond_katana_wakizashi_rndtsb') && variable.katana_wakizashi||query.is_item_name_any('slot.hotbar',1,'pixel:netherite_katana_wakizashi_rndtsb') && variable.katana_wakizashi||query.is_item_name_any('slot.hotbar',1,'pixel:iron_katana_wakizashi_rdsmtsb') && variable.katana_wakizashi||query.is_item_name_any('slot.hotbar',1,'pixel:golden_katana_wakizashi_rdsmtsb') && variable.katana_wakizashi||query.is_item_name_any('slot.hotbar',1,'pixel:diamond_katana_wakizashi_rdsmtsb') && variable.katana_wakizashi||query.is_item_name_any('slot.hotbar',1,'pixel:netherite_katana_wakizashi_rdsmtsb') && variable.katana_wakizashi"
						},
						{
							"wakizashi": "query.is_item_name_any('slot.hotbar',2,'pixel:wooden_katana_wakizashi') && variable.katana_wakizashi||query.is_item_name_any('slot.hotbar',2,'pixel:stone_katana_wakizashi') && variable.katana_wakizashi||query.is_item_name_any('slot.hotbar',2,'pixel:iron_katana_wakizashi') && variable.katana_wakizashi||query.is_item_name_any('slot.hotbar',2,'pixel:golden_katana_wakizashi') && variable.katana_wakizashi||query.is_item_name_any('slot.hotbar',2,'pixel:diamond_katana_wakizashi') && variable.katana_wakizashi||query.is_item_name_any('slot.hotbar',2,'pixel:netherite_katana_wakizashi') && variable.katana_wakizashi||query.is_item_name_any('slot.hotbar',2,'pixel:iron_katana_wakizashi_vltsb') && variable.katana_wakizashi||query.is_item_name_any('slot.hotbar',2,'pixel:golden_katana_wakizashi_vltsb') && variable.katana_wakizashi||query.is_item_name_any('slot.hotbar',2,'pixel:diamond_katana_wakizashi_vltsb') && variable.katana_wakizashi||query.is_item_name_any('slot.hotbar',2,'pixel:netherite_katana_wakizashi_vltsb') && variable.katana_wakizashi||query.is_item_name_any('slot.hotbar',2,'pixel:iron_katana_wakizashi_rndtsb') && variable.katana_wakizashi||query.is_item_name_any('slot.hotbar',2,'pixel:golden_katana_wakizashi_rndtsb') && variable.katana_wakizashi||query.is_item_name_any('slot.hotbar',2,'pixel:diamond_katana_wakizashi_rndtsb') && variable.katana_wakizashi||query.is_item_name_any('slot.hotbar',2,'pixel:netherite_katana_wakizashi_rndtsb') && variable.katana_wakizashi||query.is_item_name_any('slot.hotbar',2,'pixel:iron_katana_wakizashi_rdsmtsb') && variable.katana_wakizashi||query.is_item_name_any('slot.hotbar',2,'pixel:golden_katana_wakizashi_rdsmtsb') && variable.katana_wakizashi||query.is_item_name_any('slot.hotbar',2,'pixel:diamond_katana_wakizashi_rdsmtsb') && variable.katana_wakizashi||query.is_item_name_any('slot.hotbar',2,'pixel:netherite_katana_wakizashi_rdsmtsb') && variable.katana_wakizashi"
						}
					]
				},
				"wakizashi": {
					"animations": [
						"katana_sheathed",
					{
				        "katana_move": "query.modified_move_speed && query.is_moving && !query.is_sprinting && !query.is_sneaking"
					},
					{
				        "katana_sprint": "query.modified_move_speed && query.is_moving && query.is_sprinting && !query.is_sneaking"
					},
					{
				        "katana_sneak_move": "query.modified_move_speed && query.is_moving && query.is_sneaking"
					},
					{
				        "katana_sneak": "!query.is_moving && query.is_sneaking"
					},
					{
				        "wakizashi_stance0": "!query.is_moving && !query.is_sprinting && !query.is_sneaking"
					}
					],
					"transitions": [
						{
							"attack": "variable.attack_time>0"
						},
						{
							"default": "!variable.katana_wakizashi"
						}
					],
					"blend_transition": 0.1
				},
				"attack": {
					"animations": [
					  "wakizashi_attack0_0"
					],
					"transitions": [
						{
							"unsheath": "query.any_animation_finished"
						},
						{
							"default": "!variable.katana_wakizashi"
						}
					],
					"blend_transition": 0.1
				},
				"attack0": {
					"animations": [
					  "wakizashi_attack1_0"
					],
					"transitions": [
						{
							"unsheath2": "query.any_animation_finished"
						},
						{
							"default": "!variable.katana_wakizashi"
						}
					]
				},
				"attack1": {
					"animations": [
					  "wakizashi_attack1_1"
					],
					"transitions": [
						{
							"unsheath2": "query.any_animation_finished"
						},
						{
							"default": "!variable.katana_wakizashi"
						}
					]
				},
				"attack2": {
					"animations": [
					  "wakizashi_attack1_2"
					],
					"transitions": [
						{
							"unsheath2": "query.any_animation_finished"
						},
						{
							"default": "!variable.katana_wakizashi"
						}
					]
				},
				"attack3": {
					"animations": [
					  "wakizashi_attack1_3"
					],
					"transitions": [
						{
							"unsheath": "query.any_animation_finished"
						},
						{
							"default": "!variable.katana_wakizashi"
						}
					]
				},
				"attack4": {
					"animations": [
					  "wakizashi_attack1_4"
					],
					"transitions": [
						{
							"unsheath": "query.any_animation_finished"
						},
						{
							"default": "!variable.katana_wakizashi"
						}
					]
				},
				"attack5": {
					"animations": [
					  "wakizashi_attack1_5"
					],
					"transitions": [
						{
							"unsheath": "query.any_animation_finished"
						},
						{
							"default": "!variable.katana_wakizashi"
						}
					]
				},
				"unsheath": {
					"animations": [
						"katana_unsheathed_0",
					"katana_stance1",
						"timer"
					],
					"transitions": [
						{
							"attack0": "variable.attack_time>0 && variable.random_3 == 0"
						},
						{
							"default": "!variable.katana_wakizashi"
						},
						{
							"attack1": "variable.attack_time>0 && variable.random_3 == 1"
						},
						{
							"attack2": "variable.attack_time>0 && variable.random_3 == 2"
						},
						{
							"wakizashi": "query.all_animations_finished"
						}
					]
				},
				"unsheath2": {
					"animations": [
						"katana_unsheathed_0",
					"katana_stance1",
						"timer"
					],
					"transitions": [
						{
							"attack3": "variable.attack_time>0 && variable.random_3 == 0"
						},
						{
							"attack4": "variable.attack_time>0 && variable.random_3 == 1"
						},
						{
							"attack5": "variable.attack_time>0 && variable.random_3 == 2"
						},
						{
							"wakizashi": "query.all_animations_finished"
						}
					]
				},
				"sheath": {
					"animations": [
						"katana_sheath"
					],
					"transitions": [
						{
							"wakizashi": "query.all_animations_finished"
						}
					]
				}
			}
		}
	}
}