{
   "format_version":"1.16.100",
   "minecraft:attachable":{
      "description":{
         "geometry":{
            "default":"geometry.stone_in_hand"
         },
         "animations":{
            "first_person_main_hand":"animation.stone_in_hand.first_person_main_hand",
            "first_person_sneaking_main_hand":"animation.stone_in_hand.first_person_sneaking_main_hand",
            "third_person_main_hand":"animation.stone_in_hand.third_person_main_hand"
         },
         "textures":{
            "default":"textures/entity/handheld/stone_in_hand.png"
         },
         "identifier":"true:stone_in_hand",
         "materials":{
            "default":"entity_alphatest"
         },
         "render_controllers":[
            "controller.render.default"
         ],
         "scripts":{
            "pre_animation":[
               "v.main_hand = c.item_slot == 'main_hand';"
            ],
            "animate":[
               {
                  "first_person_main_hand":"(v.main_hand && c.is_first_person) && !query.is_sneaking"
               },
               {
                  "first_person_sneaking_main_hand":"(v.main_hand && c.is_first_person) && query.is_sneaking"
               },
               {
                  "third_person_main_hand":"v.main_hand && !c.is_first_person"
               }
            ]
         }
      }
   }
}