{
  "format_version": "1.10.0",
  "minecraft:client_entity": {
    "description": {
      "identifier": "pixel:slash_crescent",
      "materials": {
        "default": "arrow"
      },
      "textures": {
        "default": "textures/entity/slash"
      },
      "geometry": {
        "default": "geometry.slash"
      },
      "animations": {
        "move": "animation.slash.to_left",
        "arrow": "animation.arrow.move"
      },
      "scripts": {
        "pre_animation":[
          "variable.shake = query.shake_time - query.frame_alpha;",
          "variable.shake_power = variable.shake > 0.0 ? -Math.sin(variable.shake * 200.0) * variable.shake : 0.0;"
        ],
        "animate": [
          "move",
          "arrow"
        ]
      },
      "render_controllers": [ "controller.render.slash" ]
    }
  }
}
