{
	"format_version": "1.8.0",
	"animations": {
		"animation.true_zombie_horse_corpse.stand": {
			"loop": "hold_on_last_frame",
			"animation_length": 0.52,
			"bones": {
				"Zombie_Horse": {
					"rotation": {
						"0.0": [0, 0, 0],
						"0.52": [0, 0, 90]
					},
					"position": {
						"0.0": [0, 0, 0],
						"0.52": [-12, 5, 0]
					}
				},
				"Head": {
					"rotation": {
						"0.0": [0, 0, 0],
						"0.52": [0, -30, 0]
					}
				},
				"Leg4C": {
					"rotation": {
						"0.0": [0, 0, 0],
						"0.52": [-22.47096, -11.2531, -25.25766]
					}
				},
				"Leg3C": {
					"rotation": {
						"0.0": [0, 0, 0],
						"0.52": [27.5, 0, 0]
					}
				},
				"Leg2C": {
					"rotation": {
						"0.0": [0, 0, 0],
						"0.52": [-23.30696, -9.30727, -20.57639]
					}
				},
				"Leg1C": {
					"rotation": {
						"0.0": [0, 0, 0],
						"0.52": [52.5, 0, 0]
					}
				},
				"TailC": {
					"rotation": {
						"0.0": [0, 0, 0],
						"0.52": [40, 0, 0]
					}
				}
			}
		}
	}
}