{
	"format_version": "1.8.0",
	"animations": {
		"animation.zombie_pig_corpse.stand": {
			"loop": "hold_on_last_frame",
			"animation_length": 0.52,
			"bones": {
				"zombie_pig": {
					"rotation": {
						"0.0": [0, 0, 0],
						"0.52": [0, 0, -90]
					},
					"position": {
						"0.0": [0, 0, 0],
						"0.52": [7, 5, 0]
					}
				},
				"leg3": {
					"rotation": {
						"0.0": [0, 0, 0],
						"0.52": [15.63367, -16.3882, 45.23502]
					}
				},
				"leg2": {
					"rotation": {
						"0.0": [0, 0, 0],
						"0.52": [-35, 0, 0]
					}
				},
				"leg1": {
					"rotation": {
						"0.0": [0, 0, 0],
						"0.52": [-20.20848, 19.05681, 41.57337]
					}
				},
				"leg0": {
					"rotation": {
						"0.0": [0, 0, 0],
						"0.52": [72.5, 0, 0]
					}
				},
				"head": {
					"rotation": {
						"0.0": [0, 0, 0],
						"0.52": [0, 22.5, 35]
					}
				}
			}
		}
	}
}