{
	"format_version": "1.8.0",
	"animations": {
		"animation.zombie_cat.stand": {
			"loop": true,
			"animation_length": 1,
			"bones": {
				"head": {
					"position": {
						"0.0": [0, 0.5, 0],
						"0.52": [0, 0, 0],
						"1.0": [0, 0.5, 0]
					}
				},
				"body": {
					"position": {
						"0.0": [0, 0.5, 0],
						"0.52": [0, 0, 0],
						"1.0": [0, 0.5, 0]
					}
				}
			}
		},
		"animation.zombie_cat.walk": {
			"loop": true,
			"animation_length": 1,
			"bones": {
				"Zombie_Cat": {
					"position": {
						"0.0": [0, 1, 0],
						"0.52": [0, 0, 0],
						"1.0": [0, 1, 0]
					}
				},
				"frontLegR": {
					"rotation": {
						"0.0": [-30, 0, 0],
						"0.52": [30, 0, 0],
						"1.0": [-30, 0, 0]
					}
				},
				"frontLegL": {
					"rotation": {
						"0.0": [-30, 0, 0],
						"0.52": [30, 0, 0],
						"1.0": [-30, 0, 0]
					}
				},
				"backLegR": {
					"rotation": {
						"0.0": [30, 0, 0],
						"0.52": [-30, 0, 0],
						"1.0": [30, 0, 0]
					}
				},
				"backLegL": {
					"rotation": {
						"0.0": [30, 0, 0],
						"0.52": [-30, 0, 0],
						"1.0": [30, 0, 0]
					}
				}
			}
		}
	}
}