{
	"format_version": "1.8.0",
	"animations": {
		"animation.zombie_wolf_corpse.stand": {
			"loop": "hold_on_last_frame",
			"animation_length": 0.52,
			"bones": {
				"head": {
					"rotation": {
						"0.0": [0, 0, 0],
						"0.52": [0, 30, 25]
					}
				},
				"leg0": {
					"rotation": {
						"0.0": [0, 0, 0],
						"0.52": [32.5, 0, 0]
					}
				},
				"leg1": {
					"rotation": {
						"0.0": [0, 0, 0],
						"0.52": [-23.70348, 14.36495, 29.47028]
					}
				},
				"leg2": {
					"rotation": {
						"0.0": [0, 0, 0],
						"0.52": [-32.5, 0, 0]
					}
				},
				"leg3": {
					"rotation": {
						"0.0": [0, 0, 0],
						"0.52": [18.74227, -12.67956, 32.89913]
					}
				},
				"Wolf": {
					"rotation": {
						"0.0": [0, 0, 0],
						"0.52": [0, 0, -90]
					},
					"position": {
						"0.0": [0, 0, 0],
						"0.52": [7, 4, 0]
					}
				},
				"Zombie_Wolf": {
					"rotation": {
						"0.0": [0, 0, 0],
						"0.52": [0, 0, -87.5]
					},
					"position": {
						"0.0": [0, 0, 0],
						"0.52": [0, -7, 0]
					}
				}
			}
		}
	}
}