{
	"format_version": "1.8.0",
	"animations": {
		"animation.true_zombie_horse.stand": {
			"loop": true,
			"animation_length": 1,
			"bones": {
				"Head": {
					"position": {
						"0.0": [0, 1, 0],
						"0.52": [0, 0, 0],
						"1.0": [0, 1, 0]
					}
				},
				"Body": {
					"position": {
						"0.0": [0, 1, 0],
						"0.52": [0, 0, 0],
						"1.0": [0, 1.08, 0]
					}
				}
			}
		},
		"animation.true_zombie_horse.walk": {
			"loop": true,
			"animation_length": 1,
			"bones": {
				"Zombie_Horse": {
					"position": {
						"0.0": [0, -1, 0],
						"0.52": [0, 0, 0],
						"1.0": [0, -1, 0]
					}
				},
				"Leg4C": {
					"rotation": {
						"0.0": [30, 0, 0],
						"0.52": [-30, 0, 0],
						"1.0": [30, 0, 0]
					}
				},
				"Leg3C": {
					"rotation": {
						"0.0": [30, 0, 0],
						"0.52": [-30, 0, 0],
						"1.0": [30, 0, 0]
					}
				},
				"Leg2C": {
					"rotation": {
						"0.0": [-30, 0, 0],
						"0.52": [30, 0, 0],
						"1.0": [-30, 0, 0]
					}
				},
				"Leg1C": {
					"rotation": {
						"0.0": [-30, 0, 0],
						"0.52": [30, 0, 0],
						"1.0": [-30, 0, 0]
					}
				}
			}
		}
	}
}