{
	"format_version": "1.8.0",
	"animations": {
		"animation.true_zombie_corpse.stand": {
			"loop": "hold_on_last_frame",
			"animation_length": 0.52,
			"bones": {
				"true_zombie": {
					"rotation": {
						"0.0": [0, 0, 0],
						"0.52": [-90, 0, 0]
					},
					"position": {
						"0.0": [0, 0, 0],
						"0.52": [0, -15, 0]
					}
				},
				"body": {
					"rotation": {
						"0.0": [0, 0, 0],
						"0.52": [0, -12.5, 0]
					}
				},
				"head": {
					"rotation": {
						"0.0": [0, 0, 0],
						"0.52": [-15, -47.5, 0]
					}
				},
				"rightArm": {
					"rotation": {
						"0.0": [0, 0, 0],
						"0.52": [7.74051, -59.57702, 94.21483]
					}
				},
				"leftArm": {
					"rotation": {
						"0.0": [0, 0, 0],
						"0.52": [15.59796, -2.60548, -45.13244]
					}
				},
				"rightLeg": {
					"rotation": {
						"0.0": [0, 0, 0],
						"0.52": [0, 20, 32.5]
					}
				},
				"leftLeg": {
					"rotation": {
						"0.0": [0, 0, 0],
						"0.52": [0, -20, -12.5]
					}
				}
			}
		}
	}
}