{
	"format_version": "1.8.0",
	"animations": {
		"animation.zombie_cat_corpse.stand": {
			"loop": "hold_on_last_frame",
			"animation_length": 0.52,
			"bones": {
				"Zombie_Cat": {
					"rotation": {
						"0.0": [0, 0, 0],
						"0.52": [0, 0, -90]
					},
					"position": {
						"0.0": [0, 0, 0],
						"0.52": [7, 2, 0]
					}
				},
				"frontLegR": {
					"rotation": {
						"0.0": [0, 0, 0],
						"0.52": [15, 0, 0]
					}
				},
				"frontLegL": {
					"rotation": {
						"0.0": [0, 0, 0],
						"0.52": [-19.5623, 4.2453, 11.76782]
					}
				},
				"backLegR": {
					"rotation": {
						"0.0": [0, 0, 0],
						"0.52": [-32.5, 0, 0]
					}
				},
				"backLegL": {
					"rotation": {
						"0.0": [0, 0, 0],
						"0.52": [11.76782, -4.2453, 19.5623]
					}
				},
				"tail1": {
					"rotation": {
						"0.0": [0, 0, 0],
						"0.52": [0, 0, 12.5]
					}
				},
				"head": {
					"rotation": {
						"0.0": [0, 0, 0],
						"0.52": [0, 0, -25]
					}
				}
			}
		}
	}
}