{
	"format_version": "1.8.0",
	"animations": {
		"animation.true_zombie.stand": {
			"loop": true,
			"animation_length": 2,
			"bones": {
				"rightArm": {
					"rotation": {
						"0.0": [0, 0, 0],
						"1.0": [0, 0, 5],
						"2.0": [0, 0, 0]
					}
				},
				"leftArm": {
					"rotation": {
						"0.0": [0, 0, 0],
						"1.0": [0, 0, -5],
						"2.0": [0, 0, 0]
					}
				}
			}
		},
		"animation.true_zombie.walk": {
			"loop": true,
			"animation_length": 1,
			"bones": {
				"true_zombie": {
					"position": {
						"0.0": [0, 0, 0],
						"0.24": [0, 3, 0],
						"0.52": [0, 0, 0],
						"0.76": [0, 3, 0],
						"1.0": [0, 0, 0]
					}
				},
				"body": {
					"rotation": [10, 0, 0]
				},
				"head": {
					"rotation": [0, 0, 0],
					"position": [0, 0, -2]
				},
				"rightArm": {
					"rotation": [-50, 0, 0],
					"position": [0, 0, -2]
				},
				"leftArm": {
					"rotation": [-50, 0, 0],
					"position": [0, 0, -2]
				},
				"rightLeg": {
					"rotation": {
						"0.0": [0, 0, 0],
						"0.24": [-50, 0, 0],
						"0.52": [0, 0, 0],
						"0.76": [50, 0, 0],
						"1.0": [0, 0, 0]
					}
				},
				"leftLeg": {
					"rotation": {
						"0.0": [0, 0, 0],
						"0.24": [50, 0, 0],
						"0.52": [0, 0, 0],
						"0.76": [-50, 0, 0],
						"1.0": [0, 0, 0]
					}
				}
			}
		},
		"animation.true_zombie.attack": {
			"animation_length": 1,
			"bones": {
				"body": {
					"rotation": {
						"0.0": [0, 0, 0],
						"0.32": [-27.5, 0, 0],
						"0.64": [25, 0, 0],
						"0.96": [0, 0, 0]
					}
				},
				"head": {
					"rotation": {
						"0.0": [0, 0, 0],
						"0.32": [-80, 0, 0],
						"0.64": [22.5, 0, 0],
						"0.96": [0, 0, 0]
					},
					"position": {
						"0.0": [0, 0, 0],
						"0.32": [0, -2, 6],
						"0.64": [0, -2, -4],
						"0.96": [0, 0, 0]
					}
				},
				"rightArm": {
					"rotation": {
						"0.0": [0, 0, 0],
						"0.32": [-210, 0, 0],
						"0.64": [-50, 0, 0],
						"0.96": [0, 0, 0]
					},
					"position": {
						"0.0": [0, 0, 0],
						"0.32": [0, -1, 5],
						"0.64": [0, 0, -1.96],
						"0.96": [0, 0, 0]
					}
				},
				"leftArm": {
					"rotation": {
						"0.0": [0, 0, 0],
						"0.32": [-210, 0, 0],
						"0.64": [-50, 0, 0],
						"0.96": [0, 0, 0]
					},
					"position": {
						"0.0": [0, 0, 0],
						"0.32": [0, -1, 5],
						"0.64": [0, -0.07, -2.04],
						"0.96": [0, 0, 0]
					}
				}
			}
		},
		"animation.true_zombie.sniff": {
			"animation_length": 2.72,
			"bones": {
				"head": {
					"rotation": {
						"0.0": [0, 0, 0],
						"0.32": [-30, 0, 0],
						"0.48": [-25, 0, 0],
						"0.64": [-30, 0, 0],
						"0.8": [-25, 0, 0],
						"0.96": [-30, 0, 0],
						"1.6": [-30, 0, 0],
						"1.72": [-25, 0, 0],
						"1.88": [-30, 0, 0],
						"2.04": [-25, 0, 0],
						"2.16": [-30, 0, 0],
						"2.72": [0, 0, 0]
					}
				},
				"rightArm": {
					"rotation": {
						"0.0": [0, 0, 0],
						"1.0": [0, 0, 5],
						"2.0": [0, 0, 0]
					}
				},
				"leftArm": {
					"rotation": {
						"0.0": [0, 0, 0],
						"1.0": [0, 0, -5],
						"2.0": [0, 0, 0]
					}
				}
			}
		}
	}
}