{
	"format_version": "1.8.0",
	"animations": {
		"animation.zombie_pig.stand": {
			"loop": true,
			"animation_length": 1,
			"bones": {
				"body": {
					"position": {
						"0.0": [0, -0.5, 0],
						"0.52": [0, 0, 0],
						"1.0": [0, -0.5, 0]
					}
				}
			}
		},
		"animation.zombie_pig.walk": {
			"loop": true,
			"animation_length": 1,
			"bones": {
				"leg0": {
					"rotation": {
						"0.0": [-30, 0, 0],
						"0.52": [30, 0, 0],
						"1.0": [-30, 0, 0]
					}
				},
				"leg1": {
					"rotation": {
						"0.0": [30, 0, 0],
						"0.52": [-30, 0, 0],
						"1.0": [30, 0, 0]
					}
				},
				"leg2": {
					"rotation": {
						"0.0": [-30, 0, 0],
						"0.52": [30, 0, 0],
						"1.0": [-30, 0, 0]
					}
				},
				"leg3": {
					"rotation": {
						"0.0": [30, 0, 0],
						"0.52": [-30, 0, 0],
						"1.0": [30, 0, 0]
					}
				}
			}
		}
	}
}