{
    "format_version": "1.8.0",
    "animations": {
        "animation.baseball_bat.first_person_main_hand": {
            "loop": true,
            "bones": {
                "baseball_bat": {
                    "position": [
                       0,
                        20,
                        -2
                    ],
                    "rotation": [
                        -98,
                        -120,
                        -45
                    ],
                    "scale": 0.2
                }
            }
        },
        "animation.baseball_bat.first_person_sneaking_main_hand": {
            "loop": true,
            "bones": {
                "baseball_bat": {
                    "position": [
                       0,
                        20,
                        -2
                    ],
                    "rotation": [
                        -98,
                        -120,
                        -45
                    ],
                    "scale": 0.2
                }
            }
        },
        "animation.baseball_bat.third_person_main_hand": {
            "loop": true,
            "bones": {
                "baseball_bat": {
                    "position": [
                        0,
                        9,
                        -2
                    ],
                    "rotation": [
                        -90,
                        180,
                        0
                    ],
                    "scale": 0.2
                }
            }
        }
    }
}