{
    "format_version": "1.8.0",
    "animations": {
        "animation.crowbar.first_person_main_hand": {
            "loop": true,
            "bones": {
                "crowbar": {
                    "position": [
                       0,
                        16,
                        -2
                    ],
                    "rotation": [
                        -98,
                        -120,
                        -45
                    ],
                    "scale": 0.5
                }
            }
        },
        "animation.crowbar.first_person_sneaking_main_hand": {
            "loop": true,
            "bones": {
                "crowbar": {
                    "position": [
                       0,
                        16,
                        -2
                    ],
                    "rotation": [
                        -98,
                        -120,
                        -45
                    ],
                    "scale": 0.5
                }
            }
        },
        "animation.crowbar.third_person_main_hand": {
            "loop": true,
            "bones": {
                "crowbar": {
                    "position": [
                        0,
                        11,
                        -3.5
                    ],
                    "rotation": [
                        -90,
                        180,
                        0
                    ],
                    "scale": 0.4
                }
            }
        }
    }
}