{
   "format_version":"1.8.0",
   "animations":{
      "animation.katana.first_person_main_hand":{
         "loop":true,
         "bones":{
            "katana":{
               "position":[
                  0,
                  20,
                  -2
               ],
               "rotation":[
                  -98,
                  -120,
                  -45
               ],
               "scale":0.2
            }
         }
      },
      "animation.katana.first_person_sneaking_main_hand":{
         "loop":true,
         "bones":{
            "katana":{
               "position":[
                  0,
                  20,
                  -2
               ],
               "rotation":[
                  -98,
                  -120,
                  -45
               ],
               "scale":0.2
            }
         }
      },
      "animation.katana.third_person_main_hand":{
         "loop":true,
         "bones":{
            "katana":{
               "position":[
                  0,
                  9,
                  -5
               ],
               "rotation":[
                  -90,
                  180,
                  0
               ],
               "scale":0.2
            }
         }
      },
      "animation.katana.first_person_off_hand":{
         "loop":true,
         "bones":{
            "katana":{
               "position":[
                  0,
                  20,
                  -2
               ],
               "rotation":[
                  -98,
                  -120,
                  -45
               ],
               "scale":0.2
            }
         }
      },
      "animation.katana.first_person_sneaking_off_hand":{
         "loop":true,
         "bones":{
            "katana":{
               "position":[
                  0,
                  20,
                  -2
               ],
               "rotation":[
                  -98,
                  -120,
                  -45
               ],
               "scale":0.2
            }
         }
      },
      "animation.katana.third_person_off_hand":{
         "loop":true,
         "bones":{
            "katana":{
               "position":[
                  0,
                  9,
                  -5
               ],
               "rotation":[
                  -90,
                  180,
                  0
               ],
               "scale":0.2
            }
         }
      }
   }
}