{
    "format_version": "1.8.0",
    "animations": {
        "animation.knuckle_duster.first_person_main_hand": {
            "loop": true,
            "bones": {
                "knuckle_duster": {
                    "position": [
                        5,
                        30,
                        5
                    ],
                    "rotation": [
                        -98,
                        -120,
                        -45
                    ],
                    "scale": 0.4
                }
            }
        },
        "animation.knuckle_duster.first_person_sneaking_main_hand": {
            "loop": true,
            "bones": {
               "knuckle_duster": {
                    "position": [
                        5,
                        30,
                        5
                    ],
                    "rotation": [
                        -98,
                        -120,
                        -45
                    ],
                    "scale": 0.4
                }
            }
        },
        "animation.knuckle_duster.third_person_main_hand": {
            "loop": true,
            "bones": {
                "knuckle_duster": {
                    "position": [
                        -0.3,
                        23,
                        1.3
                    ],
                    "rotation": [
                        -90,
                        180,
                        0
                    ],
                    "scale": 0.15
                }
            }
        }
    }
}