{
    "format_version": "1.8.0",
    "animations": {
        "animation.saucepan.first_person_main_hand": {
            "loop": true,
            "bones": {
                "saucepan": {
                    "position": [
                       0,
                        13,
                        -2
                    ],
                    "rotation": [
                        -140,
                        -80,
                        -60
                    ],
                    "scale": 0.5
                }
            }
        },
        "animation.saucepan.first_person_sneaking_main_hand": {
            "loop": true,
             "bones": {
                "saucepan": {
                    "position": [
                       0,
                        13,
                        -2
                    ],
                    "rotation": [
                        -140,
                        -80,
                        -60
                    ],
                    "scale": 0.5
                }
            }
        },
        "animation.saucepan.third_person_main_hand": {
            "loop": true,
            "bones": {
                "saucepan": {
                    "position": [
                        -2,
                        8,
                        -3
                    ],
                    "rotation": [
                        -90,
                        180,
                        0
                    ],
                    "scale": 0.4
                }
            }
        }
    }
}