{
  "format_version": "1.10.0",
  "minecraft:attachable": {
    "description": {
      "identifier": "pixel:bec_de_corbin_back",
      "materials": {
        "default": "entity_alphatest",
        "enchanted": "entity_alphatest_glint"
      },
      "textures": {
        "default": "textures/entity/bec_de_corbin",
        "enchanted": "textures/misc/enchanted_item_glint"
      },
      "geometry": {
        "mainhand": "geometry.bec_de_corbin",
        "offhand": "geometry.bec_de_corbin"
      },
      "render_controllers": [ { "controller.render.weaponk": "c.item_slot == 'main_hand'" } ]
    }
  }
}
