{
  "format_version": "1.10.0",
  "minecraft:attachable": {
    "description": {
      "identifier": "pixel:iron_saber",
      "item": "iron_saber:shield",
      "materials": {
        "default": "entity_alphatest",
        "enchanted": "entity_alphatest_glint"
      },
      "textures": {
        "default": "textures/entity/iron_saber",
        "enchanted": "textures/misc/enchanted_item_glint"
      },
      "geometry": {
        "mainhand": "geometry.saber",
        "offhand": "geometry.saber"
      },
      "render_controllers": [ { "controller.render.weaponk": "c.item_slot == 'main_hand'" }]
    }
  }
}
