{
  "format_version": "1.10.0",
  "minecraft:attachable": {
    "description": {
      "identifier": "pixel:longbow",
      "materials": {
        "default": "entity_alphatest",
        "enchanted": "entity_alphatest_glint"
      },
      "textures": {
        "default": "textures/entity/longbow",
        "enchanted": "textures/misc/enchanted_item_glint"
      },
      "geometry": {
        "mainhand": "geometry.longbow"
      },
      "animations": {
        "longbow_charge": "animation.long_bow.charging_arm_item"
      },
      "scripts": {
        "animate": [
          {
            "longbow_charge": "query.is_using_item"
          }
        ]
      },
      "render_controllers": [ { "controller.render.weaponk": "c.item_slot == 'main_hand'" }]
    }
  }
}
