{
  "format_version": "1.10.0",
  "minecraft:attachable": {
    "description": {
      "identifier": "pixel:netherite_lance",
      "materials": {
        "default": "entity_alphatest",
        "enchanted": "entity_alphatest_glint"
      },
      "textures": {
        "default": "textures/entity/netherite_lance",
        "enchanted": "textures/misc/enchanted_item_glint"
      },
      "geometry": {
        "mainhand": "geometry.lance",
        "offhand": "geometry.lance"
      },
      "animations": {
        "lance_general":"animation.humanoid.lance.general"
      },
      "scripts": {
        "animate": [
          "lance_general"
        ]
      },
      "render_controllers": [ { "controller.render.weaponk": "c.item_slot == 'main_hand'" }, { "controller.render.weapon_offhandk": "c.item_slot == 'off_hand'" } ]
    }
  }
}
