{
  "format_version": "1.10.0",
  "minecraft:attachable": {
    "description": {
      "identifier": "pixel:pole_hammer",
      "materials": {
        "default": "entity_alphatest",
        "enchanted": "entity_alphatest_glint"
      },
      "textures": {
        "default": "textures/entity/pole_hammer",
        "enchanted": "textures/misc/enchanted_item_glint"
      },
      "geometry": {
        "mainhand": "geometry.pole_hammer"
      },
      "render_controllers": [ { "controller.render.weaponk": "c.item_slot == 'main_hand'" }]
    }
  }
}
