{
  "format_version": "1.10.0",
  "minecraft:attachable": {
    "description": {
      "identifier": "pixel:sword_breaker",
      "item": "pixel:sword_breaker",
      "materials": {
        "default": "entity_alphatest",
        "enchanted": "entity_alphatest_glint",
        "trail": "slime_outer"
      },
      "textures": {
        "default": "textures/entity/sword_breaker",
        "enchanted": "textures/misc/enchanted_item_glint"
      },
      "geometry": {
        "mainhand": "geometry.sword_breaker",
        "offhand": "geometry.sword_breaker"
      },
      "render_controllers": [ 
        { 
          "controller.render.weaponk": "c.item_slot == 'main_hand'" 
        }
      ]
    }
  }
}
