{
  "format_version": "1.10.0",
  "minecraft:attachable": {
    "description": {
      "identifier": "pixel:wooden_katana",
      "materials": {
        "default": "entity_alphatest",
        "enchanted": "entity_alphatest_glint"
      },
      "textures": {
        "default": "textures/entity/wooden_katana",
        "tsuba": "textures/entity/iron_katana",
        "enchanted": "textures/misc/enchanted_item_glint"
      },
      "geometry": {
        "mainhand": "geometry.katana",
        "tsuba": "geometry.normal_tsuba"
      },
      "render_controllers": [ "controller.render.weaponk", "controller.render.tsuba" ]
    }
  }
}
