{
  "format_version": "1.10.0",
  "minecraft:attachable": {
    "description": {
      "identifier": "true:water_lung.player",
      "item": {
        "true:water_lung": "query.owner_identifier == 'minecraft:player'"
      },
      "materials": {
        "default": "armor_enchanted",
        "enchanted": "armor_enchanted"
      },
      "textures": {
        "default": "textures/models/armor/water_lung",
        "enchanted": "textures/misc/enchanted_item_glint"
      },
      "geometry": {
        "default": "geometry.head"
      },
      "scripts": {
        "parent_setup": "variable.boot_layer_visible = 0.0;"
      },
      "render_controllers": [
        "controller.render.armor"
      ]
    }
  }
}