{
   "format_version":[
      1,
      1,
      0
   ],
   "true:forge_table":{
      "textures":"forge_table",
      "sound":"stone"
   },
   "true:stones":{
      "textures":"stones",
      "sound":"stone"
   },
   "true:razor_wire":{
      "textures":"razor_wire",
      "sound":"stone"
   },
   "true:sulfur_ore":{
      "textures":"sulfur_ore",
      "sound":"stone"
   },
   "true:potassium_nitrate_ore":{
      "textures":"potassium_nitrate_ore",
      "sound":"stone"
   },
   "true:pure_gunpowder_block":{
      "textures":"pure_gunpowder_block",
      "sound":"stone"
   },
   "true:red_metal_block":{
      "textures":"red_metal_block",
      "sound":"stone"
   },
   "true:rusty_metal_block":{
      "textures":"rusty_metal_block",
      "sound":"stone"
   },
   "true:rubbish_bag_black":{
      "textures":"rubbish_bag_black",
      "sound":"grass"
   },
   "true:rubbish_bag_grey":{
      "textures":"rubbish_bag_grey",
      "sound":"grass"
   },
   "true:rubbish_bag_white":{
      "textures":"rubbish_bag_white",
      "sound":"grass"
   },
   "true:rubbish_bag_green":{
      "textures":"rubbish_bag_green",
      "sound":"grass"
   },
   "true:walmart_bag":{
      "textures":"walmart_bag",
      "sound":"grass"
   },
   "true:armory_crate":{
      "textures":"armory_crate",
      "sound":"wood"
   }
}