{
  "format_version": "1.10.0",
  "minecraft:attachable": {
    "description": {
      "identifier": "pixel:iron_katana_wakizashi",
      "materials": {
        "default": "entity_alphatest",
        "enchanted": "entity_alphatest_glint"
      },
      "textures": {
        "default": "textures/entity/iron_katana_wakizashi",
        "tsuba": "textures/entity/iron_katana",
        "enchanted": "textures/misc/enchanted_item_glint"
      },
      "geometry": {
        "mainhand": "geometry.katana_wakizashi_player",
        "offhand": "geometry.katana_wakizashi_off_hand",
        "tsuba": "geometry.normal_tsuba"
      },
      "render_controllers": [ 
        {
          "controller.render.weaponk":"c.item_slot == 'main_hand'"
        },
        {
          "controller.render.weapon_offhandk":"c.item_slot == 'off_hand'"
        },
      "controller.render.tsuba" ]
    }
  }
}
