{
  "format_version": "1.10.0",
  "minecraft:attachable": {
    "description": {
      "identifier": "pixel:iron_odachi_rndtsb",
      "materials": {
        "default": "entity_alphatest",
        "enchanted": "entity_alphatest_glint"
      },
      "textures": {
        "default": "textures/entity/odachi",
        "tsuba": "textures/entity/katana/tsuba/maru_gata",
        "enchanted": "textures/misc/enchanted_item_glint"
      },
      "geometry": {
        "mainhand": "geometry.odachi",
        "tsuba": "geometry.tsuba_maru_gata"
      },
      "render_controllers": [ "controller.render.weaponk", "controller.render.tsuba" ]
    }
  }
}
