{
	"format_version": "1.8.0",
	"animations": {
		"animation.true_human.stand": {
			"loop": true,
			"animation_length": 1,
			"bones": {
				"rightArm": {
					"rotation": {
						"0.0": [0, 0, 5],
						"0.52": [0, 0, 0],
						"1.0": [0, 0, 5]
					}
				},
				"leftArm": {
					"rotation": {
						"0.0": [0, 0, -5],
						"0.52": [0, 0, 0],
						"1.0": [0, 0, -5]
					}
				}
			}
		},
		"animation.true_human.walk": {
			"loop": true,
			"animation_length": 1,
			"bones": {
				"true_human": {
					"position": {
						"0.0": [0, 0, 0],
						"0.24": [0, 1, 0],
						"0.52": [0, 0, 0],
						"0.76": [0, 1, 0],
						"1.0": [0, 0, 0]
					}
				},
				"rightArm": {
					"rotation": {
						"0.0": [0, 0, 0],
						"0.24": [40, 0, 0],
						"0.52": [0, 0, 0],
						"0.76": [-40, 0, 0],
						"1.0": [0, 0, 0]
					}
				},
				"leftArm": {
					"rotation": {
						"0.0": [0, 0, 0],
						"0.24": [-40, 0, 0],
						"0.52": [0, 0, 0],
						"0.76": [40, 0, 0],
						"1.0": [0, 0, 0]
					}
				},
				"rightLeg": {
					"rotation": {
						"0.0": [0, 0, 0],
						"0.24": [-40, 0, 0],
						"0.52": [0, 0, 0],
						"0.76": [40, 0, 0],
						"1.0": [0, 0, 0]
					}
				},
				"leftLeg": {
					"rotation": {
						"0.0": [0, 0, 0],
						"0.24": [40, 0, 0],
						"0.52": [0, 0, 0],
						"0.76": [-40, 0, 0],
						"1.0": [0, 0, 0]
					}
				}
			}
		},
		"animation.true_human.attack": {
			"animation_length": 0.8,
			"bones": {
				"rightArm": {
					"rotation": {
						"0.0": [0, 0, 0],
						"0.2": [15, 0, 0],
						"0.4": [-58.89246, -15.10736, -8.93759],
						"0.6": [15, 0, 0],
						"0.8": [0, 0, 0]
					}
				}
			}
		}
	}
}