{
   "format_version":"1.10.0",
   "minecraft:client_entity":{
      "description":{
         "identifier":"true:true_zombie_wolf_corpse",
         "materials":{
            "default":"entity_emissive_alpha"
         },
         "textures":{
            "default":"textures/entity/zombies/wolf/zombie_wolf",
            "rotting":"textures/entity/zombies/wolf/zombie_wolf_rotting",
            "skeleton":"textures/entity/zombies/wolf/skeleton"
         },
         "geometry":{
            "default":"geometry.true_zombie_wolf"
         },
         "animations":{
            "stand":"animation.zombie_wolf_corpse.stand",
            "dead_zombie_controller":"controller.animation.dead_zombie"
         },
         "scripts":{
            "animate":[
               "dead_zombie_controller"
            ]
         },
         "render_controllers":[
            "controller.render.true_zombie_corpse"
         ]
      }
   }
}