{
   "format_version":"1.10.0",
   "minecraft:client_entity":{
      "description":{
         "identifier":"true:cured_human",
         "materials":{
            "default":"entity_emissive_alpha"
         },
         "textures":{
            "default":"textures/entity/cured/default",
            "police_officer":"textures/entity/cured/police_officer",
            "book_keeper":"textures/entity/cured/book_keeper",
            "explorer":"textures/entity/cured/explorer",
            "blacksmith":"textures/entity/cured/blacksmith",
            "farmer":"textures/entity/cured/farmer",
            "horse_handler":"textures/entity/cured/horse_handler",
            "civilian_1":"textures/entity/cured/civilian_1",
            "civilian_2":"textures/entity/cured/civilian_2",
            "scientist":"textures/entity/cured/scientist"
         },
         "geometry":{
            "default":"geometry.generic_humanoid"
         },
         "animations":{
            "look_at_target":"animation.common.look_at_target",
            "stand":"animation.generic_humanoid.stand",
            "walk":"animation.generic_humanoid.walk",
            "attack":"animation.generic_humanoid.attack",
            "true_zombie_controller":"controller.animation.true_zombie"
         },
         "scripts":{
            "animate":[
               "true_zombie_controller"
            ]
         },
         "render_controllers":[
            "controller.render.cured_human"
         ],
         "enable_attachables":true
      }
   }
}